failed_attempt_count,unique_ports_accessed,request_frequency,sql_flag,time_gap,label
1.0,1.0,1.0,0,0.0,0
0.0,1.0,1.0,0,34419.0,0
0.0,1.0,1.0,0,631.0,0
0.0,1.0,1.0,0,28266.0,0
0.0,1.0,1.0,0,39465.0,0
0.0,1.0,1.0,0,94504.0,0
0.0,1.0,1.0,0,41353.0,0
0.0,2.0,1.0,0,89.0,0
0.0,1.0,1.0,0,23589.0,0
0.0,1.0,1.0,0,24128.0,0
0.0,1.0,1.0,0,25843.0,0
0.0,1.0,1.0,0,9517.0,0
0.0,1.0,1.0,0,1516.0,0
0.0,1.0,1.0,0,4308.0,0
1.0,1.0,1.0,0,1700.0,0
0.0,1.0,1.0,0,37506.0,0
0.0,1.0,1.0,0,15349.0,0
1.0,1.0,1.0,0,60945.0,0
0.0,1.0,1.0,0,12678.0,0
0.0,1.0,1.0,0,29668.0,0
0.0,1.0,1.0,0,2139.0,0
0.0,1.0,1.0,0,13913.0,0
0.0,1.0,1.0,0,98237.0,0
0.0,1.0,1.0,0,18689.0,0
0.0,1.0,1.0,0,98816.0,0
0.0,1.0,1.0,0,60598.0,0
0.0,1.0,1.0,0,15173.0,0
0.0,1.0,1.0,0,62381.0,0
0.0,1.0,1.0,0,142888.0,0
0.0,1.0,1.0,0,38078.0,0
0.0,1.0,1.0,0,3802.0,0
0.0,1.0,1.0,0,3987.0,0
0.0,1.0,1.0,0,46771.0,0
0.0,1.0,1.0,0,22446.0,0
0.0,1.0,1.0,0,42838.0,0
0.0,1.0,1.0,0,26114.0,0
0.0,1.0,1.0,0,26070.0,0
0.0,1.0,1.0,0,2934.0,0
0.0,1.0,1.0,0,16334.0,0
0.0,1.0,1.0,0,10199.0,0
0.0,1.0,1.0,0,35221.0,0
0.0,1.0,1.0,0,64728.0,0
0.0,1.0,1.0,0,32513.0,0
0.0,1.0,1.0,0,50234.0,0
0.0,1.0,1.0,0,23327.0,0
0.0,1.0,1.0,0,10963.0,0
1.0,1.0,1.0,0,63285.0,0
0.0,1.0,1.0,0,21306.0,0
0.0,1.0,1.0,0,21351.0,0
0.0,1.0,1.0,0,166621.0,0
0.0,1.0,1.0,0,13509.0,0
0.0,1.0,1.0,0,20973.0,0
1.0,1.0,1.0,0,2068.0,0
0.0,1.0,1.0,0,26923.0,0
0.0,1.0,1.0,0,516.0,0
0.0,1.0,1.0,0,13288.0,0
0.0,1.0,1.0,0,5082.0,0
0.0,1.0,1.0,0,7674.0,0
1.0,1.0,1.0,0,8389.0,0
0.0,1.0,1.0,0,137814.0,1
0.0,1.0,1.0,0,79864.0,1
0.0,1.0,1.0,0,26956.0,1
0.0,1.0,1.0,0,61904.0,1
0.0,1.0,1.0,0,22598.0,1
0.0,1.0,1.0,0,39617.0,1
0.0,1.0,1.0,0,18543.0,1
0.0,1.0,1.0,0,1917.0,1
0.0,1.0,1.0,0,34596.0,1
0.0,1.0,1.0,0,5058.0,1
0.0,1.0,1.0,0,40317.0,1
0.0,1.0,1.0,0,81601.0,1
0.0,1.0,1.0,0,4782.0,1
0.0,1.0,1.0,0,0.0,0
0.0,1.0,1.0,0,7111.0,0
0.0,1.0,1.0,0,26289.0,0
0.0,1.0,1.0,0,78609.0,0
0.0,1.0,1.0,0,603.0,0
0.0,1.0,1.0,0,41981.0,0
0.0,1.0,1.0,0,20957.0,0
0.0,1.0,1.0,0,83842.0,0
0.0,1.0,1.0,0,65784.0,0
0.0,1.0,1.0,0,41140.0,0
0.0,1.0,1.0,0,2978.0,0
0.0,1.0,1.0,0,4528.0,0
0.0,1.0,1.0,0,117183.0,0
0.0,1.0,1.0,0,12173.0,0
0.0,1.0,1.0,0,6190.0,0
0.0,1.0,1.0,0,19717.0,0
0.0,1.0,1.0,0,20068.0,0
0.0,1.0,1.0,0,6936.0,0
0.0,1.0,1.0,0,54063.0,0
0.0,1.0,1.0,0,22078.0,0
0.0,1.0,1.0,0,61864.0,0
0.0,1.0,1.0,0,11996.0,0
0.0,1.0,1.0,0,23128.0,0
0.0,1.0,1.0,0,5635.0,0
0.0,1.0,1.0,0,71180.0,0
0.0,1.0,1.0,0,13510.0,0
0.0,1.0,1.0,0,7051.0,0
0.0,1.0,1.0,0,27053.0,0
0.0,1.0,1.0,0,31967.0,0
0.0,1.0,1.0,0,137043.0,0
1.0,1.0,1.0,0,129057.0,0
0.0,1.0,1.0,0,61257.0,0
0.0,1.0,1.0,0,52770.0,0
0.0,1.0,1.0,0,40672.0,0
0.0,1.0,1.0,0,36559.0,0
0.0,1.0,1.0,0,3549.0,0
0.0,1.0,1.0,0,39616.0,0
0.0,1.0,1.0,0,1550.0,0
0.0,1.0,1.0,0,16078.0,0
0.0,1.0,1.0,0,169699.0,0
1.0,1.0,1.0,0,23787.0,0
0.0,1.0,1.0,0,4350.0,0
0.0,1.0,1.0,0,5389.0,0
0.0,1.0,1.0,0,27087.0,0
0.0,1.0,1.0,0,29726.0,0
0.0,1.0,1.0,0,166563.0,0
0.0,1.0,1.0,0,22880.0,0
0.0,1.0,1.0,0,34415.0,1
0.0,1.0,1.0,0,7826.0,1
1.0,1.0,1.0,0,42200.0,1
0.0,1.0,1.0,0,17219.0,1
0.0,1.0,1.0,0,165125.0,1
0.0,1.0,1.0,0,22316.0,1
0.0,1.0,1.0,0,58811.0,1
0.0,1.0,1.0,0,53523.0,1
0.0,1.0,1.0,0,22606.0,1
0.0,1.0,1.0,0,43951.0,1
0.0,1.0,1.0,0,99645.0,1
0.0,1.0,1.0,0,0.0,0
1.0,1.0,1.0,0,21101.0,0
1.0,1.0,1.0,0,67920.0,0
0.0,1.0,1.0,0,17126.0,0
0.0,1.0,1.0,0,46601.0,0
0.0,1.0,1.0,0,23196.0,0
0.0,1.0,1.0,0,8701.0,0
1.0,1.0,1.0,0,21319.0,0
0.0,1.0,1.0,0,27766.0,0
0.0,1.0,1.0,0,1034.0,0
1.0,1.0,1.0,0,32578.0,0
0.0,1.0,1.0,0,35427.0,0
0.0,1.0,1.0,0,1288.0,0
0.0,1.0,1.0,0,1488.0,0
0.0,1.0,1.0,0,29778.0,0
0.0,1.0,1.0,0,27751.0,0
0.0,1.0,1.0,0,78183.0,0
0.0,1.0,1.0,0,24200.0,0
0.0,1.0,1.0,0,61055.0,0
0.0,1.0,1.0,0,26382.0,0
0.0,1.0,1.0,0,18380.0,0
0.0,1.0,1.0,0,13709.0,0
0.0,1.0,1.0,0,36804.0,0
0.0,1.0,1.0,0,6786.0,0
1.0,1.0,1.0,0,6190.0,0
0.0,1.0,1.0,0,5744.0,0
0.0,1.0,1.0,0,92639.0,0
0.0,1.0,1.0,0,32927.0,0
0.0,1.0,1.0,0,48410.0,0
0.0,1.0,1.0,0,17347.0,0
0.0,1.0,1.0,0,34499.0,0
1.0,1.0,1.0,0,41395.0,0
0.0,1.0,1.0,0,17250.0,0
0.0,1.0,1.0,0,39223.0,0
0.0,1.0,1.0,0,105973.0,0
1.0,1.0,1.0,0,12895.0,0
0.0,1.0,1.0,0,68046.0,0
0.0,1.0,1.0,0,14468.0,0
0.0,1.0,1.0,0,45971.0,0
0.0,1.0,1.0,0,6094.0,0
0.0,1.0,1.0,0,439.0,0
0.0,1.0,1.0,0,30361.0,0
0.0,1.0,1.0,0,36408.0,0
0.0,1.0,1.0,0,10021.0,0
0.0,1.0,1.0,0,20330.0,0
0.0,1.0,1.0,0,64460.0,0
0.0,1.0,1.0,0,9788.0,0
0.0,1.0,1.0,0,3185.0,0
0.0,1.0,1.0,0,1349.0,0
0.0,1.0,1.0,0,22999.0,0
0.0,1.0,1.0,0,26675.0,0
0.0,1.0,1.0,0,5506.0,0
0.0,1.0,1.0,0,13490.0,0
0.0,1.0,1.0,0,17259.0,0
0.0,1.0,1.0,0,36949.0,0
0.0,1.0,1.0,0,520.0,0
0.0,1.0,1.0,0,3017.0,0
0.0,1.0,1.0,0,46886.0,0
0.0,1.0,1.0,0,58615.0,0
0.0,1.0,1.0,0,2512.0,0
0.0,1.0,1.0,0,21686.0,0
0.0,1.0,1.0,0,53041.0,0
0.0,1.0,1.0,0,16967.0,0
0.0,1.0,1.0,0,51848.0,0
0.0,1.0,1.0,0,3488.0,0
0.0,1.0,1.0,0,563.0,0
1.0,1.0,1.0,0,30249.0,0
0.0,1.0,1.0,0,47023.0,0
0.0,1.0,1.0,0,50315.0,0
0.0,1.0,1.0,0,2461.0,0
0.0,1.0,1.0,0,43340.0,0
0.0,1.0,1.0,0,2316.0,0
0.0,1.0,1.0,0,52606.0,0
0.0,1.0,1.0,0,37905.0,0
0.0,1.0,1.0,0,27220.0,0
0.0,1.0,1.0,0,59509.0,0
0.0,1.0,1.0,0,50374.0,0
0.0,1.0,1.0,0,74429.0,0
0.0,1.0,1.0,0,1981.0,0
0.0,2.0,1.0,0,134.0,0
0.0,1.0,1.0,0,14277.0,0
0.0,1.0,1.0,0,27199.0,0
0.0,1.0,1.0,0,1299.0,0
0.0,1.0,1.0,0,8519.0,0
0.0,1.0,1.0,0,8348.0,0
0.0,1.0,1.0,0,34595.0,0
0.0,1.0,1.0,0,26690.0,1
0.0,1.0,1.0,0,59682.0,1
0.0,1.0,1.0,0,57192.0,1
0.0,1.0,1.0,0,28460.0,1
0.0,1.0,1.0,0,9111.0,1
0.0,1.0,1.0,0,0.0,0
0.0,1.0,1.0,0,25607.0,0
0.0,1.0,1.0,0,27164.0,0
0.0,1.0,1.0,0,117176.0,0
0.0,1.0,1.0,0,23757.0,0
0.0,1.0,1.0,0,40955.0,0
0.0,1.0,1.0,0,26759.0,0
0.0,1.0,1.0,0,48126.0,0
0.0,1.0,1.0,0,24370.0,0
0.0,1.0,1.0,0,15544.0,0
1.0,1.0,1.0,0,14400.0,0
0.0,1.0,1.0,0,5441.0,0
0.0,1.0,1.0,0,25245.0,0
0.0,1.0,1.0,0,67009.0,0
0.0,1.0,1.0,0,7145.0,0
0.0,1.0,1.0,0,854.0,0
0.0,1.0,1.0,0,735.0,0
0.0,1.0,1.0,0,424.0,0
0.0,1.0,1.0,0,474.0,0
0.0,1.0,1.0,0,775.0,0
0.0,1.0,1.0,0,576.0,0
0.0,1.0,1.0,0,683.0,0
0.0,1.0,1.0,0,598.0,0
0.0,1.0,1.0,0,75632.0,0
0.0,1.0,1.0,0,32977.0,0
0.0,1.0,1.0,0,17043.0,0
0.0,1.0,1.0,0,36409.0,0
0.0,1.0,1.0,0,30802.0,0
0.0,1.0,1.0,0,6780.0,0
0.0,1.0,1.0,0,52271.0,0
0.0,1.0,1.0,0,5525.0,0
0.0,1.0,1.0,0,20721.0,0
0.0,1.0,1.0,0,3908.0,0
0.0,1.0,1.0,0,39912.0,0
0.0,1.0,1.0,0,32219.0,0
0.0,1.0,1.0,0,87192.0,0
0.0,1.0,1.0,0,19568.0,0
0.0,1.0,1.0,0,30103.0,0
0.0,1.0,1.0,0,22781.0,0
0.0,1.0,1.0,0,1314.0,0
0.0,1.0,1.0,0,39280.0,0
0.0,1.0,1.0,0,43473.0,0
0.0,1.0,1.0,0,6135.0,0
0.0,1.0,1.0,0,17046.0,0
0.0,1.0,1.0,0,46730.0,0
0.0,1.0,1.0,0,93706.0,0
0.0,1.0,1.0,0,81867.0,0
0.0,1.0,1.0,0,12429.0,0
0.0,2.0,1.0,0,63.0,0
1.0,1.0,1.0,0,66223.0,0
0.0,1.0,1.0,0,7902.0,0
1.0,1.0,1.0,0,42621.0,0
0.0,1.0,1.0,0,12692.0,0
0.0,1.0,1.0,0,110759.0,0
0.0,1.0,1.0,0,17498.0,0
0.0,1.0,1.0,0,15637.0,0
0.0,1.0,1.0,0,41111.0,0
0.0,1.0,1.0,0,51705.0,0
0.0,1.0,1.0,0,3567.0,0
0.0,1.0,1.0,0,12336.0,0
0.0,1.0,1.0,0,22125.0,0
0.0,1.0,1.0,0,22661.0,0
0.0,1.0,1.0,0,2966.0,0
0.0,1.0,1.0,0,5220.0,0
0.0,1.0,1.0,0,10799.0,0
0.0,1.0,1.0,0,53429.0,0
0.0,2.0,2.0,0,57.0,0
0.0,1.0,1.0,0,36026.0,0
0.0,1.0,1.0,0,52776.0,0
0.0,1.0,1.0,0,38797.0,0
0.0,1.0,1.0,0,15084.0,0
0.0,1.0,1.0,0,35664.0,0
0.0,1.0,1.0,0,36754.0,0
1.0,1.0,1.0,0,54561.0,0
0.0,1.0,1.0,0,58817.0,0
0.0,1.0,1.0,0,30653.0,0
0.0,1.0,1.0,0,1281.0,0
0.0,1.0,1.0,0,565.0,0
1.0,1.0,1.0,0,14796.0,0
0.0,1.0,1.0,0,15084.0,0
0.0,1.0,1.0,0,23825.0,0
0.0,1.0,1.0,0,30686.0,0
0.0,1.0,1.0,0,31136.0,0
0.0,1.0,1.0,0,39043.0,1
0.0,1.0,1.0,0,6082.0,1
0.0,1.0,1.0,0,5149.0,1
0.0,1.0,1.0,0,16899.0,1
0.0,1.0,1.0,0,8464.0,1
0.0,1.0,1.0,0,45987.0,1
0.0,1.0,1.0,0,19429.0,1
0.0,1.0,1.0,0,557.0,1
1.0,1.0,1.0,0,10003.0,1
1.0,1.0,1.0,0,27737.0,1
0.0,1.0,1.0,0,43698.0,1
0.0,1.0,1.0,0,4668.0,1
0.0,1.0,1.0,0,630.0,1
0.0,1.0,1.0,0,26585.0,1
0.0,1.0,1.0,0,0.0,0
0.0,1.0,1.0,0,9226.0,0
0.0,1.0,1.0,0,103291.0,0
0.0,1.0,1.0,0,9529.0,0
0.0,1.0,1.0,0,74271.0,0
0.0,1.0,1.0,0,69097.0,0
0.0,1.0,1.0,0,47780.0,0
0.0,1.0,1.0,0,28077.0,0
0.0,1.0,1.0,0,6180.0,0
0.0,1.0,1.0,0,21994.0,0
0.0,1.0,1.0,0,17677.0,0
1.0,1.0,1.0,0,3945.0,0
0.0,1.0,1.0,0,13910.0,0
0.0,1.0,1.0,0,93163.0,0
1.0,1.0,1.0,0,1335.0,0
0.0,1.0,1.0,0,137527.0,0
0.0,1.0,1.0,0,23120.0,0
0.0,1.0,1.0,0,2749.0,0
0.0,1.0,1.0,0,4373.0,0
0.0,1.0,1.0,0,40077.0,0
0.0,1.0,1.0,0,101589.0,0
0.0,1.0,1.0,0,15604.0,0
0.0,2.0,2.0,0,12.0,0
0.0,1.0,1.0,0,34119.0,0
0.0,1.0,1.0,0,3431.0,0
0.0,1.0,1.0,0,49128.0,0
0.0,1.0,1.0,0,7711.0,0
0.0,1.0,1.0,0,4029.0,0
0.0,1.0,1.0,0,99021.0,0
1.0,1.0,1.0,0,43456.0,0
0.0,1.0,1.0,0,25542.0,0
0.0,1.0,1.0,0,1411.0,0
0.0,1.0,1.0,0,54276.0,0
0.0,1.0,1.0,0,22355.0,0
0.0,1.0,1.0,0,22996.0,0
0.0,1.0,1.0,0,3937.0,0
0.0,1.0,1.0,0,42507.0,0
1.0,1.0,1.0,0,4023.0,0
0.0,1.0,1.0,0,47480.0,0
0.0,1.0,1.0,0,17850.0,0
0.0,1.0,1.0,0,54023.0,0
0.0,1.0,1.0,0,29403.0,0
0.0,1.0,1.0,0,50787.0,0
0.0,1.0,1.0,0,6315.0,0
1.0,1.0,1.0,0,96649.0,0
0.0,1.0,1.0,0,32465.0,0
0.0,1.0,1.0,0,2233.0,0
0.0,1.0,1.0,0,12964.0,0
0.0,1.0,1.0,0,24998.0,0
0.0,1.0,1.0,0,3116.0,0
0.0,1.0,1.0,0,38189.0,0
0.0,1.0,1.0,0,10005.0,0
0.0,1.0,1.0,0,17848.0,0
0.0,1.0,1.0,0,6749.0,0
0.0,1.0,1.0,0,58782.0,0
0.0,1.0,1.0,0,34327.0,0
0.0,1.0,1.0,0,13691.0,0
0.0,1.0,1.0,0,2846.0,0
0.0,1.0,1.0,0,38289.0,0
0.0,1.0,1.0,0,9163.0,0
0.0,1.0,1.0,0,62038.0,0
0.0,1.0,1.0,0,36612.0,0
0.0,1.0,1.0,0,53284.0,0
0.0,1.0,1.0,0,24178.0,0
0.0,1.0,1.0,0,29598.0,0
0.0,1.0,1.0,0,123468.0,0
0.0,1.0,1.0,0,119737.0,0
0.0,1.0,1.0,0,19713.0,0
0.0,1.0,1.0,0,70137.0,0
0.0,1.0,1.0,0,48257.0,0
0.0,1.0,1.0,0,42781.0,1
0.0,1.0,1.0,0,6497.0,1
0.0,1.0,1.0,0,86794.0,1
0.0,1.0,1.0,0,0.0,0
0.0,1.0,1.0,0,21461.0,0
0.0,1.0,1.0,0,2948.0,0
0.0,1.0,1.0,0,17268.0,0
0.0,1.0,1.0,0,2781.0,0
0.0,1.0,1.0,0,1163.0,0
1.0,1.0,1.0,0,55286.0,0
1.0,1.0,1.0,0,72325.0,0
0.0,1.0,1.0,0,10741.0,0
0.0,1.0,1.0,0,3473.0,0
0.0,1.0,1.0,0,20520.0,0
0.0,1.0,1.0,0,20229.0,0
0.0,1.0,1.0,0,52461.0,0
0.0,1.0,1.0,0,3094.0,0
0.0,1.0,1.0,0,44898.0,0
0.0,1.0,1.0,0,32619.0,0
0.0,1.0,1.0,0,10605.0,0
0.0,1.0,1.0,0,45646.0,0
0.0,1.0,1.0,0,8821.0,0
0.0,1.0,1.0,0,27292.0,0
0.0,1.0,1.0,0,4392.0,0
0.0,1.0,1.0,0,66259.0,0
0.0,1.0,1.0,0,17461.0,0
0.0,1.0,1.0,0,2271.0,0
0.0,1.0,1.0,0,12900.0,0
0.0,1.0,1.0,0,18571.0,0
0.0,1.0,1.0,0,22196.0,0
0.0,1.0,1.0,0,16754.0,0
0.0,1.0,1.0,0,108937.0,0
0.0,1.0,1.0,0,599.0,0
0.0,1.0,1.0,0,2883.0,0
0.0,1.0,1.0,0,10418.0,0
0.0,1.0,1.0,0,9694.0,0
0.0,1.0,1.0,0,18838.0,0
0.0,1.0,1.0,0,48346.0,0
0.0,1.0,1.0,0,63317.0,0
0.0,1.0,1.0,0,37143.0,0
0.0,1.0,1.0,0,998.0,0
0.0,1.0,1.0,0,55659.0,0
0.0,1.0,1.0,0,70073.0,0
0.0,1.0,1.0,0,7792.0,0
0.0,1.0,1.0,0,94502.0,0
0.0,1.0,1.0,0,960.0,0
0.0,1.0,1.0,0,15691.0,0
0.0,1.0,1.0,0,18927.0,0
0.0,1.0,1.0,0,38745.0,0
0.0,1.0,1.0,0,47661.0,0
0.0,1.0,1.0,0,6312.0,0
0.0,1.0,1.0,0,11148.0,0
0.0,1.0,1.0,0,48438.0,0
0.0,1.0,1.0,0,3758.0,0
0.0,1.0,1.0,0,11047.0,0
1.0,1.0,1.0,0,6318.0,0
0.0,1.0,1.0,0,36111.0,0
0.0,1.0,1.0,0,7581.0,0
0.0,1.0,1.0,0,7081.0,0
0.0,1.0,1.0,0,7468.0,0
0.0,1.0,1.0,0,97438.0,0
0.0,1.0,1.0,0,116410.0,0
1.0,1.0,1.0,0,3058.0,0
0.0,1.0,1.0,0,59009.0,0
0.0,1.0,1.0,0,24272.0,0
0.0,1.0,1.0,0,27627.0,0
0.0,1.0,1.0,0,3671.0,0
1.0,1.0,1.0,0,193989.0,0
0.0,1.0,1.0,0,65363.0,0
0.0,1.0,1.0,0,6550.0,0
0.0,1.0,1.0,0,41213.0,0
0.0,1.0,1.0,0,13530.0,0
0.0,1.0,1.0,0,7466.0,0
0.0,1.0,1.0,0,4959.0,0
0.0,1.0,1.0,0,40570.0,1
0.0,1.0,1.0,0,104686.0,1
0.0,1.0,1.0,0,10511.0,1
0.0,1.0,1.0,0,29898.0,1
0.0,1.0,1.0,0,15183.0,1
0.0,1.0,1.0,0,29949.0,1
0.0,1.0,1.0,0,2658.0,1
0.0,1.0,1.0,0,5584.0,1
0.0,1.0,1.0,0,62244.0,1
0.0,1.0,1.0,0,4002.0,1
0.0,1.0,1.0,0,106630.0,1
0.0,1.0,1.0,0,29711.0,1
0.0,1.0,1.0,0,18197.0,1
0.0,1.0,1.0,0,26949.0,1
0.0,1.0,1.0,0,21326.0,1
0.0,1.0,1.0,0,0.0,0
0.0,1.0,1.0,0,3457.0,0
0.0,1.0,1.0,0,59530.0,0
0.0,1.0,1.0,0,3742.0,0
0.0,1.0,1.0,0,50174.0,0
0.0,1.0,1.0,0,24821.0,0
0.0,1.0,1.0,0,33630.0,0
1.0,1.0,1.0,0,34395.0,0
0.0,1.0,1.0,0,9469.0,0
0.0,1.0,1.0,0,22193.0,0
0.0,1.0,1.0,0,8789.0,0
0.0,1.0,1.0,0,66510.0,0
0.0,1.0,1.0,0,332.0,0
0.0,1.0,1.0,0,5488.0,0
0.0,1.0,1.0,0,159028.0,0
0.0,1.0,1.0,0,23966.0,0
0.0,1.0,1.0,0,26033.0,0
0.0,1.0,1.0,0,6014.0,0
0.0,1.0,1.0,0,32556.0,0
0.0,1.0,1.0,0,43789.0,0
0.0,1.0,1.0,0,20192.0,0
0.0,1.0,1.0,0,25597.0,0
0.0,1.0,1.0,0,36680.0,0
0.0,1.0,1.0,0,36842.0,0
0.0,1.0,1.0,0,7937.0,0
0.0,1.0,1.0,0,51261.0,0
0.0,1.0,1.0,0,35566.0,0
0.0,1.0,1.0,0,1295.0,0
0.0,1.0,1.0,0,5899.0,0
1.0,1.0,1.0,0,4137.0,0
0.0,1.0,1.0,0,71367.0,0
0.0,1.0,1.0,0,119579.0,0
0.0,1.0,1.0,0,20640.0,0
0.0,1.0,1.0,0,24863.0,0
0.0,1.0,1.0,0,31443.0,0
0.0,1.0,1.0,0,34391.0,0
0.0,1.0,1.0,0,33168.0,0
0.0,1.0,1.0,0,11917.0,0
0.0,1.0,1.0,0,32562.0,0
0.0,1.0,1.0,0,80657.0,0
0.0,1.0,1.0,0,23815.0,0
0.0,1.0,1.0,0,74958.0,0
0.0,1.0,1.0,0,127720.0,0
0.0,1.0,1.0,0,8514.0,0
0.0,1.0,1.0,0,9760.0,0
0.0,1.0,1.0,0,26367.0,0
0.0,1.0,1.0,0,46926.0,0
0.0,1.0,1.0,0,17419.0,0
0.0,1.0,1.0,0,27169.0,0
0.0,1.0,1.0,0,47516.0,0
0.0,1.0,1.0,0,33706.0,0
0.0,1.0,1.0,0,16001.0,0
0.0,1.0,1.0,0,31088.0,0
0.0,1.0,1.0,0,53529.0,0
0.0,1.0,1.0,0,6905.0,0
0.0,1.0,1.0,0,18898.0,0
0.0,1.0,1.0,0,51066.0,0
0.0,1.0,1.0,0,6213.0,0
0.0,1.0,1.0,0,135789.0,0
0.0,1.0,1.0,0,41595.0,0
0.0,1.0,1.0,0,69424.0,0
0.0,1.0,1.0,0,43861.0,0
0.0,1.0,1.0,0,9046.0,0
0.0,1.0,1.0,0,9950.0,0
0.0,1.0,1.0,0,18142.0,0
0.0,1.0,1.0,0,5112.0,0
0.0,1.0,1.0,0,27188.0,1
0.0,1.0,1.0,0,14012.0,1
0.0,1.0,1.0,0,40228.0,1
0.0,1.0,1.0,0,40254.0,1
0.0,1.0,1.0,0,8248.0,1
0.0,1.0,1.0,0,17755.0,1
0.0,1.0,1.0,0,35704.0,1
1.0,1.0,1.0,0,8392.0,1
0.0,1.0,1.0,0,96290.0,1
0.0,1.0,1.0,0,0.0,0
0.0,1.0,1.0,0,11216.0,0
0.0,1.0,1.0,0,42019.0,0
0.0,1.0,1.0,0,79263.0,0
0.0,1.0,1.0,0,85113.0,0
0.0,1.0,1.0,0,15368.0,0
0.0,1.0,1.0,0,7200.0,0
0.0,1.0,1.0,0,28521.0,0
0.0,1.0,1.0,0,4452.0,0
0.0,1.0,1.0,0,2170.0,0
0.0,1.0,1.0,0,14813.0,0
0.0,1.0,1.0,0,3594.0,0
0.0,1.0,1.0,0,18142.0,0
0.0,1.0,1.0,0,18119.0,0
1.0,1.0,1.0,0,61266.0,0
0.0,1.0,1.0,0,9991.0,0
0.0,1.0,1.0,0,6092.0,0
0.0,1.0,1.0,0,32265.0,0
0.0,1.0,1.0,0,12413.0,0
0.0,1.0,1.0,0,17193.0,0
0.0,1.0,1.0,0,3579.0,0
0.0,1.0,1.0,0,35958.0,0
0.0,1.0,1.0,0,60559.0,0
0.0,1.0,1.0,0,5158.0,0
1.0,1.0,1.0,0,26861.0,0
0.0,1.0,1.0,0,51899.0,0
0.0,1.0,1.0,0,45951.0,0
1.0,1.0,1.0,0,33662.0,0
0.0,1.0,1.0,0,4094.0,0
0.0,1.0,1.0,0,38296.0,0
0.0,1.0,1.0,0,14052.0,0
0.0,1.0,1.0,0,18975.0,0
0.0,1.0,1.0,0,32598.0,0
0.0,1.0,1.0,0,64962.0,0
0.0,1.0,1.0,0,19990.0,0
0.0,1.0,1.0,0,44000.0,0
0.0,1.0,1.0,0,83709.0,0
0.0,1.0,1.0,0,48957.0,0
0.0,1.0,1.0,0,20130.0,0
0.0,1.0,1.0,0,21089.0,0
0.0,1.0,1.0,0,77148.0,0
0.0,1.0,1.0,0,49733.0,0
0.0,1.0,1.0,0,16144.0,0
0.0,1.0,1.0,0,35411.0,0
1.0,1.0,1.0,0,36530.0,0
0.0,1.0,1.0,0,155714.0,0
0.0,1.0,1.0,0,73527.0,0
0.0,1.0,1.0,0,36772.0,0
1.0,1.0,1.0,0,76695.0,0
0.0,1.0,1.0,0,12507.0,0
0.0,1.0,1.0,0,88407.0,0
0.0,1.0,1.0,0,31653.0,0
0.0,1.0,1.0,0,32098.0,0
0.0,1.0,1.0,0,12268.0,0
0.0,1.0,1.0,0,8293.0,0
0.0,1.0,1.0,0,41307.0,0
0.0,1.0,1.0,0,39399.0,0
0.0,1.0,1.0,0,120384.0,0
0.0,1.0,1.0,0,18658.0,0
0.0,1.0,1.0,0,41597.0,0
1.0,1.0,1.0,0,20387.0,0
0.0,1.0,1.0,0,18482.0,0
0.0,1.0,1.0,0,39649.0,0
0.0,1.0,1.0,0,114439.0,0
0.0,1.0,1.0,0,75327.0,0
0.0,1.0,1.0,0,25791.0,0
0.0,1.0,1.0,0,636.0,0
0.0,1.0,1.0,0,28720.0,0
0.0,1.0,1.0,0,18532.0,0
0.0,1.0,1.0,0,1109.0,0
0.0,1.0,1.0,0,27274.0,0
0.0,1.0,1.0,0,8316.0,0
0.0,1.0,1.0,0,32876.0,0
0.0,1.0,1.0,0,13500.0,0
0.0,1.0,1.0,0,0.0,0
0.0,1.0,1.0,0,48188.0,0
0.0,1.0,1.0,0,5143.0,0
0.0,1.0,1.0,0,111051.0,0
0.0,1.0,1.0,0,26526.0,0
0.0,1.0,1.0,0,61081.0,0
0.0,1.0,1.0,0,13621.0,0
0.0,1.0,1.0,0,43050.0,0
0.0,1.0,1.0,0,75665.0,0
0.0,1.0,1.0,0,1744.0,0
0.0,1.0,1.0,0,59403.0,0
0.0,1.0,1.0,0,14448.0,0
0.0,1.0,1.0,0,7383.0,0
0.0,1.0,1.0,0,22199.0,0
0.0,1.0,1.0,0,71778.0,0
1.0,1.0,1.0,0,31002.0,0
0.0,1.0,1.0,0,3190.0,0
0.0,1.0,1.0,0,26289.0,0
0.0,1.0,1.0,0,15092.0,0
1.0,1.0,1.0,0,74625.0,0
0.0,1.0,1.0,0,1703.0,0
0.0,1.0,1.0,0,18861.0,0
0.0,1.0,1.0,0,6913.0,0
0.0,1.0,1.0,0,39649.0,0
0.0,1.0,1.0,0,127184.0,0
0.0,1.0,1.0,0,1682.0,0
0.0,1.0,1.0,0,47587.0,0
0.0,1.0,1.0,0,4729.0,0
0.0,1.0,1.0,0,43261.0,0
0.0,1.0,1.0,0,1452.0,0
0.0,1.0,1.0,0,2326.0,0
0.0,1.0,1.0,0,14856.0,0
0.0,1.0,1.0,0,12565.0,0
1.0,1.0,1.0,0,65486.0,0
0.0,1.0,1.0,0,37744.0,0
0.0,1.0,1.0,0,6486.0,0
0.0,1.0,1.0,0,16355.0,0
0.0,1.0,1.0,0,16198.0,0
0.0,1.0,1.0,0,95273.0,0
0.0,1.0,1.0,0,18173.0,0
0.0,1.0,1.0,0,77190.0,0
0.0,1.0,1.0,0,25960.0,0
0.0,1.0,1.0,0,800.0,0
0.0,1.0,1.0,0,2527.0,0
0.0,1.0,1.0,0,13537.0,0
0.0,1.0,1.0,0,177779.0,0
1.0,1.0,1.0,0,71340.0,0
0.0,1.0,1.0,0,26718.0,0
0.0,1.0,1.0,0,8335.0,0
0.0,1.0,1.0,0,620.0,0
0.0,1.0,1.0,0,16944.0,0
0.0,1.0,1.0,0,33694.0,0
0.0,1.0,1.0,0,75334.0,0
0.0,1.0,1.0,0,1668.0,0
0.0,1.0,1.0,0,9034.0,0
0.0,1.0,1.0,0,12544.0,0
0.0,1.0,1.0,0,49835.0,0
0.0,1.0,1.0,0,6692.0,0
0.0,1.0,1.0,0,3417.0,0
1.0,1.0,1.0,0,3845.0,0
1.0,1.0,1.0,0,13399.0,0
0.0,1.0,1.0,0,1877.0,0
0.0,1.0,1.0,0,13707.0,0
0.0,1.0,1.0,0,126652.0,0
1.0,1.0,1.0,0,6492.0,0
0.0,1.0,1.0,0,21534.0,1
0.0,1.0,1.0,0,123156.0,1
0.0,1.0,1.0,0,13232.0,1
0.0,1.0,1.0,0,32408.0,1
1.0,1.0,1.0,0,691.0,1
0.0,1.0,1.0,0,23467.0,1
0.0,1.0,1.0,0,47088.0,1
1.0,1.0,1.0,0,50909.0,1
0.0,1.0,1.0,0,9397.0,1
0.0,1.0,1.0,0,94928.0,1
1.0,1.0,1.0,0,16120.0,1
0.0,1.0,1.0,0,10762.0,1
0.0,1.0,1.0,0,6384.0,1
1.0,1.0,1.0,0,46806.0,1
0.0,1.0,1.0,0,0.0,0
0.0,1.0,1.0,0,9632.0,0
0.0,1.0,1.0,0,17689.0,0
0.0,1.0,1.0,0,23768.0,0
0.0,1.0,1.0,0,575.0,0
0.0,1.0,1.0,0,324.0,0
0.0,2.0,1.0,0,178.0,0
0.0,1.0,1.0,0,243.0,0
0.0,1.0,1.0,0,428.0,0
0.0,1.0,1.0,0,674.0,0
0.0,1.0,1.0,0,17677.0,0
0.0,1.0,1.0,0,3279.0,0
0.0,1.0,1.0,0,26892.0,0
1.0,1.0,1.0,0,3386.0,0
0.0,1.0,1.0,0,11667.0,0
0.0,1.0,1.0,0,52206.0,0
0.0,1.0,1.0,0,677.0,0
0.0,1.0,1.0,0,38258.0,0
0.0,1.0,1.0,0,30160.0,0
0.0,1.0,1.0,0,5803.0,0
0.0,1.0,1.0,0,29210.0,0
0.0,2.0,1.0,0,97.0,0
0.0,1.0,1.0,0,15723.0,0
0.0,1.0,1.0,0,97010.0,0
0.0,1.0,1.0,0,65466.0,0
0.0,1.0,1.0,0,3980.0,0
0.0,1.0,1.0,0,38084.0,0
0.0,1.0,1.0,0,5319.0,0
0.0,1.0,1.0,0,17557.0,0
0.0,1.0,1.0,0,42334.0,0
0.0,1.0,1.0,0,47135.0,0
0.0,1.0,1.0,0,25265.0,0
0.0,1.0,1.0,0,16064.0,0
0.0,1.0,1.0,0,19129.0,0
0.0,1.0,1.0,0,14116.0,0
0.0,1.0,1.0,0,14207.0,0
0.0,1.0,1.0,0,18029.0,0
0.0,1.0,1.0,0,17646.0,0
0.0,1.0,1.0,0,55671.0,0
0.0,1.0,1.0,0,96104.0,0
0.0,1.0,1.0,0,67958.0,0
1.0,1.0,1.0,0,26986.0,0
1.0,1.0,1.0,0,33042.0,0
0.0,1.0,1.0,0,21771.0,0
0.0,1.0,1.0,0,7623.0,0
0.0,1.0,1.0,0,57770.0,0
0.0,1.0,1.0,0,45138.0,0
0.0,1.0,1.0,0,25431.0,0
0.0,1.0,1.0,0,17243.0,0
0.0,1.0,1.0,0,22117.0,0
0.0,1.0,1.0,0,6835.0,0
0.0,1.0,1.0,0,31194.0,0
0.0,1.0,1.0,0,32898.0,0
0.0,1.0,1.0,0,39995.0,0
0.0,1.0,1.0,0,29164.0,0
0.0,1.0,1.0,0,11564.0,0
0.0,1.0,1.0,0,70554.0,0
0.0,1.0,1.0,0,2088.0,0
0.0,1.0,1.0,0,11581.0,0
0.0,1.0,1.0,0,17657.0,0
0.0,1.0,1.0,0,29771.0,0
0.0,1.0,1.0,0,78800.0,0
0.0,1.0,1.0,0,9497.0,0
0.0,2.0,1.0,0,274.0,0
0.0,1.0,1.0,0,308.0,0
0.0,1.0,1.0,0,650.0,0
0.0,1.0,1.0,0,383.0,0
0.0,2.0,1.0,0,196.0,0
0.0,1.0,1.0,0,440.0,0
0.0,1.0,1.0,0,9608.0,0
0.0,1.0,1.0,0,35027.0,0
0.0,1.0,1.0,0,27578.0,0
0.0,1.0,1.0,0,58077.0,0
0.0,1.0,1.0,0,22790.0,0
0.0,1.0,1.0,0,5944.0,0
1.0,1.0,1.0,0,25385.0,0
0.0,1.0,1.0,0,47514.0,0
0.0,1.0,1.0,0,9770.0,0
0.0,1.0,1.0,0,16486.0,0
0.0,1.0,1.0,0,19612.0,0
0.0,1.0,1.0,0,46784.0,0
0.0,1.0,1.0,0,16560.0,0
0.0,1.0,1.0,0,13387.0,0
0.0,1.0,1.0,0,41000.0,0
0.0,1.0,1.0,0,23639.0,0
0.0,1.0,1.0,0,15762.0,0
0.0,1.0,1.0,0,595.0,0
0.0,1.0,1.0,0,415.0,0
0.0,1.0,1.0,0,294.0,0
0.0,1.0,1.0,0,827.0,0
0.0,1.0,1.0,0,659.0,0
0.0,1.0,1.0,0,678.0,0
0.0,1.0,1.0,0,717.0,0
0.0,2.0,1.0,0,253.0,0
0.0,1.0,1.0,0,17831.0,0
0.0,1.0,1.0,0,27408.0,0
0.0,1.0,1.0,0,20824.0,1
0.0,1.0,1.0,0,929.0,1
0.0,1.0,1.0,0,84841.0,1
0.0,1.0,1.0,0,102357.0,1
0.0,1.0,1.0,0,37239.0,1
0.0,1.0,1.0,0,33036.0,1
0.0,1.0,1.0,0,28723.0,1
0.0,1.0,1.0,0,9577.0,1
0.0,1.0,1.0,0,39218.0,1
0.0,1.0,1.0,0,48958.0,1
0.0,1.0,1.0,0,0.0,0
1.0,1.0,1.0,0,19775.0,0
0.0,2.0,1.0,0,103.0,0
0.0,1.0,1.0,0,47339.0,0
0.0,1.0,1.0,0,48965.0,0
0.0,1.0,1.0,0,32962.0,0
0.0,1.0,1.0,0,17299.0,0
0.0,1.0,1.0,0,18753.0,0
0.0,1.0,1.0,0,4686.0,0
0.0,1.0,1.0,0,2093.0,0
1.0,1.0,1.0,0,27345.0,0
0.0,1.0,1.0,0,8263.0,0
0.0,1.0,1.0,0,6540.0,0
0.0,1.0,1.0,0,30766.0,0
0.0,1.0,1.0,0,22191.0,0
0.0,1.0,1.0,0,11094.0,0
1.0,1.0,1.0,0,7767.0,0
1.0,1.0,1.0,0,91037.0,0
0.0,1.0,1.0,0,10944.0,0
0.0,1.0,1.0,0,21468.0,0
0.0,1.0,1.0,0,115629.0,0
0.0,1.0,1.0,0,25776.0,0
0.0,1.0,1.0,0,49388.0,0
0.0,1.0,1.0,0,37342.0,0
0.0,1.0,1.0,0,9623.0,0
0.0,1.0,1.0,0,12631.0,0
0.0,1.0,1.0,0,1910.0,0
0.0,1.0,1.0,0,15776.0,0
0.0,1.0,1.0,0,15525.0,0
0.0,1.0,1.0,0,12154.0,0
0.0,1.0,1.0,0,26720.0,0
0.0,1.0,1.0,0,24988.0,0
0.0,1.0,1.0,0,583.0,0
0.0,1.0,1.0,0,1464.0,0
0.0,1.0,1.0,0,24465.0,0
0.0,1.0,1.0,0,37019.0,0
0.0,1.0,1.0,0,58448.0,0
0.0,1.0,1.0,0,3048.0,0
0.0,1.0,1.0,0,13959.0,0
0.0,1.0,1.0,0,14574.0,0
0.0,1.0,1.0,0,10709.0,0
0.0,1.0,1.0,0,6170.0,0
0.0,1.0,1.0,0,27161.0,0
0.0,1.0,1.0,0,6381.0,0
0.0,1.0,1.0,0,11780.0,0
0.0,1.0,1.0,0,14452.0,0
0.0,1.0,1.0,0,4729.0,0
0.0,1.0,1.0,0,14604.0,0
0.0,1.0,1.0,0,86440.0,0
0.0,1.0,1.0,0,4857.0,0
0.0,1.0,1.0,0,81003.0,0
0.0,1.0,1.0,0,54368.0,0
0.0,1.0,1.0,0,2677.0,0
0.0,1.0,1.0,0,2146.0,0
1.0,1.0,1.0,0,78742.0,0
0.0,1.0,1.0,0,90581.0,0
0.0,1.0,1.0,0,24515.0,0
0.0,1.0,1.0,0,73713.0,0
1.0,1.0,1.0,0,68069.0,0
0.0,1.0,1.0,0,10843.0,0
0.0,1.0,1.0,0,2185.0,0
1.0,1.0,1.0,0,47208.0,0
0.0,1.0,1.0,0,8678.0,0
1.0,1.0,1.0,0,69233.0,0
0.0,1.0,1.0,0,65254.0,0
0.0,1.0,1.0,0,42091.0,0
0.0,1.0,1.0,0,147054.0,0
0.0,1.0,1.0,0,35516.0,0
0.0,1.0,1.0,0,10276.0,0
0.0,1.0,1.0,0,46058.0,0
0.0,1.0,1.0,0,5477.0,0
0.0,1.0,1.0,0,12343.0,0
0.0,1.0,1.0,0,33291.0,0
0.0,1.0,1.0,0,184293.0,0
0.0,1.0,1.0,0,10401.0,0
1.0,1.0,1.0,0,75934.0,0
0.0,1.0,1.0,0,84659.0,0
0.0,1.0,1.0,0,6007.0,0
0.0,1.0,1.0,0,35772.0,0
0.0,1.0,1.0,0,4320.0,0
0.0,1.0,1.0,0,0.0,0
0.0,1.0,1.0,0,17223.0,0
0.0,1.0,1.0,0,111727.0,0
0.0,1.0,1.0,0,3489.0,0
0.0,1.0,1.0,0,7844.0,0
0.0,1.0,1.0,0,3407.0,0
0.0,1.0,1.0,0,139854.0,0
0.0,1.0,1.0,0,19357.0,0
0.0,1.0,1.0,0,206483.0,0
0.0,1.0,1.0,0,66635.0,0
0.0,1.0,1.0,0,3101.0,0
0.0,1.0,1.0,0,22274.0,0
0.0,1.0,1.0,0,59094.0,0
0.0,1.0,1.0,0,18931.0,0
0.0,1.0,1.0,0,6158.0,0
0.0,1.0,1.0,0,26985.0,0
0.0,1.0,1.0,0,10420.0,0
0.0,1.0,1.0,0,4996.0,0
0.0,1.0,1.0,0,78389.0,0
0.0,1.0,1.0,0,549.0,0
0.0,1.0,1.0,0,43451.0,0
1.0,1.0,1.0,0,2936.0,0
0.0,1.0,1.0,0,17737.0,0
0.0,1.0,1.0,0,74155.0,0
0.0,1.0,1.0,0,4009.0,0
0.0,1.0,1.0,0,5456.0,0
0.0,1.0,1.0,0,86860.0,0
0.0,1.0,1.0,0,51872.0,0
0.0,1.0,1.0,0,2727.0,0
0.0,1.0,1.0,0,34569.0,0
0.0,1.0,1.0,0,17219.0,0
0.0,1.0,1.0,0,27095.0,0
0.0,1.0,1.0,0,10049.0,0
0.0,1.0,1.0,0,47894.0,0
0.0,1.0,1.0,0,45315.0,0
0.0,1.0,1.0,0,5019.0,0
0.0,1.0,1.0,0,50535.0,0
0.0,1.0,1.0,0,49263.0,0
0.0,1.0,1.0,0,10568.0,0
0.0,1.0,1.0,0,29479.0,0
0.0,1.0,1.0,0,43112.0,0
0.0,1.0,1.0,0,51089.0,0
0.0,1.0,1.0,0,30229.0,0
0.0,1.0,1.0,0,11034.0,0
0.0,1.0,1.0,0,52550.0,0
0.0,1.0,1.0,0,111293.0,0
0.0,1.0,1.0,0,46771.0,0
0.0,1.0,1.0,0,1264.0,0
1.0,1.0,1.0,0,439.0,0
0.0,1.0,1.0,0,35056.0,0
0.0,1.0,1.0,0,79508.0,0
0.0,1.0,1.0,0,62730.0,0
0.0,1.0,1.0,0,242494.0,0
0.0,1.0,1.0,0,8983.0,0
0.0,1.0,1.0,0,121149.0,0
0.0,1.0,1.0,0,23376.0,0
0.0,1.0,1.0,0,39569.0,0
1.0,1.0,1.0,0,37294.0,0
0.0,1.0,1.0,0,106232.0,0
0.0,1.0,1.0,0,17124.0,0
0.0,1.0,1.0,0,0.0,0
0.0,1.0,1.0,0,8826.0,0
0.0,1.0,1.0,0,3742.0,0
0.0,1.0,1.0,0,35501.0,0
0.0,1.0,1.0,0,1409.0,0
0.0,1.0,1.0,0,102541.0,0
0.0,1.0,1.0,0,44650.0,0
0.0,1.0,1.0,0,10387.0,0
0.0,1.0,1.0,0,2152.0,0
0.0,1.0,1.0,0,17264.0,0
0.0,1.0,1.0,0,75867.0,0
0.0,1.0,1.0,0,42228.0,0
0.0,1.0,1.0,0,20101.0,0
0.0,1.0,1.0,0,52938.0,0
0.0,1.0,1.0,0,74957.0,0
1.0,1.0,1.0,0,18950.0,0
0.0,1.0,1.0,0,19223.0,0
0.0,1.0,1.0,0,3707.0,0
0.0,1.0,1.0,0,18639.0,0
0.0,1.0,1.0,0,7123.0,0
0.0,1.0,1.0,0,12843.0,0
0.0,1.0,1.0,0,44082.0,0
0.0,1.0,1.0,0,23279.0,0
0.0,1.0,1.0,0,46140.0,0
0.0,1.0,1.0,0,56613.0,0
0.0,1.0,1.0,0,21753.0,0
0.0,1.0,1.0,0,17171.0,0
0.0,1.0,1.0,0,42235.0,0
0.0,1.0,1.0,0,3366.0,0
0.0,1.0,1.0,0,21798.0,0
0.0,1.0,1.0,0,114967.0,0
0.0,1.0,1.0,0,6887.0,0
0.0,1.0,1.0,0,36719.0,0
0.0,1.0,1.0,0,68839.0,0
0.0,1.0,1.0,0,22580.0,0
0.0,1.0,1.0,0,60611.0,0
0.0,1.0,1.0,0,20059.0,0
0.0,1.0,1.0,0,15931.0,0
0.0,1.0,1.0,0,19507.0,0
0.0,1.0,1.0,0,5176.0,0
0.0,1.0,1.0,0,9237.0,0
0.0,1.0,1.0,0,40391.0,0
0.0,1.0,1.0,0,22064.0,0
0.0,1.0,1.0,0,33461.0,0
0.0,1.0,1.0,0,22824.0,0
0.0,1.0,1.0,0,3224.0,0
0.0,1.0,1.0,0,44736.0,0
0.0,1.0,1.0,0,26284.0,0
0.0,1.0,1.0,0,4744.0,0
0.0,1.0,1.0,0,31199.0,0
0.0,1.0,1.0,0,38109.0,0
0.0,1.0,1.0,0,19179.0,0
0.0,1.0,1.0,0,20844.0,0
0.0,1.0,1.0,0,7905.0,0
0.0,1.0,1.0,0,95587.0,0
0.0,1.0,1.0,0,51491.0,0
0.0,1.0,1.0,0,43826.0,0
0.0,1.0,1.0,0,34162.0,0
0.0,1.0,1.0,0,142766.0,0
0.0,1.0,1.0,0,3919.0,0
0.0,1.0,1.0,0,4506.0,0
0.0,1.0,1.0,0,38003.0,0
0.0,1.0,1.0,0,57492.0,0
0.0,1.0,1.0,0,9131.0,0
0.0,1.0,1.0,0,64745.0,0
0.0,1.0,1.0,0,33946.0,0
0.0,1.0,1.0,0,32488.0,0
0.0,1.0,1.0,0,4305.0,0
0.0,1.0,1.0,0,6902.0,0
0.0,1.0,1.0,0,20563.0,0
0.0,1.0,1.0,0,24904.0,1
0.0,1.0,1.0,0,18895.0,1
0.0,1.0,1.0,0,54926.0,1
0.0,1.0,1.0,0,80391.0,1
0.0,1.0,1.0,0,5081.0,1
0.0,1.0,1.0,0,5515.0,1
0.0,1.0,1.0,0,21673.0,1
0.0,1.0,1.0,0,19836.0,1
0.0,1.0,1.0,0,3452.0,1
0.0,1.0,1.0,0,33174.0,1
0.0,1.0,1.0,0,24567.0,1
0.0,1.0,1.0,0,87419.0,1
0.0,1.0,1.0,0,16313.0,1
0.0,1.0,1.0,0,306.0,1
0.0,1.0,1.0,0,0.0,0
0.0,1.0,1.0,0,26278.0,0
0.0,1.0,1.0,0,3535.0,0
0.0,1.0,1.0,0,42820.0,0
0.0,1.0,1.0,0,10637.0,0
0.0,1.0,1.0,0,72159.0,0
0.0,1.0,1.0,0,28709.0,0
0.0,1.0,1.0,0,45075.0,0
0.0,1.0,1.0,0,42125.0,0
0.0,1.0,1.0,0,30494.0,0
0.0,1.0,1.0,0,101948.0,0
0.0,1.0,1.0,0,24213.0,0
0.0,1.0,1.0,0,24308.0,0
0.0,1.0,1.0,0,46638.0,0
0.0,1.0,1.0,0,77800.0,0
0.0,1.0,1.0,0,51594.0,0
0.0,1.0,1.0,0,84188.0,0
0.0,1.0,1.0,0,20987.0,0
0.0,1.0,1.0,0,8589.0,0
0.0,1.0,1.0,0,30810.0,0
0.0,1.0,1.0,0,17992.0,0
0.0,1.0,1.0,0,4995.0,0
0.0,1.0,1.0,0,8914.0,0
0.0,1.0,1.0,0,39745.0,0
0.0,1.0,1.0,0,21280.0,0
0.0,1.0,1.0,0,121387.0,0
0.0,1.0,1.0,0,17195.0,0
0.0,1.0,1.0,0,105214.0,0
0.0,1.0,1.0,0,22596.0,0
0.0,1.0,1.0,0,105803.0,0
0.0,1.0,1.0,0,10931.0,0
0.0,1.0,1.0,0,2973.0,0
0.0,1.0,1.0,0,14517.0,0
0.0,1.0,1.0,0,42763.0,0
0.0,1.0,1.0,0,12109.0,0
0.0,1.0,1.0,0,2381.0,0
0.0,1.0,1.0,0,62974.0,0
0.0,1.0,1.0,0,16710.0,0
0.0,1.0,1.0,0,48591.0,0
0.0,1.0,1.0,0,54674.0,0
0.0,1.0,1.0,0,38205.0,0
1.0,1.0,1.0,0,25791.0,0
0.0,1.0,1.0,0,31909.0,0
0.0,1.0,1.0,0,112326.0,0
0.0,1.0,1.0,0,34352.0,0
0.0,1.0,1.0,0,36050.0,0
1.0,1.0,1.0,0,43877.0,0
0.0,1.0,1.0,0,9644.0,0
0.0,1.0,1.0,0,31760.0,0
0.0,1.0,1.0,0,61348.0,0
0.0,1.0,1.0,0,5431.0,0
0.0,1.0,1.0,0,65029.0,0
0.0,1.0,1.0,0,26547.0,0
0.0,1.0,1.0,0,3486.0,0
0.0,2.0,1.0,0,153.0,0
0.0,1.0,1.0,0,30690.0,0
0.0,1.0,1.0,0,54647.0,0
0.0,1.0,1.0,0,23832.0,0
0.0,1.0,1.0,0,68257.0,0
0.0,1.0,1.0,0,49014.0,1
0.0,1.0,1.0,0,88799.0,1
0.0,1.0,1.0,0,8625.0,1
0.0,1.0,1.0,0,5851.0,1
0.0,1.0,1.0,0,0.0,0
0.0,1.0,1.0,0,12412.0,0
0.0,1.0,1.0,0,1758.0,0
0.0,1.0,1.0,0,140267.0,0
0.0,1.0,1.0,0,10353.0,0
1.0,1.0,1.0,0,73699.0,0
1.0,1.0,1.0,0,12321.0,0
0.0,1.0,1.0,0,27819.0,0
1.0,1.0,1.0,0,543.0,0
0.0,1.0,1.0,0,38874.0,0
0.0,1.0,1.0,0,51394.0,0
0.0,1.0,1.0,0,33738.0,0
0.0,1.0,1.0,0,32414.0,0
0.0,1.0,1.0,0,58192.0,0
0.0,1.0,1.0,0,53717.0,0
0.0,1.0,1.0,0,33029.0,0
0.0,1.0,1.0,0,2730.0,0
0.0,1.0,1.0,0,53165.0,0
0.0,1.0,1.0,0,14055.0,0
0.0,1.0,1.0,0,47210.0,0
0.0,1.0,1.0,0,54987.0,0
0.0,1.0,1.0,0,28433.0,0
0.0,1.0,1.0,0,83411.0,0
0.0,1.0,1.0,0,92434.0,0
0.0,1.0,1.0,0,17745.0,0
0.0,1.0,1.0,0,21011.0,0
0.0,1.0,1.0,0,701.0,0
0.0,1.0,1.0,0,388.0,0
0.0,1.0,1.0,0,568.0,0
0.0,1.0,1.0,0,801.0,0
0.0,1.0,1.0,0,521.0,0
0.0,1.0,1.0,0,507.0,0
0.0,1.0,1.0,0,763.0,0
0.0,1.0,1.0,0,458.0,0
0.0,1.0,1.0,0,806.0,0
0.0,1.0,1.0,0,481.0,0
0.0,2.0,1.0,0,214.0,0
0.0,1.0,1.0,0,404.0,0
0.0,1.0,1.0,0,697.0,0
0.0,1.0,1.0,0,633.0,0
0.0,1.0,1.0,0,145099.0,0
0.0,1.0,1.0,0,1162.0,0
0.0,1.0,1.0,0,37771.0,0
0.0,1.0,1.0,0,20812.0,0
0.0,1.0,1.0,0,4431.0,0
1.0,1.0,1.0,0,98009.0,0
0.0,1.0,1.0,0,45143.0,0
0.0,1.0,1.0,0,14112.0,0
0.0,2.0,1.0,0,126.0,0
0.0,1.0,1.0,0,26459.0,0
0.0,1.0,1.0,0,14900.0,0
0.0,1.0,1.0,0,3657.0,0
0.0,1.0,1.0,0,27313.0,0
0.0,1.0,1.0,0,3681.0,0
0.0,1.0,1.0,0,42432.0,0
0.0,1.0,1.0,0,32562.0,0
0.0,1.0,1.0,0,32753.0,0
0.0,1.0,1.0,0,7163.0,0
0.0,1.0,1.0,0,35218.0,0
0.0,1.0,1.0,0,38918.0,0
0.0,1.0,1.0,0,10284.0,0
0.0,1.0,1.0,0,35684.0,0
0.0,1.0,1.0,0,11205.0,0
0.0,1.0,1.0,0,34527.0,0
0.0,1.0,1.0,0,15656.0,0
0.0,1.0,1.0,0,30296.0,0
0.0,1.0,1.0,0,15855.0,0
0.0,1.0,1.0,0,4824.0,0
0.0,1.0,1.0,0,3464.0,0
0.0,1.0,1.0,0,24150.0,0
0.0,1.0,1.0,0,29134.0,0
0.0,1.0,1.0,0,48773.0,0
0.0,1.0,1.0,0,32434.0,0
0.0,1.0,1.0,0,6211.0,0
0.0,1.0,1.0,0,3593.0,0
0.0,1.0,1.0,0,7892.0,0
0.0,1.0,1.0,0,24683.0,0
0.0,1.0,1.0,0,44558.0,0
0.0,1.0,1.0,0,3846.0,0
0.0,1.0,1.0,0,5119.0,0
1.0,1.0,1.0,0,30076.0,0
0.0,1.0,1.0,0,60323.0,0
0.0,1.0,1.0,0,39863.0,0
0.0,1.0,1.0,0,8116.0,0
0.0,1.0,1.0,0,90296.0,0
1.0,1.0,1.0,0,13628.0,0
0.0,1.0,1.0,0,10800.0,0
0.0,1.0,1.0,0,6869.0,0
0.0,1.0,1.0,0,39038.0,0
0.0,1.0,1.0,0,4459.0,0
0.0,1.0,1.0,0,5779.0,0
0.0,1.0,1.0,0,20912.0,0
0.0,1.0,1.0,0,99326.0,0
1.0,1.0,1.0,0,40137.0,0
0.0,1.0,1.0,0,17458.0,1
0.0,1.0,1.0,0,17867.0,1
1.0,1.0,1.0,0,5751.0,1
0.0,1.0,1.0,0,0.0,0
0.0,1.0,1.0,0,18452.0,0
1.0,1.0,1.0,0,26984.0,0
0.0,1.0,1.0,0,13741.0,0
0.0,1.0,1.0,0,63919.0,0
0.0,1.0,1.0,0,63019.0,0
0.0,1.0,1.0,0,34239.0,0
0.0,1.0,1.0,0,4711.0,0
0.0,1.0,1.0,0,14463.0,0
0.0,1.0,1.0,0,74443.0,0
0.0,1.0,1.0,0,24846.0,0
0.0,1.0,1.0,0,9219.0,0
0.0,1.0,1.0,0,28419.0,0
0.0,1.0,1.0,0,55458.0,0
0.0,1.0,1.0,0,19192.0,0
0.0,1.0,1.0,0,34234.0,0
0.0,1.0,1.0,0,24570.0,0
0.0,1.0,1.0,0,1378.0,0
0.0,1.0,1.0,0,29262.0,0
0.0,1.0,1.0,0,27739.0,0
0.0,1.0,1.0,0,7921.0,0
0.0,1.0,1.0,0,2113.0,0
0.0,1.0,1.0,0,45425.0,0
0.0,1.0,1.0,0,10809.0,0
0.0,1.0,1.0,0,24092.0,0
0.0,1.0,1.0,0,15338.0,0
0.0,1.0,1.0,0,39911.0,0
0.0,1.0,1.0,0,4023.0,0
0.0,1.0,1.0,0,23712.0,0
0.0,1.0,1.0,0,43985.0,0
0.0,1.0,1.0,0,4979.0,0
0.0,1.0,1.0,0,74174.0,0
0.0,1.0,1.0,0,9912.0,0
0.0,1.0,1.0,0,7014.0,0
0.0,1.0,1.0,0,8746.0,0
1.0,1.0,1.0,0,27336.0,0
0.0,1.0,1.0,0,44520.0,0
0.0,1.0,1.0,0,12608.0,0
0.0,1.0,1.0,0,26405.0,0
0.0,1.0,1.0,0,5112.0,0
0.0,1.0,1.0,0,22609.0,0
0.0,1.0,1.0,0,5735.0,0
0.0,1.0,1.0,0,23990.0,0
0.0,1.0,1.0,0,25329.0,0
0.0,1.0,1.0,0,26035.0,0
0.0,1.0,1.0,0,4931.0,0
0.0,1.0,1.0,0,29520.0,0
0.0,1.0,1.0,0,1905.0,0
0.0,1.0,1.0,0,13237.0,0
0.0,1.0,1.0,0,20315.0,0
0.0,1.0,1.0,0,11906.0,0
0.0,1.0,1.0,0,44073.0,0
0.0,1.0,1.0,0,118609.0,0
0.0,1.0,1.0,0,26774.0,0
0.0,1.0,1.0,0,39774.0,0
0.0,1.0,1.0,0,90554.0,0
0.0,1.0,1.0,0,50976.0,0
0.0,1.0,1.0,0,6851.0,0
0.0,1.0,1.0,0,20966.0,0
0.0,1.0,1.0,0,53020.0,0
0.0,1.0,1.0,0,29582.0,0
0.0,1.0,1.0,0,4310.0,0
0.0,1.0,1.0,0,9877.0,0
0.0,1.0,1.0,0,5453.0,0
0.0,1.0,1.0,0,39308.0,0
0.0,1.0,1.0,0,73201.0,0
0.0,1.0,1.0,0,41467.0,0
0.0,1.0,1.0,0,14269.0,0
0.0,1.0,1.0,0,14818.0,0
0.0,1.0,1.0,0,5157.0,0
0.0,1.0,1.0,0,7695.0,0
0.0,1.0,1.0,0,26033.0,0
0.0,1.0,1.0,0,16983.0,0
1.0,1.0,1.0,0,69111.0,0
0.0,1.0,1.0,0,950.0,0
0.0,1.0,1.0,0,82326.0,0
0.0,1.0,1.0,0,8760.0,0
0.0,1.0,1.0,0,9030.0,0
0.0,1.0,1.0,0,2312.0,0
0.0,1.0,1.0,0,22225.0,0
0.0,1.0,1.0,0,597.0,0
0.0,1.0,1.0,0,6283.0,0
0.0,1.0,1.0,0,11315.0,0
1.0,1.0,1.0,0,60458.0,0
0.0,1.0,1.0,0,11755.0,0
0.0,1.0,1.0,0,5122.0,0
0.0,1.0,1.0,0,14667.0,0
0.0,1.0,1.0,0,17823.0,0
1.0,1.0,1.0,0,85918.0,0
0.0,1.0,1.0,0,5138.0,0
0.0,1.0,1.0,0,27639.0,0
0.0,1.0,1.0,0,38548.0,0
0.0,1.0,1.0,0,61924.0,0
0.0,1.0,1.0,0,6615.0,1
0.0,1.0,1.0,0,21536.0,1
0.0,1.0,1.0,0,0.0,0
0.0,1.0,1.0,0,35663.0,0
0.0,1.0,1.0,0,15570.0,0
0.0,1.0,1.0,0,20169.0,0
0.0,1.0,1.0,0,39162.0,0
0.0,1.0,1.0,0,29948.0,0
0.0,1.0,1.0,0,6851.0,0
0.0,1.0,1.0,0,96218.0,0
0.0,1.0,1.0,0,11180.0,0
0.0,1.0,1.0,0,9255.0,0
0.0,1.0,1.0,0,13838.0,0
0.0,1.0,1.0,0,1904.0,0
0.0,1.0,1.0,0,5041.0,0
0.0,1.0,1.0,0,46186.0,0
0.0,1.0,1.0,0,27156.0,0
0.0,1.0,1.0,0,80215.0,0
0.0,1.0,1.0,0,45324.0,0
0.0,1.0,1.0,0,13269.0,0
0.0,1.0,1.0,0,47692.0,0
0.0,1.0,1.0,0,21953.0,0
0.0,1.0,1.0,0,29921.0,0
0.0,1.0,1.0,0,55314.0,0
0.0,1.0,1.0,0,1192.0,0
0.0,1.0,1.0,0,2587.0,0
0.0,2.0,1.0,0,164.0,0
0.0,1.0,1.0,0,462.0,0
0.0,1.0,1.0,0,441.0,0
0.0,1.0,1.0,0,470.0,0
0.0,1.0,1.0,0,402.0,0
0.0,2.0,1.0,0,233.0,0
0.0,1.0,1.0,0,639.0,0
0.0,1.0,1.0,0,12949.0,0
1.0,1.0,1.0,0,97421.0,0
0.0,1.0,1.0,0,129756.0,0
0.0,1.0,1.0,0,2619.0,0
0.0,1.0,1.0,0,4128.0,0
0.0,1.0,1.0,0,13838.0,0
0.0,1.0,1.0,0,52437.0,0
0.0,1.0,1.0,0,9281.0,0
0.0,1.0,1.0,0,9480.0,0
0.0,1.0,1.0,0,11428.0,0
0.0,1.0,1.0,0,39595.0,0
0.0,1.0,1.0,0,37277.0,0
0.0,1.0,1.0,0,11439.0,0
1.0,1.0,1.0,0,26636.0,0
1.0,1.0,1.0,0,8149.0,0
0.0,1.0,1.0,0,11292.0,0
0.0,1.0,1.0,0,102076.0,0
0.0,1.0,1.0,0,3402.0,0
0.0,1.0,1.0,0,32972.0,0
0.0,1.0,1.0,0,31514.0,0
0.0,1.0,1.0,0,20786.0,0
1.0,1.0,1.0,0,20987.0,0
0.0,1.0,1.0,0,42530.0,0
0.0,1.0,1.0,0,52490.0,0
0.0,1.0,1.0,0,2855.0,0
0.0,1.0,1.0,0,35325.0,0
0.0,1.0,1.0,0,11240.0,0
0.0,1.0,1.0,0,21237.0,0
0.0,1.0,1.0,0,29801.0,0
1.0,1.0,1.0,0,85933.0,0
0.0,1.0,1.0,0,45224.0,0
1.0,1.0,1.0,0,11787.0,0
0.0,1.0,1.0,0,32717.0,0
0.0,1.0,1.0,0,625.0,0
0.0,1.0,1.0,0,32634.0,0
0.0,1.0,1.0,0,58746.0,0
0.0,1.0,1.0,0,4992.0,0
0.0,1.0,1.0,0,30984.0,0
0.0,1.0,1.0,0,3537.0,0
0.0,1.0,1.0,0,30447.0,0
0.0,1.0,1.0,0,11321.0,0
0.0,1.0,1.0,0,35088.0,0
0.0,1.0,1.0,0,16955.0,0
0.0,1.0,1.0,0,188954.0,0
0.0,1.0,1.0,0,26682.0,0
0.0,1.0,1.0,0,846.0,0
0.0,1.0,1.0,0,142813.0,0
0.0,1.0,1.0,0,8183.0,0
0.0,1.0,1.0,0,278.0,0
0.0,2.0,1.0,0,240.0,0
0.0,1.0,1.0,0,500.0,0
0.0,2.0,1.0,0,191.0,0
0.0,1.0,1.0,0,658.0,0
0.0,2.0,1.0,0,284.0,0
0.0,1.0,1.0,0,22122.0,0
1.0,1.0,1.0,0,4788.0,0
0.0,1.0,1.0,0,17712.0,0
0.0,1.0,1.0,0,67920.0,0
0.0,1.0,1.0,0,71290.0,0
0.0,1.0,1.0,0,2282.0,0
0.0,1.0,1.0,0,72580.0,0
0.0,1.0,1.0,0,0.0,0
0.0,1.0,1.0,0,122104.0,0
0.0,1.0,1.0,0,6786.0,0
0.0,1.0,1.0,0,21586.0,0
0.0,1.0,1.0,0,5981.0,0
1.0,1.0,1.0,0,24434.0,0
0.0,1.0,1.0,0,112634.0,0
0.0,1.0,1.0,0,58135.0,0
0.0,1.0,1.0,0,11048.0,0
1.0,1.0,1.0,0,30323.0,0
0.0,1.0,1.0,0,5306.0,0
0.0,1.0,1.0,0,9140.0,0
1.0,1.0,1.0,0,19180.0,0
0.0,1.0,1.0,0,60983.0,0
0.0,1.0,1.0,0,38435.0,0
0.0,1.0,1.0,0,50522.0,0
0.0,1.0,1.0,0,53682.0,0
0.0,1.0,1.0,0,25353.0,0
0.0,1.0,1.0,0,5959.0,0
0.0,1.0,1.0,0,245383.0,0
0.0,1.0,1.0,0,617.0,0
0.0,1.0,1.0,0,9292.0,0
0.0,1.0,1.0,0,14013.0,0
1.0,1.0,1.0,0,2650.0,0
1.0,1.0,1.0,0,14283.0,0
0.0,1.0,1.0,0,77778.0,0
0.0,1.0,1.0,0,24234.0,0
0.0,1.0,1.0,0,26392.0,0
0.0,1.0,1.0,0,1122.0,0
0.0,1.0,1.0,0,44040.0,0
1.0,1.0,1.0,0,27349.0,0
0.0,1.0,1.0,0,137189.0,0
0.0,1.0,1.0,0,16437.0,0
0.0,1.0,1.0,0,32248.0,0
0.0,1.0,1.0,0,8401.0,0
0.0,1.0,1.0,0,41044.0,0
0.0,1.0,1.0,0,25260.0,0
0.0,1.0,1.0,0,44905.0,0
0.0,1.0,1.0,0,9730.0,0
0.0,1.0,1.0,0,5379.0,0
0.0,1.0,1.0,0,34173.0,0
0.0,1.0,1.0,0,14136.0,0
0.0,1.0,1.0,0,14347.0,0
0.0,1.0,1.0,0,54527.0,0
0.0,1.0,1.0,0,125443.0,0
0.0,1.0,1.0,0,42286.0,0
0.0,1.0,1.0,0,21040.0,0
0.0,1.0,1.0,0,623.0,0
0.0,1.0,1.0,0,893.0,0
0.0,1.0,1.0,0,890.0,0
0.0,1.0,1.0,0,840.0,0
0.0,1.0,1.0,0,769.0,0
0.0,1.0,1.0,0,659.0,0
0.0,1.0,1.0,0,388.0,0
0.0,1.0,1.0,0,896.0,0
0.0,1.0,1.0,0,368.0,0
0.0,1.0,1.0,0,17136.0,0
0.0,1.0,1.0,0,40155.0,0
1.0,1.0,1.0,0,20000.0,0
0.0,1.0,1.0,0,1543.0,1
0.0,1.0,1.0,0,39123.0,1
0.0,1.0,1.0,0,8623.0,1
0.0,1.0,1.0,0,61269.0,1
0.0,1.0,1.0,0,12850.0,1
0.0,1.0,1.0,0,19136.0,1
0.0,1.0,1.0,0,62764.0,1
0.0,1.0,1.0,0,76573.0,1
0.0,1.0,1.0,0,9787.0,1
0.0,1.0,1.0,0,10095.0,1
0.0,1.0,1.0,0,57645.0,1
0.0,1.0,1.0,0,4358.0,1
0.0,1.0,1.0,0,2429.0,1
0.0,1.0,1.0,0,35803.0,1
0.0,1.0,1.0,0,21545.0,1
0.0,1.0,1.0,0,16122.0,1
0.0,1.0,1.0,0,47095.0,1
0.0,1.0,1.0,0,1127.0,1
0.0,1.0,1.0,0,57161.0,1
1.0,1.0,1.0,0,10236.0,1
0.0,1.0,1.0,0,66572.0,1
0.0,1.0,1.0,0,79493.0,1
0.0,1.0,1.0,0,0.0,0
0.0,1.0,1.0,0,31892.0,0
0.0,1.0,1.0,0,20632.0,0
0.0,1.0,1.0,0,9168.0,0
0.0,1.0,1.0,0,170939.0,0
0.0,1.0,1.0,0,5689.0,0
0.0,1.0,1.0,0,64845.0,0
0.0,1.0,1.0,0,2043.0,0
0.0,1.0,1.0,0,14531.0,0
0.0,1.0,1.0,0,13921.0,0
0.0,1.0,1.0,0,5694.0,0
0.0,1.0,1.0,0,23210.0,0
0.0,1.0,1.0,0,15891.0,0
0.0,1.0,1.0,0,42900.0,0
0.0,1.0,1.0,0,20792.0,0
1.0,1.0,1.0,0,5005.0,0
1.0,2.0,2.0,0,38.0,0
0.0,1.0,1.0,0,34390.0,0
0.0,1.0,1.0,0,7867.0,0
0.0,2.0,1.0,0,288.0,0
0.0,1.0,1.0,0,859.0,0
0.0,1.0,1.0,0,59643.0,0
0.0,1.0,1.0,0,2754.0,0
0.0,1.0,1.0,0,5733.0,0
0.0,1.0,1.0,0,16885.0,0
0.0,1.0,1.0,0,25057.0,0
0.0,1.0,1.0,0,9144.0,0
0.0,1.0,1.0,0,11121.0,0
0.0,1.0,1.0,0,9865.0,0
1.0,1.0,1.0,0,3498.0,0
0.0,1.0,1.0,0,42149.0,0
0.0,1.0,1.0,0,2648.0,0
0.0,1.0,1.0,0,118772.0,0
0.0,1.0,1.0,0,10806.0,0
0.0,1.0,1.0,0,36078.0,0
0.0,1.0,1.0,0,26294.0,0
0.0,1.0,1.0,0,12329.0,0
0.0,1.0,1.0,0,16711.0,0
0.0,1.0,1.0,0,24320.0,0
0.0,1.0,1.0,0,8930.0,0
0.0,1.0,1.0,0,41099.0,0
0.0,1.0,1.0,0,36781.0,0
0.0,1.0,1.0,0,30404.0,0
0.0,1.0,1.0,0,8780.0,0
0.0,1.0,1.0,0,14582.0,0
0.0,1.0,1.0,0,40764.0,0
0.0,1.0,1.0,0,6628.0,0
0.0,1.0,1.0,0,34836.0,0
0.0,1.0,1.0,0,14108.0,0
1.0,1.0,1.0,0,48874.0,0
0.0,1.0,1.0,0,98176.0,0
0.0,1.0,1.0,0,57805.0,0
0.0,1.0,1.0,0,41444.0,0
0.0,1.0,1.0,0,139977.0,0
0.0,1.0,1.0,0,194606.0,0
0.0,1.0,1.0,0,65607.0,0
0.0,1.0,1.0,0,41724.0,0
0.0,1.0,1.0,0,4508.0,0
0.0,1.0,1.0,0,1701.0,0
0.0,1.0,1.0,0,8502.0,0
0.0,1.0,1.0,0,14297.0,0
0.0,1.0,1.0,0,17195.0,0
1.0,1.0,1.0,0,6136.0,0
0.0,1.0,1.0,0,54203.0,0
0.0,1.0,1.0,0,44841.0,0
0.0,1.0,1.0,0,11975.0,0
0.0,1.0,1.0,0,165.0,0
1.0,1.0,1.0,0,30602.0,0
0.0,1.0,1.0,0,40915.0,0
0.0,1.0,1.0,0,104363.0,0
0.0,1.0,1.0,0,3575.0,0
0.0,1.0,1.0,0,10347.0,0
0.0,1.0,1.0,0,41986.0,0
0.0,1.0,1.0,0,8840.0,0
0.0,1.0,1.0,0,30816.0,0
0.0,1.0,1.0,0,10004.0,0
0.0,1.0,1.0,0,32528.0,0
0.0,1.0,1.0,0,44807.0,0
0.0,1.0,1.0,0,5175.0,0
0.0,1.0,1.0,0,82373.0,0
0.0,1.0,1.0,0,32681.0,0
0.0,1.0,1.0,0,0.0,0
0.0,1.0,1.0,0,108005.0,0
0.0,1.0,1.0,0,75229.0,0
0.0,1.0,1.0,0,50819.0,0
0.0,1.0,1.0,0,4094.0,0
0.0,1.0,1.0,0,18365.0,0
0.0,1.0,1.0,0,13308.0,0
0.0,1.0,1.0,0,172122.0,0
1.0,1.0,1.0,0,8440.0,0
1.0,1.0,1.0,0,3363.0,0
0.0,1.0,1.0,0,33846.0,0
0.0,1.0,1.0,0,32581.0,0
0.0,1.0,1.0,0,500.0,0
0.0,1.0,1.0,0,648.0,0
0.0,2.0,1.0,0,242.0,0
0.0,1.0,1.0,0,595.0,0
0.0,1.0,1.0,0,826.0,0
0.0,1.0,1.0,0,697.0,0
0.0,1.0,1.0,0,733.0,0
0.0,1.0,1.0,0,6605.0,0
0.0,1.0,1.0,0,13550.0,0
0.0,1.0,1.0,0,33168.0,0
0.0,1.0,1.0,0,5770.0,0
0.0,1.0,1.0,0,7677.0,0
1.0,1.0,1.0,0,88692.0,0
0.0,1.0,1.0,0,30732.0,0
0.0,1.0,1.0,0,123017.0,0
0.0,1.0,1.0,0,44514.0,0
0.0,1.0,1.0,0,2260.0,0
0.0,1.0,1.0,0,56295.0,0
0.0,1.0,1.0,0,114330.0,0
0.0,1.0,1.0,0,46501.0,0
1.0,1.0,1.0,0,5296.0,0
0.0,1.0,1.0,0,28982.0,0
0.0,1.0,1.0,0,141473.0,0
0.0,1.0,1.0,0,6712.0,0
1.0,1.0,1.0,0,18517.0,0
0.0,1.0,1.0,0,44992.0,0
0.0,1.0,1.0,0,31594.0,0
0.0,1.0,1.0,0,15373.0,0
0.0,1.0,1.0,0,18666.0,0
0.0,1.0,1.0,0,828.0,0
0.0,1.0,1.0,0,660.0,0
0.0,1.0,1.0,0,726.0,0
0.0,1.0,1.0,0,302.0,0
0.0,1.0,1.0,0,778.0,0
0.0,1.0,1.0,0,23642.0,0
0.0,1.0,1.0,0,28708.0,0
0.0,1.0,1.0,0,2234.0,0
1.0,1.0,1.0,0,13685.0,0
0.0,1.0,1.0,0,2290.0,0
0.0,1.0,1.0,0,15486.0,0
0.0,1.0,1.0,0,17902.0,0
0.0,1.0,1.0,0,48322.0,0
0.0,1.0,1.0,0,14566.0,0
0.0,1.0,1.0,0,57600.0,0
0.0,1.0,1.0,0,14759.0,0
0.0,1.0,1.0,0,58650.0,0
0.0,1.0,1.0,0,53904.0,0
0.0,1.0,1.0,0,19335.0,0
0.0,1.0,1.0,0,22387.0,0
0.0,1.0,1.0,0,3066.0,0
0.0,1.0,1.0,0,12334.0,0
0.0,1.0,1.0,0,11903.0,0
0.0,1.0,1.0,0,660.0,0
0.0,1.0,1.0,0,306.0,0
0.0,2.0,1.0,0,177.0,0
0.0,2.0,1.0,0,277.0,0
0.0,1.0,1.0,0,723.0,0
0.0,1.0,1.0,0,363.0,0
0.0,1.0,1.0,0,41702.0,0
0.0,1.0,1.0,0,102780.0,0
0.0,1.0,1.0,0,52278.0,0
0.0,1.0,1.0,0,28359.0,0
0.0,1.0,1.0,0,606.0,0
0.0,1.0,1.0,0,829.0,0
0.0,1.0,1.0,0,569.0,0
0.0,1.0,1.0,0,364.0,0
0.0,2.0,1.0,0,160.0,0
0.0,1.0,1.0,0,769.0,0
0.0,1.0,1.0,0,410.0,0
0.0,2.0,1.0,0,236.0,0
0.0,1.0,1.0,0,39185.0,0
0.0,1.0,1.0,0,26763.0,0
0.0,1.0,1.0,0,3038.0,0
0.0,1.0,1.0,0,163075.0,0
0.0,1.0,1.0,0,60137.0,0
0.0,1.0,1.0,0,18922.0,0
0.0,1.0,1.0,0,37433.0,0
0.0,1.0,1.0,0,0.0,0
0.0,1.0,1.0,0,40803.0,0
0.0,1.0,1.0,0,32507.0,0
0.0,1.0,1.0,0,32736.0,0
1.0,1.0,1.0,0,1212.0,0
1.0,1.0,1.0,0,32099.0,0
0.0,1.0,1.0,0,24164.0,0
0.0,1.0,1.0,0,22260.0,0
0.0,1.0,1.0,0,6226.0,0
1.0,1.0,1.0,0,52346.0,0
0.0,1.0,1.0,0,16035.0,0
0.0,1.0,1.0,0,22361.0,0
0.0,1.0,1.0,0,1998.0,0
0.0,1.0,1.0,0,4400.0,0
0.0,1.0,1.0,0,525.0,0
0.0,1.0,1.0,0,51052.0,0
0.0,1.0,1.0,0,31955.0,0
0.0,1.0,1.0,0,14915.0,0
0.0,1.0,1.0,0,4502.0,0
0.0,1.0,1.0,0,7583.0,0
0.0,1.0,1.0,0,12219.0,0
0.0,1.0,1.0,0,2301.0,0
0.0,1.0,1.0,0,30558.0,0
0.0,1.0,1.0,0,16232.0,0
0.0,1.0,1.0,0,29368.0,0
1.0,1.0,1.0,0,18882.0,0
0.0,1.0,1.0,0,5399.0,0
0.0,1.0,1.0,0,38069.0,0
0.0,1.0,1.0,0,51001.0,0
0.0,1.0,1.0,0,51789.0,0
0.0,1.0,1.0,0,10264.0,0
1.0,2.0,1.0,0,230.0,0
0.0,1.0,1.0,0,577.0,0
0.0,1.0,1.0,0,57718.0,0
0.0,1.0,1.0,0,7801.0,0
0.0,1.0,1.0,0,10365.0,0
0.0,1.0,1.0,0,47186.0,0
0.0,1.0,1.0,0,10503.0,0
0.0,1.0,1.0,0,694.0,0
0.0,1.0,1.0,0,2210.0,0
1.0,1.0,1.0,0,41781.0,0
0.0,1.0,1.0,0,3630.0,0
0.0,1.0,1.0,0,109965.0,0
0.0,1.0,1.0,0,7559.0,0
0.0,1.0,1.0,0,26848.0,0
0.0,1.0,1.0,0,7860.0,0
0.0,1.0,1.0,0,67723.0,0
0.0,1.0,1.0,0,56825.0,0
0.0,1.0,1.0,0,33074.0,0
0.0,1.0,1.0,0,75327.0,0
0.0,1.0,1.0,0,39645.0,0
0.0,1.0,1.0,0,60367.0,0
0.0,1.0,1.0,0,5538.0,0
0.0,1.0,1.0,0,93691.0,0
0.0,1.0,1.0,0,63238.0,0
0.0,1.0,1.0,0,48477.0,0
0.0,1.0,1.0,0,56523.0,0
0.0,1.0,1.0,0,41077.0,0
0.0,1.0,1.0,0,13361.0,0
0.0,1.0,1.0,0,21461.0,0
0.0,1.0,1.0,0,12104.0,0
0.0,1.0,1.0,0,84814.0,0
0.0,1.0,1.0,0,15987.0,0
0.0,1.0,1.0,0,14927.0,0
0.0,1.0,1.0,0,37166.0,0
0.0,1.0,1.0,0,25664.0,0
0.0,1.0,1.0,0,16490.0,0
0.0,1.0,1.0,0,83727.0,0
0.0,1.0,1.0,0,33313.0,0
1.0,1.0,1.0,0,29147.0,0
0.0,1.0,1.0,0,108101.0,0
0.0,1.0,1.0,0,5897.0,0
0.0,1.0,1.0,0,52403.0,0
0.0,1.0,1.0,0,19090.0,0
0.0,1.0,1.0,0,9509.0,0
1.0,1.0,1.0,0,31181.0,0
0.0,1.0,1.0,0,28171.0,0
1.0,1.0,1.0,0,21672.0,0
0.0,1.0,1.0,0,39870.0,0
0.0,1.0,1.0,0,40175.0,0
0.0,1.0,1.0,0,36439.0,0
0.0,1.0,1.0,0,128522.0,1
0.0,1.0,1.0,0,1680.0,1
0.0,1.0,1.0,0,0.0,0
0.0,1.0,1.0,0,35559.0,0
0.0,1.0,1.0,0,53384.0,0
0.0,1.0,1.0,0,5310.0,0
0.0,1.0,1.0,0,13957.0,0
0.0,1.0,1.0,0,34371.0,0
0.0,1.0,1.0,0,842.0,0
0.0,1.0,1.0,0,4548.0,0
0.0,1.0,1.0,0,36452.0,0
0.0,1.0,1.0,0,42237.0,0
0.0,1.0,1.0,0,4565.0,0
0.0,1.0,1.0,0,9449.0,0
0.0,1.0,1.0,0,2149.0,0
0.0,1.0,1.0,0,93592.0,0
0.0,1.0,1.0,0,5413.0,0
0.0,1.0,1.0,0,18497.0,0
0.0,1.0,1.0,0,35833.0,0
0.0,1.0,1.0,0,69124.0,0
0.0,1.0,1.0,0,26746.0,0
1.0,1.0,1.0,0,25997.0,0
0.0,1.0,1.0,0,16601.0,0
0.0,1.0,1.0,0,7924.0,0
0.0,1.0,1.0,0,28111.0,0
0.0,1.0,1.0,0,17612.0,0
0.0,1.0,1.0,0,55233.0,0
0.0,1.0,1.0,0,37165.0,0
0.0,1.0,1.0,0,64826.0,0
0.0,1.0,1.0,0,29716.0,0
0.0,1.0,1.0,0,56359.0,0
0.0,1.0,1.0,0,21518.0,0
0.0,1.0,1.0,0,9392.0,0
0.0,1.0,1.0,0,15354.0,0
0.0,1.0,1.0,0,60161.0,0
0.0,1.0,1.0,0,39442.0,0
0.0,1.0,1.0,0,206598.0,0
0.0,1.0,1.0,0,128752.0,0
0.0,1.0,1.0,0,57702.0,0
0.0,1.0,1.0,0,13900.0,0
0.0,1.0,1.0,0,98136.0,0
1.0,1.0,1.0,0,65982.0,0
1.0,1.0,1.0,0,12465.0,0
1.0,1.0,1.0,0,13094.0,0
1.0,1.0,1.0,0,40948.0,0
0.0,1.0,1.0,0,94943.0,0
1.0,1.0,1.0,0,2939.0,0
1.0,1.0,1.0,0,29040.0,0
1.0,1.0,1.0,0,32272.0,0
0.0,1.0,1.0,0,51143.0,0
0.0,1.0,1.0,0,10367.0,0
0.0,1.0,1.0,0,20532.0,0
0.0,1.0,1.0,0,24505.0,0
0.0,1.0,1.0,0,17090.0,0
0.0,1.0,1.0,0,7197.0,0
0.0,1.0,1.0,0,20180.0,0
0.0,1.0,1.0,0,69113.0,0
0.0,1.0,1.0,0,36151.0,0
0.0,1.0,1.0,0,28332.0,0
0.0,1.0,1.0,0,18769.0,0
0.0,1.0,1.0,0,3132.0,0
0.0,1.0,1.0,0,51373.0,0
1.0,1.0,1.0,0,8215.0,0
0.0,1.0,1.0,0,3533.0,0
0.0,1.0,1.0,0,1646.0,0
0.0,1.0,1.0,0,1314.0,0
0.0,1.0,1.0,0,35178.0,0
0.0,1.0,1.0,0,20590.0,0
0.0,1.0,1.0,0,36150.0,0
0.0,1.0,1.0,0,61224.0,0
0.0,1.0,1.0,0,344.0,0
1.0,1.0,1.0,0,8955.0,0
0.0,1.0,1.0,0,10959.0,0
0.0,1.0,1.0,0,8542.0,0
0.0,1.0,1.0,0,34599.0,0
0.0,1.0,1.0,0,52697.0,0
0.0,1.0,1.0,0,37764.0,0
0.0,1.0,1.0,0,19195.0,1
0.0,1.0,1.0,0,35415.0,1
0.0,1.0,1.0,0,2996.0,1
0.0,1.0,1.0,0,0.0,0
1.0,1.0,1.0,0,67133.0,0
0.0,1.0,1.0,0,9260.0,0
0.0,1.0,1.0,0,109767.0,0
0.0,1.0,1.0,0,78830.0,0
0.0,1.0,1.0,0,7345.0,0
0.0,1.0,1.0,0,30006.0,0
0.0,1.0,1.0,0,22087.0,0
0.0,2.0,1.0,0,85.0,0
0.0,1.0,1.0,0,230400.0,0
0.0,1.0,1.0,0,5015.0,0
0.0,1.0,1.0,0,13012.0,0
0.0,1.0,1.0,0,19983.0,0
0.0,1.0,1.0,0,61898.0,0
0.0,1.0,1.0,0,27237.0,0
1.0,1.0,1.0,0,3024.0,0
0.0,1.0,1.0,0,4971.0,0
0.0,1.0,1.0,0,166.0,0
0.0,1.0,1.0,0,243.0,0
0.0,1.0,1.0,0,625.0,0
0.0,1.0,1.0,0,825.0,0
0.0,1.0,1.0,0,474.0,0
0.0,1.0,1.0,0,69635.0,0
0.0,1.0,1.0,0,42430.0,0
0.0,1.0,1.0,0,41952.0,0
0.0,1.0,1.0,0,9763.0,0
0.0,1.0,1.0,0,36549.0,0
1.0,1.0,1.0,0,51765.0,0
0.0,1.0,1.0,0,12090.0,0
1.0,1.0,1.0,0,8724.0,0
0.0,1.0,1.0,0,17948.0,0
0.0,1.0,1.0,0,6328.0,0
0.0,1.0,1.0,0,18328.0,0
0.0,1.0,1.0,0,81077.0,0
0.0,1.0,1.0,0,39170.0,0
0.0,1.0,1.0,0,46644.0,0
0.0,1.0,1.0,0,575.0,0
0.0,1.0,1.0,0,7615.0,0
0.0,1.0,1.0,0,7962.0,0
0.0,1.0,1.0,0,81580.0,0
0.0,1.0,1.0,0,74045.0,0
0.0,1.0,1.0,0,19919.0,0
0.0,1.0,1.0,0,97797.0,0
0.0,1.0,1.0,0,32554.0,0
0.0,1.0,1.0,0,102661.0,0
0.0,1.0,1.0,0,5407.0,0
0.0,1.0,1.0,0,3942.0,0
0.0,1.0,1.0,0,81054.0,0
0.0,1.0,1.0,0,5155.0,0
0.0,1.0,1.0,0,16379.0,0
0.0,1.0,1.0,0,44964.0,0
0.0,1.0,1.0,0,69934.0,0
0.0,1.0,1.0,0,43673.0,0
0.0,1.0,1.0,0,75331.0,0
0.0,1.0,1.0,0,13265.0,0
0.0,1.0,1.0,0,13378.0,0
0.0,1.0,1.0,0,43105.0,0
0.0,1.0,1.0,0,30912.0,0
0.0,1.0,1.0,0,60413.0,0
0.0,1.0,1.0,0,12781.0,0
0.0,1.0,1.0,0,18937.0,0
0.0,1.0,1.0,0,97721.0,0
0.0,1.0,1.0,0,5442.0,0
0.0,1.0,1.0,0,13822.0,0
0.0,1.0,1.0,0,36278.0,0
1.0,1.0,1.0,0,3204.0,0
0.0,1.0,1.0,0,2345.0,0
0.0,1.0,1.0,0,9115.0,0
0.0,1.0,1.0,0,68639.0,0
0.0,1.0,1.0,0,0.0,0
0.0,1.0,1.0,0,3447.0,0
0.0,1.0,1.0,0,47065.0,0
0.0,1.0,1.0,0,26057.0,0
0.0,1.0,1.0,0,13780.0,0
0.0,1.0,1.0,0,5721.0,0
0.0,1.0,1.0,0,78264.0,0
0.0,1.0,1.0,0,31821.0,0
0.0,1.0,1.0,0,59639.0,0
0.0,1.0,1.0,0,29154.0,0
0.0,1.0,1.0,0,63787.0,0
0.0,1.0,1.0,0,38754.0,0
1.0,1.0,1.0,0,2067.0,0
0.0,1.0,1.0,0,33968.0,0
0.0,1.0,1.0,0,27781.0,0
1.0,1.0,1.0,0,39867.0,0
0.0,2.0,1.0,0,230.0,0
0.0,1.0,1.0,0,4795.0,0
0.0,1.0,1.0,0,48471.0,0
0.0,1.0,1.0,0,2634.0,0
0.0,1.0,1.0,0,23178.0,0
0.0,1.0,1.0,0,81764.0,0
0.0,1.0,1.0,0,2822.0,0
0.0,2.0,2.0,0,55.0,0
0.0,1.0,1.0,0,46896.0,0
0.0,1.0,1.0,0,12695.0,0
0.0,1.0,1.0,0,36368.0,0
0.0,1.0,1.0,0,4501.0,0
1.0,1.0,1.0,0,15437.0,0
0.0,1.0,1.0,0,15486.0,0
0.0,1.0,1.0,0,9451.0,0
0.0,1.0,1.0,0,1883.0,0
0.0,2.0,1.0,0,191.0,0
0.0,1.0,1.0,0,119954.0,0
1.0,1.0,1.0,0,36621.0,0
0.0,1.0,1.0,0,126218.0,0
1.0,1.0,1.0,0,118262.0,0
0.0,1.0,1.0,0,22287.0,0
0.0,1.0,1.0,0,28342.0,0
0.0,1.0,1.0,0,10958.0,0
0.0,1.0,1.0,0,8672.0,0
0.0,1.0,1.0,0,36784.0,0
0.0,1.0,1.0,0,55277.0,0
0.0,1.0,1.0,0,7627.0,0
0.0,1.0,1.0,0,24363.0,0
0.0,1.0,1.0,0,18611.0,0
0.0,1.0,1.0,0,15103.0,0
0.0,1.0,1.0,0,30195.0,0
0.0,1.0,1.0,0,533.0,0
1.0,1.0,1.0,0,55046.0,0
0.0,1.0,1.0,0,16853.0,0
0.0,1.0,1.0,0,11828.0,0
1.0,1.0,1.0,0,23516.0,0
0.0,1.0,1.0,0,4407.0,0
0.0,1.0,1.0,0,3264.0,0
0.0,1.0,1.0,0,52820.0,0
0.0,1.0,1.0,0,155632.0,0
0.0,1.0,1.0,0,3864.0,0
0.0,1.0,1.0,0,21023.0,0
0.0,1.0,1.0,0,6157.0,0
0.0,1.0,1.0,0,23786.0,0
0.0,1.0,1.0,0,608.0,1
0.0,1.0,1.0,0,15797.0,1
0.0,1.0,1.0,0,2371.0,1
0.0,1.0,1.0,0,9321.0,1
0.0,1.0,1.0,0,8865.0,1
0.0,1.0,1.0,0,26939.0,1
0.0,1.0,1.0,0,36266.0,1
0.0,1.0,1.0,0,26572.0,1
0.0,1.0,1.0,0,87470.0,1
0.0,1.0,1.0,0,10634.0,1
0.0,1.0,1.0,0,3892.0,1
0.0,1.0,1.0,0,49277.0,1
0.0,1.0,1.0,0,42410.0,1
0.0,1.0,1.0,0,65909.0,1
0.0,1.0,1.0,0,5611.0,1
0.0,1.0,1.0,0,30711.0,1
0.0,1.0,1.0,0,24854.0,1
0.0,1.0,1.0,0,50669.0,1
0.0,1.0,1.0,0,5787.0,1
0.0,1.0,1.0,0,98002.0,1
1.0,1.0,1.0,0,27995.0,1
1.0,1.0,1.0,0,3537.0,1
0.0,1.0,1.0,0,35770.0,1
0.0,1.0,1.0,0,29151.0,1
0.0,1.0,1.0,0,0.0,0
0.0,1.0,1.0,0,20688.0,0
1.0,2.0,1.0,0,288.0,0
1.0,1.0,1.0,0,69955.0,0
0.0,1.0,1.0,0,51046.0,0
0.0,1.0,1.0,0,2027.0,0
0.0,1.0,1.0,0,52291.0,0
0.0,1.0,1.0,0,212742.0,0
0.0,1.0,1.0,0,13572.0,0
0.0,1.0,1.0,0,8321.0,0
0.0,1.0,1.0,0,15667.0,0
0.0,1.0,1.0,0,18475.0,0
0.0,1.0,1.0,0,76241.0,0
0.0,1.0,1.0,0,29899.0,0
0.0,1.0,1.0,0,31345.0,0
0.0,1.0,1.0,0,5403.0,0
0.0,1.0,1.0,0,2926.0,0
0.0,1.0,1.0,0,36662.0,0
0.0,1.0,1.0,0,11561.0,0
0.0,1.0,1.0,0,10888.0,0
0.0,1.0,1.0,0,6093.0,0
0.0,1.0,1.0,0,14515.0,0
0.0,1.0,1.0,0,60540.0,0
0.0,1.0,1.0,0,21359.0,0
0.0,1.0,1.0,0,2947.0,0
0.0,1.0,1.0,0,47641.0,0
1.0,1.0,1.0,0,114336.0,0
0.0,1.0,1.0,0,18811.0,0
0.0,1.0,1.0,0,42929.0,0
0.0,1.0,1.0,0,20945.0,0
0.0,1.0,1.0,0,8458.0,0
0.0,1.0,1.0,0,253.0,0
0.0,1.0,1.0,0,123689.0,0
0.0,1.0,1.0,0,58552.0,0
1.0,1.0,1.0,0,7322.0,0
0.0,1.0,1.0,0,23180.0,0
0.0,1.0,1.0,0,425.0,0
0.0,1.0,1.0,0,73611.0,0
0.0,1.0,1.0,0,14546.0,0
1.0,1.0,1.0,0,10845.0,0
0.0,1.0,1.0,0,23000.0,0
0.0,1.0,1.0,0,13882.0,0
0.0,1.0,1.0,0,25076.0,0
1.0,1.0,1.0,0,6588.0,0
0.0,1.0,1.0,0,486.0,0
0.0,1.0,1.0,0,16994.0,0
0.0,1.0,1.0,0,6517.0,0
0.0,1.0,1.0,0,13710.0,0
0.0,1.0,1.0,0,33452.0,0
0.0,1.0,1.0,0,11422.0,0
0.0,1.0,1.0,0,130835.0,0
0.0,1.0,1.0,0,51245.0,0
0.0,1.0,1.0,0,18190.0,0
0.0,1.0,1.0,0,10373.0,0
1.0,1.0,1.0,0,36327.0,0
0.0,1.0,1.0,0,22536.0,0
0.0,1.0,1.0,0,12805.0,0
0.0,1.0,1.0,0,17366.0,0
0.0,1.0,1.0,0,17404.0,0
0.0,1.0,1.0,0,37225.0,0
0.0,1.0,1.0,0,19805.0,0
0.0,1.0,1.0,0,29775.0,0
0.0,1.0,1.0,0,14392.0,0
0.0,1.0,1.0,0,4625.0,0
1.0,1.0,1.0,0,74380.0,0
1.0,1.0,1.0,0,37596.0,0
0.0,1.0,1.0,0,4342.0,0
0.0,1.0,1.0,0,32010.0,0
0.0,1.0,1.0,0,744.0,0
0.0,1.0,1.0,0,4810.0,0
0.0,1.0,1.0,0,24658.0,0
1.0,1.0,1.0,0,20476.0,0
0.0,1.0,1.0,0,14692.0,0
0.0,1.0,1.0,0,9180.0,0
0.0,1.0,1.0,0,9847.0,0
0.0,1.0,1.0,0,70590.0,0
0.0,1.0,1.0,0,262263.0,0
0.0,1.0,1.0,0,37944.0,0
0.0,1.0,1.0,0,0.0,0
0.0,1.0,1.0,0,558.0,0
0.0,1.0,1.0,0,31672.0,0
0.0,1.0,1.0,0,13140.0,0
0.0,1.0,1.0,0,608.0,0
1.0,1.0,1.0,0,15927.0,0
0.0,1.0,1.0,0,24488.0,0
0.0,1.0,1.0,0,56109.0,0
0.0,1.0,1.0,0,4050.0,0
0.0,1.0,1.0,0,43671.0,0
0.0,1.0,1.0,0,22470.0,0
0.0,1.0,1.0,0,15680.0,0
0.0,1.0,1.0,0,853.0,0
0.0,1.0,1.0,0,126207.0,0
0.0,2.0,1.0,0,68.0,0
0.0,1.0,1.0,0,35386.0,0
0.0,1.0,1.0,0,7494.0,0
0.0,1.0,1.0,0,8819.0,0
1.0,1.0,1.0,0,29698.0,0
0.0,1.0,1.0,0,5569.0,0
0.0,1.0,1.0,0,4723.0,0
0.0,1.0,1.0,0,11413.0,0
0.0,1.0,1.0,0,37861.0,0
0.0,1.0,1.0,0,6285.0,0
0.0,1.0,1.0,0,89387.0,0
0.0,1.0,1.0,0,110527.0,0
0.0,1.0,1.0,0,76319.0,0
0.0,1.0,1.0,0,2691.0,0
1.0,1.0,1.0,0,9962.0,0
0.0,1.0,1.0,0,101892.0,0
0.0,1.0,1.0,0,205005.0,0
1.0,1.0,1.0,0,31095.0,0
0.0,1.0,1.0,0,14269.0,0
0.0,1.0,1.0,0,16464.0,0
0.0,1.0,1.0,0,8991.0,0
1.0,1.0,1.0,0,23988.0,0
0.0,1.0,1.0,0,33340.0,0
0.0,1.0,1.0,0,24567.0,0
0.0,1.0,1.0,0,57624.0,0
0.0,1.0,1.0,0,113092.0,0
0.0,1.0,1.0,0,4634.0,0
1.0,1.0,1.0,0,53463.0,0
0.0,1.0,1.0,0,52877.0,0
0.0,1.0,1.0,0,21521.0,0
0.0,1.0,1.0,0,38982.0,0
1.0,1.0,1.0,0,18998.0,0
0.0,1.0,1.0,0,377.0,0
0.0,1.0,1.0,0,31920.0,0
0.0,1.0,1.0,0,61585.0,0
0.0,1.0,1.0,0,28864.0,0
0.0,1.0,1.0,0,41931.0,0
1.0,1.0,1.0,0,27257.0,0
0.0,1.0,1.0,0,10211.0,0
0.0,1.0,1.0,0,16780.0,0
0.0,1.0,1.0,0,3824.0,0
0.0,1.0,1.0,0,16276.0,0
0.0,1.0,1.0,0,26528.0,0
0.0,1.0,1.0,0,67317.0,0
0.0,1.0,1.0,0,15218.0,0
0.0,1.0,1.0,0,28682.0,0
0.0,1.0,1.0,0,8315.0,0
0.0,1.0,1.0,0,45936.0,0
0.0,1.0,1.0,0,10228.0,0
0.0,1.0,1.0,0,18614.0,0
0.0,1.0,1.0,0,52985.0,0
0.0,1.0,1.0,0,64398.0,0
0.0,1.0,1.0,0,9060.0,0
0.0,1.0,1.0,0,21522.0,0
0.0,1.0,1.0,0,31413.0,0
0.0,1.0,1.0,0,34817.0,0
0.0,1.0,1.0,0,5899.0,0
0.0,1.0,1.0,0,18976.0,0
0.0,1.0,1.0,0,22848.0,0
0.0,1.0,1.0,0,12168.0,0
0.0,1.0,1.0,0,97181.0,0
0.0,1.0,1.0,0,13025.0,0
0.0,1.0,1.0,0,1649.0,0
0.0,1.0,1.0,0,91996.0,0
0.0,1.0,1.0,0,5929.0,0
0.0,1.0,1.0,0,0.0,0
1.0,1.0,1.0,0,9729.0,0
0.0,1.0,1.0,0,60138.0,0
0.0,1.0,1.0,0,16549.0,0
0.0,1.0,1.0,0,868.0,0
0.0,1.0,1.0,0,51434.0,0
0.0,1.0,1.0,0,510.0,0
0.0,1.0,1.0,0,19503.0,0
0.0,1.0,1.0,0,77831.0,0
1.0,1.0,1.0,0,8881.0,0
0.0,1.0,1.0,0,25426.0,0
1.0,1.0,1.0,0,12929.0,0
0.0,1.0,1.0,0,125272.0,0
0.0,1.0,1.0,0,66506.0,0
0.0,1.0,1.0,0,36746.0,0
0.0,1.0,1.0,0,101101.0,0
0.0,1.0,1.0,0,33849.0,0
0.0,1.0,1.0,0,5349.0,0
0.0,1.0,1.0,0,45899.0,0
0.0,1.0,1.0,0,19816.0,0
0.0,1.0,1.0,0,82575.0,0
0.0,1.0,1.0,0,49718.0,0
0.0,1.0,1.0,0,1734.0,0
0.0,1.0,1.0,0,7820.0,0
0.0,1.0,1.0,0,8119.0,0
0.0,1.0,1.0,0,91756.0,0
0.0,1.0,1.0,0,22586.0,0
0.0,1.0,1.0,0,21172.0,0
0.0,1.0,1.0,0,96440.0,0
0.0,1.0,1.0,0,21623.0,0
0.0,1.0,1.0,0,9828.0,0
0.0,1.0,1.0,0,26433.0,0
1.0,1.0,1.0,0,19642.0,0
0.0,1.0,1.0,0,654.0,0
1.0,1.0,1.0,0,21252.0,0
0.0,1.0,1.0,0,6076.0,0
0.0,1.0,1.0,0,8970.0,0
0.0,1.0,1.0,0,54848.0,0
0.0,1.0,1.0,0,1852.0,0
0.0,1.0,1.0,0,57171.0,0
0.0,1.0,1.0,0,4282.0,0
0.0,1.0,1.0,0,33349.0,0
0.0,1.0,1.0,0,46860.0,0
0.0,1.0,1.0,0,7069.0,0
0.0,1.0,1.0,0,27864.0,0
0.0,1.0,1.0,0,7690.0,0
1.0,1.0,1.0,0,4754.0,0
0.0,1.0,1.0,0,11223.0,0
0.0,1.0,1.0,0,17567.0,0
0.0,1.0,1.0,0,10437.0,0
0.0,1.0,1.0,0,1472.0,0
0.0,1.0,1.0,0,49285.0,0
0.0,1.0,1.0,0,37762.0,0
0.0,1.0,1.0,0,92670.0,0
0.0,1.0,1.0,0,32770.0,0
0.0,1.0,1.0,0,53715.0,0
0.0,1.0,1.0,0,1202.0,0
0.0,1.0,1.0,0,17443.0,0
0.0,1.0,1.0,0,4234.0,0
0.0,1.0,1.0,0,2028.0,0
0.0,1.0,1.0,0,2487.0,0
1.0,1.0,1.0,0,26235.0,0
0.0,1.0,1.0,0,8041.0,0
0.0,1.0,1.0,0,5958.0,0
0.0,1.0,1.0,0,100298.0,0
0.0,1.0,1.0,0,49552.0,0
0.0,1.0,1.0,0,23345.0,0
0.0,1.0,1.0,0,81022.0,0
0.0,1.0,1.0,0,12961.0,0
1.0,1.0,1.0,0,827.0,0
0.0,1.0,1.0,0,4011.0,0
1.0,2.0,1.0,0,146.0,0
0.0,1.0,1.0,0,7265.0,0
0.0,1.0,1.0,0,14430.0,0
0.0,1.0,1.0,0,22323.0,0
0.0,1.0,1.0,0,34609.0,0
0.0,1.0,1.0,0,16244.0,0
0.0,1.0,1.0,0,31569.0,0
0.0,1.0,1.0,0,19612.0,0
0.0,1.0,1.0,0,77596.0,0
0.0,1.0,1.0,0,108376.0,0
1.0,1.0,1.0,0,94248.0,0
1.0,1.0,1.0,0,25199.0,0
0.0,1.0,1.0,0,0.0,0
0.0,1.0,1.0,0,21247.0,0
0.0,1.0,1.0,0,8885.0,0
0.0,1.0,1.0,0,477.0,0
0.0,1.0,1.0,0,555.0,0
0.0,2.0,1.0,0,208.0,0
0.0,1.0,1.0,0,730.0,0
0.0,1.0,1.0,0,457.0,0
0.0,1.0,1.0,0,741.0,0
0.0,1.0,1.0,0,426.0,0
0.0,1.0,1.0,0,315.0,0
0.0,1.0,1.0,0,369.0,0
0.0,1.0,1.0,0,754.0,0
0.0,2.0,1.0,0,288.0,0
0.0,1.0,1.0,0,698.0,0
0.0,1.0,1.0,0,15197.0,0
0.0,1.0,1.0,0,50698.0,0
0.0,1.0,1.0,0,22321.0,0
0.0,1.0,1.0,0,83052.0,0
0.0,2.0,1.0,0,103.0,0
0.0,1.0,1.0,0,85691.0,0
0.0,1.0,1.0,0,2540.0,0
0.0,1.0,1.0,0,46262.0,0
0.0,1.0,1.0,0,41311.0,0
0.0,1.0,1.0,0,5626.0,0
0.0,1.0,1.0,0,44658.0,0
0.0,1.0,1.0,0,25728.0,0
0.0,1.0,1.0,0,30159.0,0
0.0,1.0,1.0,0,6134.0,0
0.0,1.0,1.0,0,10985.0,0
0.0,1.0,1.0,0,15065.0,0
0.0,1.0,1.0,0,86357.0,0
0.0,1.0,1.0,0,32371.0,0
0.0,1.0,1.0,0,1263.0,0
0.0,1.0,1.0,0,24947.0,0
0.0,1.0,1.0,0,91996.0,0
0.0,1.0,1.0,0,36021.0,0
0.0,1.0,1.0,0,10039.0,0
0.0,1.0,1.0,0,2155.0,0
0.0,1.0,1.0,0,488.0,0
0.0,1.0,1.0,0,25266.0,0
0.0,1.0,1.0,0,10962.0,0
0.0,1.0,1.0,0,1178.0,0
0.0,1.0,1.0,0,59636.0,0
0.0,1.0,1.0,0,46926.0,0
0.0,1.0,1.0,0,8589.0,0
0.0,1.0,1.0,0,15573.0,0
0.0,1.0,1.0,0,12904.0,0
0.0,1.0,1.0,0,100988.0,0
0.0,1.0,1.0,0,68422.0,0
0.0,1.0,1.0,0,3419.0,0
0.0,1.0,1.0,0,307.0,0
0.0,1.0,1.0,0,11901.0,0
0.0,1.0,1.0,0,109884.0,0
0.0,1.0,1.0,0,3064.0,0
0.0,1.0,1.0,0,5088.0,0
0.0,1.0,1.0,0,24272.0,0
0.0,1.0,1.0,0,35321.0,0
0.0,1.0,1.0,0,36801.0,0
0.0,1.0,1.0,0,82768.0,0
0.0,1.0,1.0,0,15866.0,0
0.0,1.0,1.0,0,30198.0,0
1.0,1.0,1.0,0,30206.0,0
0.0,1.0,1.0,0,49637.0,0
0.0,1.0,1.0,0,23287.0,0
1.0,1.0,1.0,0,6348.0,0
0.0,1.0,1.0,0,34467.0,0
0.0,1.0,1.0,0,4282.0,0
0.0,1.0,1.0,0,2903.0,0
0.0,1.0,1.0,0,37648.0,0
0.0,1.0,1.0,0,30466.0,0
0.0,1.0,1.0,0,22893.0,0
1.0,1.0,1.0,0,38608.0,0
1.0,1.0,1.0,0,4300.0,0
0.0,1.0,1.0,0,12751.0,0
0.0,1.0,1.0,0,16383.0,0
0.0,1.0,1.0,0,34100.0,0
0.0,1.0,1.0,0,3726.0,1
0.0,1.0,1.0,0,31103.0,1
0.0,1.0,1.0,0,33966.0,1
0.0,1.0,1.0,0,4440.0,1
0.0,1.0,1.0,0,65944.0,1
0.0,1.0,1.0,0,2761.0,1
0.0,1.0,1.0,0,9479.0,1
1.0,1.0,1.0,0,367.0,1
0.0,1.0,1.0,0,9701.0,1
0.0,1.0,1.0,0,2607.0,1
0.0,1.0,1.0,0,17954.0,1
0.0,1.0,1.0,0,3640.0,1
0.0,1.0,1.0,0,77554.0,1
1.0,1.0,1.0,0,16270.0,1
0.0,1.0,1.0,0,36740.0,1
0.0,1.0,1.0,0,72307.0,1
0.0,1.0,1.0,0,2542.0,1
0.0,1.0,1.0,0,58026.0,1
0.0,1.0,1.0,0,12554.0,1
1.0,1.0,1.0,0,8077.0,1
0.0,1.0,1.0,0,9011.0,1
0.0,1.0,1.0,0,119400.0,1
0.0,1.0,1.0,0,57668.0,1
0.0,1.0,1.0,0,577.0,1
1.0,1.0,1.0,0,6115.0,1
0.0,1.0,1.0,0,28295.0,1
0.0,1.0,1.0,0,0.0,0
0.0,1.0,1.0,0,77035.0,0
0.0,1.0,1.0,0,5471.0,0
0.0,1.0,1.0,0,26200.0,0
0.0,1.0,1.0,0,16805.0,0
0.0,1.0,1.0,0,71060.0,0
0.0,1.0,1.0,0,41574.0,0
0.0,1.0,1.0,0,51684.0,0
0.0,1.0,1.0,0,29146.0,0
0.0,1.0,1.0,0,3523.0,0
0.0,1.0,1.0,0,44209.0,0
0.0,1.0,1.0,0,4793.0,0
0.0,1.0,1.0,0,89750.0,0
0.0,1.0,1.0,0,36189.0,0
0.0,1.0,1.0,0,56634.0,0
0.0,1.0,1.0,0,1149.0,0
0.0,1.0,1.0,0,94756.0,0
0.0,1.0,1.0,0,76005.0,0
0.0,1.0,1.0,0,111012.0,0
0.0,1.0,1.0,0,18190.0,0
0.0,1.0,1.0,0,47732.0,0
0.0,1.0,1.0,0,25102.0,0
0.0,1.0,1.0,0,3132.0,0
0.0,1.0,1.0,0,16718.0,0
0.0,1.0,1.0,0,3395.0,0
0.0,1.0,1.0,0,21846.0,0
0.0,1.0,1.0,0,20130.0,0
0.0,1.0,1.0,0,23986.0,0
0.0,1.0,1.0,0,70802.0,0
0.0,1.0,1.0,0,39828.0,0
0.0,1.0,1.0,0,58860.0,0
0.0,1.0,1.0,0,2012.0,0
0.0,1.0,1.0,0,5532.0,0
0.0,1.0,1.0,0,37913.0,0
0.0,1.0,1.0,0,9181.0,0
0.0,1.0,1.0,0,45999.0,0
0.0,1.0,1.0,0,4559.0,0
0.0,1.0,1.0,0,16324.0,0
0.0,1.0,1.0,0,1539.0,0
1.0,1.0,1.0,0,9698.0,0
0.0,1.0,1.0,0,13485.0,0
0.0,1.0,1.0,0,6388.0,0
0.0,1.0,1.0,0,58898.0,0
1.0,1.0,1.0,0,29202.0,0
0.0,1.0,1.0,0,9241.0,0
1.0,1.0,1.0,0,9190.0,0
0.0,1.0,1.0,0,28126.0,0
0.0,1.0,1.0,0,3609.0,0
0.0,1.0,1.0,0,4980.0,0
1.0,1.0,1.0,0,125492.0,0
0.0,1.0,1.0,0,84011.0,0
0.0,1.0,1.0,0,36566.0,0
0.0,1.0,1.0,0,4757.0,0
0.0,1.0,1.0,0,10465.0,0
0.0,1.0,1.0,0,18584.0,0
0.0,1.0,1.0,0,19532.0,0
0.0,1.0,1.0,0,9496.0,0
0.0,1.0,1.0,0,8050.0,0
0.0,1.0,1.0,0,162575.0,0
0.0,1.0,1.0,0,40083.0,0
1.0,1.0,1.0,0,46227.0,0
0.0,1.0,1.0,0,104645.0,0
0.0,1.0,1.0,0,82419.0,0
1.0,1.0,1.0,0,45011.0,0
0.0,1.0,1.0,0,34311.0,0
0.0,1.0,1.0,0,37709.0,0
0.0,1.0,1.0,0,21036.0,0
0.0,1.0,1.0,0,203761.0,0
0.0,1.0,1.0,0,0.0,0
0.0,1.0,1.0,0,106605.0,0
0.0,1.0,1.0,0,2823.0,0
0.0,1.0,1.0,0,52239.0,0
1.0,1.0,1.0,0,32936.0,0
0.0,1.0,1.0,0,82315.0,0
0.0,1.0,1.0,0,10731.0,0
0.0,1.0,1.0,0,23843.0,0
0.0,1.0,1.0,0,5926.0,0
0.0,1.0,1.0,0,72181.0,0
0.0,1.0,1.0,0,7422.0,0
0.0,1.0,1.0,0,22193.0,0
0.0,1.0,1.0,0,1354.0,0
0.0,1.0,1.0,0,24324.0,0
0.0,1.0,1.0,0,41902.0,0
1.0,1.0,1.0,0,39024.0,0
0.0,1.0,1.0,0,63122.0,0
0.0,1.0,1.0,0,46474.0,0
1.0,1.0,1.0,0,8200.0,0
0.0,1.0,1.0,0,27710.0,0
0.0,1.0,1.0,0,51141.0,0
0.0,1.0,1.0,0,27108.0,0
0.0,1.0,1.0,0,3462.0,0
0.0,1.0,1.0,0,1779.0,0
0.0,1.0,1.0,0,13891.0,0
0.0,1.0,1.0,0,36145.0,0
0.0,1.0,1.0,0,25119.0,0
0.0,1.0,1.0,0,33715.0,0
0.0,1.0,1.0,0,64549.0,0
0.0,1.0,1.0,0,19724.0,0
0.0,1.0,1.0,0,108403.0,0
0.0,1.0,1.0,0,8887.0,0
0.0,1.0,1.0,0,21064.0,0
0.0,1.0,1.0,0,1408.0,0
0.0,1.0,1.0,0,62927.0,0
0.0,1.0,1.0,0,53272.0,0
0.0,1.0,1.0,0,5566.0,0
0.0,1.0,1.0,0,11235.0,0
1.0,1.0,1.0,0,54490.0,0
0.0,1.0,1.0,0,16183.0,0
0.0,1.0,1.0,0,34693.0,0
0.0,1.0,1.0,0,24689.0,0
0.0,1.0,1.0,0,45566.0,0
0.0,1.0,1.0,0,103220.0,0
0.0,1.0,1.0,0,23909.0,0
0.0,1.0,1.0,0,8059.0,0
0.0,1.0,1.0,0,82138.0,0
0.0,1.0,1.0,0,932.0,0
1.0,1.0,1.0,0,123799.0,0
0.0,1.0,1.0,0,22585.0,0
0.0,1.0,1.0,0,29189.0,0
0.0,1.0,1.0,0,52054.0,0
0.0,1.0,1.0,0,65919.0,0
0.0,1.0,1.0,0,6873.0,0
0.0,1.0,1.0,0,70413.0,0
0.0,1.0,1.0,0,5952.0,0
0.0,1.0,1.0,0,27415.0,0
0.0,1.0,1.0,0,34440.0,0
0.0,1.0,1.0,0,40844.0,0
0.0,1.0,1.0,0,94859.0,0
0.0,1.0,1.0,0,18596.0,0
0.0,1.0,1.0,0,19579.0,0
0.0,1.0,1.0,0,85926.0,0
0.0,1.0,1.0,0,8225.0,0
0.0,1.0,1.0,0,68579.0,0
0.0,1.0,1.0,0,13653.0,0
0.0,1.0,1.0,0,82346.0,0
0.0,1.0,1.0,0,32789.0,0
0.0,1.0,1.0,0,26194.0,0
1.0,1.0,1.0,0,0.0,0
0.0,1.0,1.0,0,81121.0,0
0.0,1.0,1.0,0,29416.0,0
0.0,1.0,1.0,0,10534.0,0
0.0,1.0,1.0,0,6939.0,0
0.0,1.0,1.0,0,40379.0,0
0.0,1.0,1.0,0,85964.0,0
0.0,1.0,1.0,0,63491.0,0
0.0,1.0,1.0,0,44775.0,0
0.0,1.0,1.0,0,17399.0,0
0.0,1.0,1.0,0,60862.0,0
0.0,1.0,1.0,0,59554.0,0
0.0,1.0,1.0,0,12547.0,0
0.0,1.0,1.0,0,13371.0,0
0.0,1.0,1.0,0,20220.0,0
0.0,1.0,1.0,0,25192.0,0
0.0,1.0,1.0,0,8258.0,0
0.0,1.0,1.0,0,24979.0,0
0.0,1.0,1.0,0,12252.0,0
0.0,1.0,1.0,0,6609.0,0
0.0,1.0,1.0,0,20720.0,0
0.0,1.0,1.0,0,27372.0,0
0.0,1.0,1.0,0,54190.0,0
0.0,1.0,1.0,0,48988.0,0
0.0,1.0,1.0,0,459.0,0
0.0,1.0,1.0,0,431.0,0
0.0,2.0,1.0,0,142.0,0
0.0,1.0,1.0,0,544.0,0
0.0,1.0,1.0,0,386.0,0
0.0,1.0,1.0,0,435.0,0
0.0,1.0,1.0,0,383.0,0
0.0,2.0,1.0,0,184.0,0
0.0,2.0,1.0,0,278.0,0
0.0,1.0,1.0,0,779.0,0
0.0,1.0,1.0,0,33958.0,0
0.0,1.0,1.0,0,139022.0,0
0.0,1.0,1.0,0,37241.0,0
0.0,1.0,1.0,0,14380.0,0
0.0,1.0,1.0,0,27340.0,0
0.0,1.0,1.0,0,38399.0,0
1.0,1.0,1.0,0,76607.0,0
0.0,1.0,1.0,0,16827.0,0
0.0,1.0,1.0,0,5226.0,0
0.0,1.0,1.0,0,43280.0,0
0.0,1.0,1.0,0,5454.0,0
0.0,1.0,1.0,0,493.0,0
0.0,1.0,1.0,0,793.0,0
0.0,1.0,1.0,0,309.0,0
0.0,1.0,1.0,0,836.0,0
0.0,2.0,1.0,0,123.0,0
0.0,1.0,1.0,0,336.0,0
0.0,2.0,1.0,0,180.0,0
0.0,1.0,1.0,0,695.0,0
0.0,2.0,1.0,0,166.0,0
0.0,1.0,1.0,0,333.0,0
0.0,1.0,1.0,0,485.0,0
0.0,1.0,1.0,0,615.0,0
0.0,1.0,1.0,0,607.0,0
0.0,1.0,1.0,0,310.0,0
0.0,1.0,1.0,0,413.0,0
0.0,2.0,2.0,0,8.0,0
1.0,1.0,1.0,0,48768.0,0
0.0,1.0,1.0,0,12089.0,0
0.0,1.0,1.0,0,1163.0,0
0.0,1.0,1.0,0,23852.0,0
0.0,1.0,1.0,0,24828.0,0
0.0,1.0,1.0,0,36895.0,0
0.0,1.0,1.0,0,4603.0,0
0.0,1.0,1.0,0,29258.0,0
0.0,1.0,1.0,0,315.0,0
0.0,1.0,1.0,0,729.0,0
0.0,1.0,1.0,0,811.0,0
0.0,1.0,1.0,0,345.0,0
0.0,1.0,1.0,0,400.0,0
0.0,1.0,1.0,0,557.0,0
0.0,1.0,1.0,0,558.0,0
0.0,1.0,1.0,0,334.0,0
0.0,1.0,1.0,0,816.0,0
0.0,1.0,1.0,0,423.0,0
0.0,1.0,1.0,0,705.0,0
0.0,2.0,1.0,0,191.0,0
0.0,1.0,1.0,0,563.0,0
0.0,1.0,1.0,0,406.0,0
0.0,1.0,1.0,0,12036.0,0
0.0,1.0,1.0,0,13400.0,0
0.0,1.0,1.0,0,8229.0,0
0.0,1.0,1.0,0,8592.0,0
0.0,1.0,1.0,0,447.0,0
0.0,1.0,1.0,0,919.0,0
1.0,1.0,1.0,0,65325.0,0
0.0,1.0,1.0,0,21077.0,0
0.0,1.0,1.0,0,2260.0,0
0.0,1.0,1.0,0,17391.0,0
0.0,1.0,1.0,0,8842.0,0
0.0,1.0,1.0,0,101842.0,0
1.0,1.0,1.0,0,15417.0,0
1.0,1.0,1.0,0,16624.0,0
0.0,1.0,1.0,0,72701.0,0
0.0,1.0,1.0,0,26652.0,0
0.0,1.0,1.0,0,33919.0,0
0.0,1.0,1.0,0,60699.0,1
0.0,1.0,1.0,0,135811.0,1
0.0,1.0,1.0,0,10709.0,1
0.0,1.0,1.0,0,23224.0,1
0.0,1.0,1.0,0,74799.0,1
0.0,1.0,1.0,0,81469.0,1
0.0,1.0,1.0,0,17179.0,1
0.0,1.0,1.0,0,76309.0,1
0.0,1.0,1.0,0,86973.0,1
0.0,1.0,1.0,0,61825.0,1
0.0,1.0,1.0,0,32744.0,1
0.0,1.0,2.0,0,27.0,1
0.0,1.0,1.0,0,0.0,0
0.0,1.0,1.0,0,40324.0,0
0.0,1.0,1.0,0,8177.0,0
0.0,1.0,1.0,0,9422.0,0
0.0,1.0,1.0,0,101233.0,0
0.0,1.0,1.0,0,28391.0,0
0.0,1.0,1.0,0,57247.0,0
1.0,1.0,1.0,0,16136.0,0
0.0,1.0,1.0,0,27935.0,0
0.0,1.0,1.0,0,65930.0,0
0.0,1.0,1.0,0,2810.0,0
0.0,1.0,1.0,0,11450.0,0
0.0,1.0,1.0,0,40776.0,0
0.0,1.0,1.0,0,3215.0,0
0.0,1.0,1.0,0,51653.0,0
0.0,1.0,1.0,0,1725.0,0
0.0,1.0,1.0,0,62539.0,0
0.0,1.0,1.0,0,30806.0,0
0.0,1.0,1.0,0,30721.0,0
1.0,1.0,1.0,0,114014.0,0
0.0,1.0,1.0,0,27490.0,0
0.0,1.0,1.0,0,42491.0,0
0.0,1.0,1.0,0,59811.0,0
0.0,1.0,1.0,0,25578.0,0
0.0,1.0,1.0,0,9839.0,0
0.0,1.0,1.0,0,42335.0,0
0.0,1.0,1.0,0,1161.0,0
0.0,1.0,1.0,0,13448.0,0
0.0,1.0,1.0,0,24059.0,0
0.0,1.0,1.0,0,23966.0,0
0.0,1.0,1.0,0,601.0,0
0.0,1.0,1.0,0,27985.0,0
0.0,1.0,1.0,0,1828.0,0
1.0,1.0,1.0,0,126628.0,0
0.0,1.0,1.0,0,31907.0,0
1.0,1.0,1.0,0,59735.0,0
0.0,1.0,1.0,0,6146.0,0
0.0,1.0,1.0,0,143726.0,0
0.0,1.0,1.0,0,25939.0,0
0.0,1.0,1.0,0,22867.0,0
0.0,1.0,1.0,0,69451.0,0
0.0,1.0,1.0,0,19632.0,0
0.0,1.0,1.0,0,203399.0,0
0.0,1.0,1.0,0,30561.0,0
0.0,1.0,1.0,0,26477.0,0
0.0,1.0,1.0,0,23987.0,0
0.0,1.0,1.0,0,19514.0,0
0.0,1.0,1.0,0,7020.0,0
0.0,1.0,1.0,0,996.0,0
0.0,1.0,1.0,0,44087.0,0
0.0,1.0,1.0,0,9417.0,0
0.0,1.0,1.0,0,66269.0,0
0.0,1.0,1.0,0,29385.0,0
0.0,1.0,1.0,0,47687.0,0
1.0,1.0,1.0,0,479.0,0
0.0,1.0,1.0,0,7936.0,0
0.0,1.0,1.0,0,8387.0,0
0.0,1.0,1.0,0,30725.0,0
0.0,1.0,1.0,0,96351.0,0
0.0,1.0,1.0,0,39645.0,0
0.0,1.0,1.0,0,15382.0,0
0.0,1.0,1.0,0,22581.0,0
0.0,1.0,1.0,0,20387.0,0
0.0,1.0,1.0,0,23497.0,0
0.0,1.0,1.0,0,85485.0,0
0.0,1.0,1.0,0,2710.0,0
0.0,1.0,1.0,0,52878.0,0
0.0,1.0,1.0,0,16049.0,0
0.0,1.0,1.0,0,23251.0,0
0.0,1.0,1.0,0,59605.0,0
0.0,1.0,1.0,0,0.0,0
0.0,1.0,1.0,0,76450.0,0
0.0,1.0,1.0,0,5836.0,0
1.0,1.0,1.0,0,32628.0,0
0.0,1.0,1.0,0,12991.0,0
0.0,1.0,1.0,0,76188.0,0
0.0,1.0,1.0,0,33954.0,0
0.0,1.0,1.0,0,18869.0,0
0.0,1.0,1.0,0,52268.0,0
0.0,1.0,1.0,0,84022.0,0
0.0,2.0,1.0,0,180.0,0
0.0,1.0,1.0,0,375.0,0
0.0,1.0,1.0,0,4556.0,0
0.0,1.0,1.0,0,43216.0,0
0.0,1.0,1.0,0,12531.0,0
0.0,1.0,1.0,0,11203.0,0
0.0,1.0,1.0,0,14402.0,0
0.0,1.0,1.0,0,41926.0,0
1.0,1.0,1.0,0,41598.0,0
0.0,1.0,1.0,0,114179.0,0
0.0,1.0,1.0,0,18422.0,0
0.0,1.0,1.0,0,25286.0,0
0.0,1.0,1.0,0,1924.0,0
0.0,2.0,1.0,0,76.0,0
0.0,1.0,1.0,0,39166.0,0
0.0,1.0,1.0,0,45262.0,0
0.0,1.0,1.0,0,7787.0,0
0.0,1.0,1.0,0,4356.0,0
0.0,1.0,1.0,0,27643.0,0
0.0,1.0,1.0,0,43259.0,0
0.0,1.0,1.0,0,37030.0,0
0.0,1.0,1.0,0,76724.0,0
0.0,1.0,1.0,0,145026.0,0
0.0,1.0,1.0,0,69068.0,0
0.0,1.0,1.0,0,21777.0,0
0.0,1.0,1.0,0,4345.0,0
0.0,1.0,1.0,0,881.0,0
0.0,1.0,1.0,0,19122.0,0
0.0,1.0,1.0,0,135446.0,0
0.0,1.0,1.0,0,34129.0,0
0.0,1.0,1.0,0,98454.0,0
0.0,1.0,1.0,0,579.0,0
0.0,1.0,1.0,0,48146.0,0
0.0,1.0,1.0,0,124894.0,0
0.0,1.0,1.0,0,10362.0,0
0.0,1.0,1.0,0,26837.0,0
0.0,1.0,1.0,0,45900.0,0
0.0,1.0,1.0,0,57828.0,0
0.0,1.0,1.0,0,30833.0,0
1.0,1.0,1.0,0,22078.0,0
0.0,1.0,1.0,0,66239.0,0
0.0,1.0,1.0,0,47466.0,0
0.0,1.0,1.0,0,15631.0,0
0.0,1.0,1.0,0,7739.0,0
0.0,1.0,1.0,0,53860.0,0
0.0,1.0,1.0,0,15726.0,0
0.0,1.0,1.0,0,1547.0,0
1.0,1.0,1.0,0,8774.0,0
1.0,1.0,1.0,0,16073.0,0
0.0,2.0,1.0,0,247.0,0
0.0,1.0,1.0,0,10664.0,0
0.0,1.0,1.0,0,33659.0,0
0.0,1.0,1.0,0,9007.0,0
1.0,1.0,1.0,0,1297.0,0
0.0,1.0,1.0,0,18786.0,0
0.0,1.0,1.0,0,39345.0,0
0.0,1.0,1.0,0,50247.0,1
0.0,1.0,1.0,0,65518.0,1
0.0,1.0,1.0,0,5344.0,1
0.0,1.0,1.0,0,47646.0,1
0.0,1.0,1.0,0,1356.0,1
0.0,1.0,1.0,0,25273.0,1
0.0,1.0,1.0,0,46589.0,1
1.0,1.0,1.0,0,29480.0,1
0.0,1.0,1.0,0,42671.0,1
0.0,1.0,1.0,0,0.0,0
0.0,1.0,1.0,0,60434.0,0
0.0,1.0,1.0,0,11186.0,0
0.0,1.0,1.0,0,56971.0,0
0.0,1.0,1.0,0,34274.0,0
0.0,1.0,1.0,0,9615.0,0
0.0,1.0,1.0,0,48390.0,0
0.0,1.0,1.0,0,54341.0,0
0.0,1.0,1.0,0,2804.0,0
0.0,1.0,1.0,0,22920.0,0
0.0,1.0,1.0,0,24957.0,0
0.0,1.0,1.0,0,15310.0,0
0.0,1.0,1.0,0,101722.0,0
0.0,1.0,1.0,0,9929.0,0
0.0,1.0,1.0,0,99491.0,0
0.0,1.0,1.0,0,102418.0,0
0.0,1.0,1.0,0,5411.0,0
0.0,1.0,1.0,0,22765.0,0
0.0,1.0,1.0,0,43840.0,0
0.0,1.0,1.0,0,3912.0,0
0.0,1.0,1.0,0,33223.0,0
1.0,1.0,1.0,0,69211.0,0
0.0,1.0,1.0,0,18520.0,0
0.0,1.0,1.0,0,66235.0,0
0.0,1.0,1.0,0,82834.0,0
0.0,1.0,1.0,0,21913.0,0
0.0,1.0,1.0,0,88309.0,0
1.0,1.0,1.0,0,147995.0,0
0.0,1.0,1.0,0,5547.0,0
0.0,1.0,1.0,0,10077.0,0
0.0,1.0,1.0,0,61444.0,0
0.0,1.0,1.0,0,3279.0,0
0.0,1.0,1.0,0,40614.0,0
0.0,1.0,1.0,0,50996.0,0
0.0,1.0,1.0,0,13745.0,0
0.0,1.0,1.0,0,62945.0,0
0.0,1.0,1.0,0,33451.0,0
0.0,1.0,1.0,0,61107.0,0
0.0,1.0,1.0,0,81050.0,0
0.0,1.0,1.0,0,93415.0,0
0.0,1.0,1.0,0,456.0,0
0.0,1.0,1.0,0,35822.0,0
0.0,1.0,2.0,0,3.0,0
0.0,1.0,1.0,0,19079.0,0
0.0,1.0,1.0,0,35843.0,0
0.0,1.0,1.0,0,6556.0,0
0.0,1.0,1.0,0,1259.0,0
0.0,1.0,1.0,0,6308.0,0
0.0,1.0,1.0,0,57521.0,0
0.0,1.0,1.0,0,48350.0,0
0.0,1.0,1.0,0,28141.0,0
0.0,1.0,1.0,0,23554.0,0
0.0,1.0,1.0,0,42965.0,0
0.0,1.0,1.0,0,39331.0,0
0.0,1.0,1.0,0,87677.0,0
0.0,1.0,1.0,0,14849.0,0
0.0,1.0,1.0,0,28775.0,0
0.0,1.0,1.0,0,48493.0,0
0.0,1.0,1.0,0,76338.0,0
0.0,1.0,1.0,0,13708.0,0
0.0,1.0,1.0,0,46854.0,0
0.0,1.0,1.0,0,2808.0,0
1.0,1.0,1.0,0,5424.0,0
0.0,1.0,1.0,0,80398.0,0
0.0,1.0,1.0,0,3376.0,0
0.0,1.0,1.0,0,10070.0,0
0.0,1.0,1.0,0,25805.0,0
0.0,1.0,1.0,0,15911.0,0
1.0,1.0,1.0,0,0.0,0
0.0,1.0,1.0,0,28261.0,0
1.0,1.0,1.0,0,43583.0,0
0.0,1.0,1.0,0,3468.0,0
0.0,1.0,1.0,0,43715.0,0
0.0,1.0,1.0,0,21765.0,0
0.0,1.0,1.0,0,1265.0,0
0.0,1.0,1.0,0,4245.0,0
0.0,1.0,1.0,0,5291.0,0
0.0,1.0,1.0,0,22211.0,0
1.0,1.0,1.0,0,44805.0,0
0.0,1.0,1.0,0,375.0,0
0.0,1.0,1.0,0,1027.0,0
0.0,1.0,1.0,0,34996.0,0
0.0,1.0,1.0,0,23081.0,0
0.0,1.0,1.0,0,54318.0,0
0.0,1.0,1.0,0,36409.0,0
0.0,1.0,1.0,0,78502.0,0
0.0,1.0,1.0,0,77582.0,0
1.0,1.0,1.0,0,548.0,0
0.0,1.0,1.0,0,45292.0,0
0.0,1.0,1.0,0,2388.0,0
0.0,1.0,1.0,0,22382.0,0
0.0,1.0,1.0,0,20762.0,0
0.0,1.0,1.0,0,56008.0,0
0.0,1.0,1.0,0,44810.0,0
0.0,1.0,1.0,0,186080.0,0
0.0,1.0,1.0,0,22846.0,0
0.0,1.0,1.0,0,37203.0,0
0.0,1.0,1.0,0,49588.0,0
0.0,1.0,1.0,0,594.0,0
0.0,1.0,1.0,0,32008.0,0
0.0,1.0,1.0,0,13756.0,0
0.0,2.0,1.0,0,205.0,0
0.0,2.0,1.0,0,184.0,0
0.0,3.0,2.0,0,58.0,0
0.0,1.0,1.0,0,538.0,0
0.0,2.0,2.0,0,6.0,0
0.0,1.0,1.0,0,687.0,0
0.0,1.0,1.0,0,306.0,0
0.0,1.0,1.0,0,623.0,0
0.0,1.0,1.0,0,704.0,0
0.0,1.0,1.0,0,18439.0,0
0.0,1.0,1.0,0,9602.0,0
0.0,1.0,1.0,0,60708.0,0
0.0,1.0,1.0,0,63988.0,0
0.0,1.0,1.0,0,76074.0,0
1.0,1.0,1.0,0,21469.0,0
0.0,1.0,1.0,0,13721.0,0
0.0,1.0,1.0,0,33480.0,0
0.0,1.0,1.0,0,12602.0,0
0.0,1.0,1.0,0,29130.0,0
1.0,1.0,1.0,0,735.0,0
0.0,1.0,1.0,0,8041.0,0
0.0,1.0,1.0,0,52693.0,0
0.0,1.0,1.0,0,13257.0,0
0.0,1.0,1.0,0,6308.0,0
0.0,1.0,1.0,0,13855.0,1
0.0,1.0,1.0,0,1967.0,1
0.0,1.0,1.0,0,16376.0,1
0.0,1.0,1.0,0,527.0,1
0.0,1.0,1.0,0,845.0,1
0.0,2.0,1.0,0,296.0,1
0.0,2.0,1.0,0,223.0,1
0.0,1.0,1.0,0,479.0,1
0.0,1.0,1.0,0,856.0,1
0.0,1.0,1.0,0,91243.0,1
0.0,1.0,1.0,0,2211.0,1
0.0,1.0,1.0,0,52139.0,1
0.0,1.0,1.0,0,22306.0,1
0.0,2.0,1.0,0,262.0,1
0.0,1.0,1.0,0,356.0,1
0.0,2.0,1.0,0,241.0,1
0.0,1.0,1.0,0,425.0,1
0.0,1.0,1.0,0,844.0,1
0.0,1.0,1.0,0,604.0,1
0.0,2.0,2.0,0,46.0,1
0.0,1.0,1.0,0,55086.0,1
0.0,1.0,1.0,0,67861.0,1
1.0,1.0,1.0,0,49384.0,1
0.0,1.0,1.0,0,24014.0,1
0.0,1.0,1.0,0,2183.0,1
0.0,1.0,1.0,0,89319.0,1
0.0,1.0,1.0,0,17477.0,1
0.0,1.0,1.0,0,13548.0,1
0.0,1.0,1.0,0,18725.0,1
1.0,1.0,1.0,0,76980.0,1
0.0,1.0,1.0,0,23220.0,1
0.0,1.0,1.0,0,50936.0,1
0.0,1.0,1.0,0,10787.0,1
0.0,1.0,1.0,0,1246.0,1
0.0,1.0,1.0,0,53819.0,1
0.0,1.0,1.0,0,46192.0,1
0.0,1.0,1.0,0,10008.0,1
0.0,1.0,1.0,0,34255.0,1
0.0,2.0,1.0,0,95.0,1
0.0,1.0,1.0,0,14271.0,1
0.0,1.0,1.0,0,18224.0,1
0.0,1.0,1.0,0,5124.0,1
0.0,1.0,1.0,0,29579.0,1
0.0,1.0,1.0,0,33123.0,1
0.0,1.0,1.0,0,10962.0,1
0.0,1.0,1.0,0,77188.0,1
1.0,1.0,1.0,0,6416.0,1
0.0,1.0,1.0,0,0.0,0
0.0,1.0,1.0,0,6140.0,0
0.0,1.0,1.0,0,20707.0,0
0.0,1.0,1.0,0,32011.0,0
1.0,1.0,1.0,0,6568.0,0
0.0,1.0,1.0,0,15824.0,0
0.0,1.0,1.0,0,36305.0,0
0.0,1.0,1.0,0,17939.0,0
0.0,1.0,1.0,0,9011.0,0
0.0,1.0,1.0,0,76324.0,0
0.0,1.0,1.0,0,44010.0,0
0.0,1.0,1.0,0,5173.0,0
0.0,1.0,1.0,0,6119.0,0
0.0,1.0,1.0,0,2301.0,0
0.0,1.0,1.0,0,35678.0,0
0.0,1.0,1.0,0,2301.0,0
0.0,1.0,1.0,0,20875.0,0
0.0,1.0,1.0,0,26732.0,0
0.0,1.0,1.0,0,6771.0,0
0.0,1.0,1.0,0,47331.0,0
0.0,1.0,1.0,0,24933.0,0
0.0,1.0,1.0,0,16400.0,0
0.0,1.0,1.0,0,580.0,0
0.0,1.0,1.0,0,52317.0,0
0.0,1.0,1.0,0,64280.0,0
1.0,1.0,1.0,0,101023.0,0
0.0,1.0,1.0,0,20508.0,0
0.0,1.0,1.0,0,19662.0,0
0.0,1.0,1.0,0,202803.0,0
0.0,1.0,1.0,0,87507.0,0
0.0,1.0,1.0,0,29661.0,0
0.0,1.0,1.0,0,27794.0,0
0.0,1.0,1.0,0,13380.0,0
0.0,1.0,1.0,0,20555.0,0
0.0,1.0,1.0,0,74266.0,0
0.0,1.0,1.0,0,37287.0,0
0.0,1.0,1.0,0,22097.0,0
0.0,1.0,1.0,0,58212.0,0
0.0,1.0,1.0,0,100850.0,0
0.0,1.0,1.0,0,26020.0,0
1.0,1.0,1.0,0,48737.0,0
0.0,1.0,1.0,0,88697.0,0
0.0,1.0,1.0,0,54195.0,0
0.0,1.0,1.0,0,6712.0,0
0.0,1.0,1.0,0,26885.0,0
0.0,1.0,1.0,0,6820.0,0
0.0,1.0,1.0,0,30517.0,0
0.0,1.0,1.0,0,4164.0,0
0.0,1.0,1.0,0,23702.0,0
0.0,1.0,1.0,0,11433.0,0
0.0,1.0,1.0,0,4773.0,0
0.0,1.0,1.0,0,5323.0,0
0.0,1.0,1.0,0,3024.0,0
0.0,1.0,1.0,0,10814.0,0
1.0,1.0,1.0,0,65113.0,0
0.0,1.0,1.0,0,10015.0,0
0.0,1.0,1.0,0,17370.0,0
0.0,1.0,1.0,0,9169.0,0
0.0,1.0,1.0,0,56555.0,0
0.0,1.0,1.0,0,5687.0,0
0.0,1.0,1.0,0,44643.0,0
0.0,1.0,1.0,0,6107.0,0
0.0,1.0,1.0,0,54691.0,0
0.0,1.0,1.0,0,2907.0,0
1.0,1.0,1.0,0,52393.0,0
0.0,1.0,1.0,0,49560.0,0
0.0,1.0,1.0,0,96525.0,0
0.0,1.0,1.0,0,872.0,0
0.0,1.0,1.0,0,22427.0,0
0.0,1.0,1.0,0,24067.0,0
0.0,1.0,1.0,0,54462.0,0
0.0,1.0,1.0,0,21269.0,1
0.0,1.0,1.0,0,23657.0,1
0.0,1.0,1.0,0,18949.0,1
0.0,1.0,1.0,0,11136.0,1
0.0,1.0,1.0,0,14580.0,1
0.0,1.0,1.0,0,22651.0,1
0.0,1.0,1.0,0,1157.0,1
0.0,1.0,1.0,0,2960.0,1
0.0,1.0,1.0,0,46604.0,1
0.0,1.0,1.0,0,43618.0,1
0.0,1.0,1.0,0,40431.0,1
0.0,1.0,1.0,0,0.0,0
0.0,1.0,1.0,0,182685.0,0
0.0,1.0,1.0,0,34434.0,0
0.0,1.0,1.0,0,5502.0,0
0.0,1.0,1.0,0,8489.0,0
0.0,1.0,1.0,0,28123.0,0
0.0,1.0,1.0,0,5723.0,0
0.0,1.0,1.0,0,4454.0,0
0.0,1.0,1.0,0,56281.0,0
0.0,1.0,1.0,0,1085.0,0
0.0,1.0,1.0,0,61680.0,0
1.0,1.0,1.0,0,37386.0,0
0.0,1.0,1.0,0,601.0,0
0.0,1.0,1.0,0,52497.0,0
0.0,1.0,1.0,0,59210.0,0
0.0,1.0,1.0,0,23918.0,0
0.0,1.0,1.0,0,24686.0,0
0.0,1.0,1.0,0,21509.0,0
0.0,1.0,1.0,0,1905.0,0
0.0,1.0,1.0,0,13938.0,0
0.0,1.0,1.0,0,21524.0,0
0.0,1.0,1.0,0,4953.0,0
0.0,1.0,1.0,0,11068.0,0
0.0,1.0,1.0,0,37631.0,0
0.0,1.0,1.0,0,78748.0,0
0.0,1.0,1.0,0,138109.0,0
0.0,1.0,1.0,0,126954.0,0
0.0,1.0,1.0,0,9652.0,0
0.0,1.0,1.0,0,88611.0,0
0.0,1.0,1.0,0,201805.0,0
1.0,1.0,1.0,0,121229.0,0
0.0,1.0,1.0,0,76487.0,0
0.0,1.0,1.0,0,12347.0,0
0.0,1.0,1.0,0,63265.0,0
0.0,1.0,1.0,0,7749.0,0
0.0,1.0,1.0,0,42493.0,0
0.0,1.0,1.0,0,29538.0,0
0.0,1.0,1.0,0,3851.0,0
0.0,1.0,1.0,0,1180.0,0
0.0,1.0,1.0,0,8944.0,0
0.0,1.0,1.0,0,97687.0,0
0.0,1.0,1.0,0,14525.0,0
0.0,1.0,1.0,0,3758.0,0
0.0,1.0,1.0,0,34888.0,0
0.0,1.0,1.0,0,31699.0,0
0.0,1.0,1.0,0,34700.0,0
0.0,1.0,1.0,0,42280.0,0
0.0,1.0,1.0,0,142728.0,0
1.0,1.0,1.0,0,53069.0,0
0.0,1.0,1.0,0,43639.0,0
0.0,1.0,1.0,0,17043.0,0
0.0,1.0,1.0,0,19304.0,0
0.0,1.0,1.0,0,83538.0,0
0.0,1.0,1.0,0,18718.0,0
0.0,1.0,1.0,0,5423.0,0
0.0,1.0,1.0,0,27070.0,0
0.0,1.0,1.0,0,26126.0,0
0.0,1.0,1.0,0,8773.0,0
1.0,1.0,1.0,0,0.0,0
0.0,1.0,1.0,0,16799.0,0
0.0,1.0,1.0,0,35171.0,0
0.0,1.0,1.0,0,71309.0,0
0.0,1.0,1.0,0,3496.0,0
0.0,1.0,1.0,0,62854.0,0
0.0,1.0,1.0,0,1325.0,0
0.0,1.0,1.0,0,69946.0,0
0.0,1.0,1.0,0,131201.0,0
0.0,1.0,1.0,0,28356.0,0
1.0,1.0,1.0,0,4927.0,0
0.0,1.0,1.0,0,9975.0,0
0.0,1.0,1.0,0,37912.0,0
0.0,1.0,1.0,0,39053.0,0
0.0,1.0,1.0,0,17006.0,0
0.0,1.0,1.0,0,55478.0,0
0.0,1.0,1.0,0,62337.0,0
0.0,2.0,2.0,0,19.0,0
0.0,1.0,1.0,0,12873.0,0
0.0,1.0,1.0,0,26949.0,0
0.0,1.0,1.0,0,13993.0,0
0.0,1.0,1.0,0,33062.0,0
0.0,1.0,1.0,0,114846.0,0
0.0,1.0,1.0,0,6318.0,0
1.0,1.0,1.0,0,17539.0,0
0.0,1.0,1.0,0,58640.0,0
0.0,1.0,1.0,0,34804.0,0
1.0,1.0,1.0,0,85982.0,0
0.0,1.0,1.0,0,10778.0,0
0.0,1.0,1.0,0,21900.0,0
0.0,1.0,1.0,0,39202.0,0
1.0,1.0,1.0,0,13649.0,0
0.0,1.0,1.0,0,310.0,0
0.0,1.0,1.0,0,26268.0,0
0.0,1.0,1.0,0,45522.0,0
0.0,1.0,1.0,0,3706.0,0
0.0,1.0,1.0,0,9903.0,0
0.0,1.0,1.0,0,72855.0,0
0.0,1.0,1.0,0,44975.0,0
0.0,1.0,1.0,0,39781.0,0
0.0,1.0,1.0,0,2660.0,0
0.0,1.0,1.0,0,3669.0,0
0.0,1.0,1.0,0,1440.0,0
0.0,1.0,1.0,0,3380.0,0
0.0,1.0,1.0,0,40117.0,0
0.0,1.0,1.0,0,23570.0,0
0.0,1.0,1.0,0,8178.0,0
0.0,1.0,1.0,0,33357.0,0
0.0,1.0,1.0,0,199975.0,0
0.0,1.0,1.0,0,40381.0,0
0.0,1.0,1.0,0,37948.0,0
0.0,1.0,1.0,0,16936.0,0
0.0,1.0,1.0,0,16635.0,0
0.0,1.0,1.0,0,107037.0,0
0.0,1.0,1.0,0,33462.0,0
1.0,1.0,1.0,0,2181.0,0
0.0,1.0,1.0,0,1818.0,0
0.0,1.0,1.0,0,32999.0,0
0.0,1.0,1.0,0,64181.0,0
0.0,1.0,1.0,0,37010.0,0
0.0,1.0,1.0,0,78822.0,0
0.0,1.0,1.0,0,83703.0,0
0.0,1.0,1.0,0,45072.0,0
0.0,1.0,1.0,0,18115.0,0
0.0,1.0,1.0,0,30242.0,0
0.0,1.0,1.0,0,72003.0,0
0.0,1.0,1.0,0,101956.0,0
0.0,1.0,1.0,0,11816.0,0
0.0,1.0,1.0,0,11557.0,0
0.0,1.0,1.0,0,0.0,0
0.0,1.0,1.0,0,84666.0,0
0.0,1.0,1.0,0,24131.0,0
0.0,1.0,1.0,0,109163.0,0
0.0,1.0,1.0,0,25493.0,0
0.0,1.0,1.0,0,177044.0,0
0.0,1.0,1.0,0,25855.0,0
1.0,1.0,1.0,0,57484.0,0
0.0,1.0,1.0,0,131452.0,0
1.0,1.0,1.0,0,8067.0,0
0.0,1.0,1.0,0,3383.0,0
0.0,1.0,1.0,0,31979.0,0
0.0,1.0,1.0,0,25902.0,0
0.0,1.0,1.0,0,41822.0,0
0.0,1.0,1.0,0,17995.0,0
0.0,1.0,1.0,0,21084.0,0
0.0,1.0,1.0,0,922.0,0
0.0,1.0,1.0,0,5530.0,0
0.0,1.0,1.0,0,50546.0,0
0.0,1.0,1.0,0,39267.0,0
0.0,1.0,1.0,0,22586.0,0
0.0,1.0,1.0,0,32795.0,0
0.0,1.0,1.0,0,227276.0,0
0.0,1.0,1.0,0,119042.0,0
0.0,1.0,1.0,0,16855.0,0
1.0,1.0,1.0,0,5311.0,0
0.0,1.0,1.0,0,4938.0,0
0.0,1.0,1.0,0,45374.0,0
0.0,1.0,1.0,0,16831.0,0
0.0,1.0,1.0,0,9616.0,0
0.0,1.0,1.0,0,5189.0,0
0.0,1.0,1.0,0,33516.0,0
0.0,1.0,1.0,0,125303.0,0
0.0,1.0,1.0,0,2779.0,0
0.0,1.0,1.0,0,84583.0,0
0.0,1.0,1.0,0,48058.0,0
0.0,1.0,1.0,0,11369.0,0
0.0,1.0,1.0,0,88991.0,0
0.0,1.0,1.0,0,46357.0,0
0.0,1.0,1.0,0,22741.0,0
0.0,1.0,1.0,0,27799.0,0
0.0,1.0,1.0,0,74662.0,0
0.0,1.0,1.0,0,24337.0,0
0.0,1.0,1.0,0,13567.0,0
0.0,1.0,1.0,0,67727.0,0
0.0,1.0,1.0,0,18922.0,0
0.0,1.0,1.0,0,13115.0,0
0.0,1.0,1.0,0,48912.0,0
0.0,1.0,1.0,0,52424.0,0
0.0,1.0,1.0,0,18049.0,0
0.0,1.0,1.0,0,82556.0,0
0.0,1.0,1.0,0,550.0,0
0.0,1.0,1.0,0,10916.0,0
0.0,1.0,1.0,0,2374.0,0
0.0,1.0,1.0,0,3690.0,0
0.0,1.0,1.0,0,41068.0,0
0.0,1.0,1.0,0,23168.0,0
0.0,1.0,1.0,0,15504.0,0
0.0,1.0,1.0,0,0.0,0
0.0,1.0,1.0,0,5168.0,0
0.0,1.0,1.0,0,9953.0,0
0.0,1.0,1.0,0,43274.0,0
0.0,1.0,1.0,0,18141.0,0
0.0,1.0,1.0,0,759.0,0
0.0,1.0,1.0,0,5656.0,0
0.0,1.0,1.0,0,88588.0,0
0.0,1.0,1.0,0,32715.0,0
0.0,1.0,1.0,0,10830.0,0
0.0,1.0,1.0,0,27022.0,0
0.0,1.0,1.0,0,14454.0,0
0.0,1.0,1.0,0,66069.0,0
0.0,1.0,1.0,0,8321.0,0
0.0,1.0,1.0,0,6312.0,0
0.0,1.0,1.0,0,16331.0,0
0.0,1.0,1.0,0,16964.0,0
0.0,1.0,1.0,0,19509.0,0
0.0,1.0,1.0,0,16391.0,0
0.0,1.0,1.0,0,21910.0,0
0.0,1.0,1.0,0,51984.0,0
0.0,1.0,1.0,0,12792.0,0
0.0,1.0,1.0,0,7793.0,0
0.0,1.0,1.0,0,67492.0,0
0.0,1.0,1.0,0,2007.0,0
0.0,1.0,1.0,0,4915.0,0
0.0,2.0,1.0,0,98.0,0
0.0,1.0,1.0,0,19089.0,0
0.0,1.0,1.0,0,32713.0,0
0.0,1.0,1.0,0,45059.0,0
1.0,1.0,1.0,0,18987.0,0
0.0,1.0,1.0,0,64218.0,0
0.0,1.0,1.0,0,28366.0,0
0.0,1.0,1.0,0,10013.0,0
0.0,1.0,1.0,0,14679.0,0
0.0,1.0,1.0,0,1265.0,0
0.0,1.0,1.0,0,30225.0,0
0.0,1.0,1.0,0,4921.0,0
1.0,1.0,1.0,0,25222.0,0
0.0,1.0,1.0,0,26131.0,0
0.0,1.0,1.0,0,13768.0,0
0.0,1.0,1.0,0,24046.0,0
0.0,1.0,1.0,0,35531.0,0
0.0,1.0,1.0,0,15034.0,0
0.0,1.0,1.0,0,59094.0,0
0.0,1.0,1.0,0,12850.0,0
0.0,1.0,1.0,0,23849.0,0
0.0,1.0,1.0,0,17805.0,0
0.0,1.0,1.0,0,13593.0,0
0.0,1.0,1.0,0,16766.0,0
0.0,1.0,1.0,0,41720.0,0
0.0,1.0,1.0,0,23554.0,0
0.0,1.0,1.0,0,667.0,0
0.0,1.0,1.0,0,68735.0,0
0.0,1.0,1.0,0,58824.0,0
0.0,1.0,1.0,0,24773.0,0
1.0,1.0,1.0,0,19621.0,0
0.0,1.0,1.0,0,33562.0,0
0.0,1.0,1.0,0,45993.0,0
0.0,1.0,1.0,0,104393.0,0
0.0,1.0,1.0,0,63576.0,0
0.0,1.0,1.0,0,41251.0,0
0.0,1.0,1.0,0,2830.0,0
1.0,1.0,1.0,0,11488.0,0
1.0,1.0,1.0,0,17568.0,0
0.0,1.0,1.0,0,3562.0,0
0.0,1.0,1.0,0,42816.0,0
0.0,1.0,1.0,0,8216.0,0
0.0,1.0,1.0,0,7363.0,0
0.0,1.0,1.0,0,47963.0,0
0.0,1.0,1.0,0,10165.0,0
0.0,1.0,1.0,0,35081.0,0
0.0,1.0,1.0,0,28681.0,0
0.0,1.0,1.0,0,90360.0,0
0.0,1.0,1.0,0,22847.0,0
0.0,1.0,1.0,0,48113.0,0
0.0,1.0,1.0,0,33096.0,0
0.0,1.0,1.0,0,4770.0,0
1.0,1.0,1.0,0,20077.0,0
0.0,1.0,1.0,0,8165.0,0
0.0,1.0,1.0,0,29322.0,0
0.0,1.0,1.0,0,70894.0,0
0.0,1.0,1.0,0,19117.0,0
0.0,1.0,1.0,0,3056.0,0
1.0,1.0,1.0,0,10317.0,0
0.0,1.0,1.0,0,38104.0,0
0.0,1.0,1.0,0,17125.0,0
0.0,1.0,1.0,0,6115.0,0
0.0,1.0,1.0,0,4321.0,0
0.0,1.0,1.0,0,160629.0,0
0.0,1.0,1.0,0,6333.0,0
0.0,1.0,1.0,0,17209.0,1
0.0,1.0,1.0,0,39450.0,1
0.0,1.0,1.0,0,0.0,0
0.0,1.0,1.0,0,45694.0,0
0.0,1.0,1.0,0,27580.0,0
0.0,1.0,1.0,0,71887.0,0
0.0,1.0,1.0,0,6294.0,0
0.0,1.0,1.0,0,6022.0,0
0.0,1.0,1.0,0,21755.0,0
0.0,1.0,1.0,0,5038.0,0
0.0,1.0,1.0,0,2802.0,0
0.0,1.0,1.0,0,10612.0,0
0.0,1.0,1.0,0,54630.0,0
0.0,1.0,1.0,0,26973.0,0
0.0,1.0,1.0,0,21439.0,0
0.0,1.0,1.0,0,5680.0,0
0.0,1.0,1.0,0,59490.0,0
0.0,1.0,1.0,0,8189.0,0
1.0,1.0,1.0,0,97575.0,0
1.0,1.0,1.0,0,34481.0,0
1.0,1.0,1.0,0,29790.0,0
1.0,1.0,1.0,0,1773.0,0
0.0,1.0,1.0,0,32692.0,0
1.0,1.0,1.0,0,21129.0,0
0.0,1.0,1.0,0,6023.0,0
0.0,1.0,1.0,0,42366.0,0
0.0,1.0,1.0,0,5233.0,0
0.0,1.0,1.0,0,5772.0,0
0.0,1.0,1.0,0,29001.0,0
0.0,1.0,1.0,0,92502.0,0
0.0,1.0,1.0,0,3688.0,0
0.0,1.0,1.0,0,26468.0,0
0.0,1.0,1.0,0,30304.0,0
0.0,1.0,1.0,0,54519.0,0
0.0,1.0,1.0,0,10977.0,0
1.0,1.0,1.0,0,1278.0,0
0.0,1.0,1.0,0,1995.0,0
0.0,1.0,1.0,0,1351.0,0
0.0,1.0,1.0,0,5981.0,0
0.0,1.0,1.0,0,24416.0,0
1.0,1.0,1.0,0,12058.0,0
0.0,1.0,1.0,0,11526.0,0
0.0,1.0,1.0,0,60302.0,0
0.0,1.0,1.0,0,21621.0,0
0.0,1.0,1.0,0,59285.0,0
0.0,1.0,1.0,0,27843.0,0
0.0,1.0,1.0,0,144021.0,0
0.0,1.0,1.0,0,14663.0,0
0.0,1.0,1.0,0,6498.0,0
0.0,1.0,1.0,0,10512.0,0
0.0,1.0,1.0,0,6184.0,0
0.0,1.0,1.0,0,24237.0,1
0.0,1.0,1.0,0,23037.0,1
0.0,1.0,1.0,0,15155.0,1
0.0,1.0,1.0,0,24440.0,1
0.0,1.0,1.0,0,5957.0,1
0.0,1.0,1.0,0,24731.0,1
1.0,1.0,1.0,0,3418.0,1
0.0,1.0,1.0,0,14526.0,1
0.0,1.0,1.0,0,80208.0,1
1.0,1.0,1.0,0,54923.0,1
0.0,1.0,1.0,0,170721.0,1
0.0,1.0,1.0,0,1841.0,1
0.0,1.0,1.0,0,17827.0,1
0.0,1.0,1.0,0,126541.0,1
0.0,1.0,1.0,0,42312.0,1
1.0,1.0,1.0,0,9598.0,1
0.0,1.0,1.0,0,21912.0,1
0.0,1.0,1.0,0,38258.0,1
0.0,1.0,1.0,0,137699.0,1
0.0,1.0,1.0,0,12230.0,1
1.0,1.0,1.0,0,29184.0,1
0.0,1.0,1.0,0,20422.0,1
0.0,1.0,1.0,0,1542.0,1
0.0,1.0,1.0,0,7838.0,1
0.0,1.0,1.0,0,79296.0,1
0.0,1.0,1.0,0,18555.0,1
0.0,1.0,1.0,0,428.0,1
0.0,1.0,1.0,0,42563.0,1
0.0,1.0,1.0,0,1107.0,1
0.0,1.0,1.0,0,35193.0,1
0.0,1.0,1.0,0,74156.0,1
1.0,1.0,1.0,0,25161.0,1
0.0,1.0,1.0,0,20998.0,1
0.0,2.0,1.0,0,171.0,1
0.0,1.0,1.0,0,0.0,0
0.0,1.0,1.0,0,4146.0,0
1.0,1.0,1.0,0,50889.0,0
0.0,1.0,1.0,0,44368.0,0
0.0,1.0,1.0,0,46112.0,0
0.0,1.0,1.0,0,29778.0,0
0.0,1.0,1.0,0,116874.0,0
0.0,1.0,1.0,0,9045.0,0
0.0,1.0,1.0,0,14425.0,0
0.0,1.0,1.0,0,3762.0,0
0.0,1.0,1.0,0,46160.0,0
0.0,1.0,1.0,0,50533.0,0
0.0,1.0,1.0,0,8207.0,0
0.0,1.0,1.0,0,62487.0,0
1.0,1.0,1.0,0,12919.0,0
0.0,1.0,1.0,0,87317.0,0
0.0,1.0,1.0,0,38357.0,0
0.0,1.0,1.0,0,4545.0,0
0.0,1.0,1.0,0,20296.0,0
0.0,1.0,1.0,0,84865.0,0
0.0,1.0,1.0,0,6518.0,0
1.0,1.0,1.0,0,53893.0,0
0.0,1.0,1.0,0,59590.0,0
0.0,1.0,1.0,0,7934.0,0
0.0,1.0,1.0,0,138030.0,0
0.0,1.0,1.0,0,27658.0,0
0.0,1.0,1.0,0,3198.0,0
0.0,1.0,1.0,0,3530.0,0
1.0,1.0,1.0,0,16591.0,0
0.0,1.0,1.0,0,16687.0,0
0.0,1.0,1.0,0,17354.0,0
0.0,1.0,1.0,0,80359.0,0
0.0,1.0,1.0,0,73876.0,0
0.0,1.0,1.0,0,57190.0,0
0.0,1.0,1.0,0,126029.0,0
0.0,1.0,1.0,0,17134.0,0
0.0,1.0,1.0,0,38829.0,0
0.0,1.0,1.0,0,20390.0,0
0.0,1.0,1.0,0,2846.0,0
0.0,1.0,1.0,0,109007.0,0
0.0,1.0,1.0,0,138498.0,0
0.0,1.0,1.0,0,152072.0,0
0.0,1.0,1.0,0,28821.0,0
0.0,1.0,1.0,0,5630.0,0
0.0,1.0,1.0,0,25325.0,0
0.0,1.0,1.0,0,88291.0,0
0.0,1.0,1.0,0,2725.0,0
0.0,1.0,1.0,0,7765.0,0
0.0,1.0,1.0,0,21598.0,0
1.0,1.0,1.0,0,917.0,0
0.0,1.0,1.0,0,34137.0,0
0.0,1.0,1.0,0,20219.0,0
0.0,1.0,1.0,0,91030.0,0
0.0,1.0,1.0,0,104365.0,0
0.0,1.0,1.0,0,48278.0,0
0.0,1.0,1.0,0,47408.0,0
0.0,1.0,1.0,0,63721.0,0
0.0,1.0,1.0,0,33913.0,0
0.0,1.0,1.0,0,35312.0,0
0.0,1.0,1.0,0,1617.0,0
0.0,1.0,1.0,0,0.0,0
0.0,1.0,1.0,0,18265.0,0
0.0,1.0,1.0,0,20149.0,0
0.0,1.0,1.0,0,56900.0,0
0.0,1.0,1.0,0,8229.0,0
0.0,1.0,1.0,0,621.0,0
0.0,1.0,1.0,0,3080.0,0
0.0,1.0,1.0,0,1681.0,0
0.0,1.0,1.0,0,5780.0,0
0.0,1.0,1.0,0,173572.0,0
0.0,1.0,1.0,0,4602.0,0
0.0,1.0,1.0,0,25284.0,0
0.0,1.0,1.0,0,9160.0,0
0.0,1.0,1.0,0,49332.0,0
0.0,1.0,1.0,0,2540.0,0
0.0,1.0,1.0,0,31135.0,0
0.0,1.0,1.0,0,64860.0,0
0.0,1.0,1.0,0,11572.0,0
0.0,1.0,1.0,0,104029.0,0
0.0,1.0,1.0,0,4917.0,0
0.0,1.0,1.0,0,32978.0,0
1.0,1.0,1.0,0,111928.0,0
0.0,1.0,1.0,0,185992.0,0
0.0,2.0,1.0,0,279.0,0
0.0,1.0,1.0,0,26521.0,0
0.0,1.0,1.0,0,19150.0,0
0.0,1.0,1.0,0,1762.0,0
0.0,1.0,1.0,0,55985.0,0
0.0,1.0,1.0,0,68019.0,0
0.0,1.0,1.0,0,55067.0,0
0.0,1.0,1.0,0,32895.0,0
0.0,1.0,1.0,0,12158.0,0
1.0,1.0,1.0,0,19514.0,0
0.0,1.0,1.0,0,28352.0,0
0.0,1.0,1.0,0,14956.0,0
0.0,1.0,1.0,0,5369.0,0
0.0,1.0,1.0,0,30166.0,0
0.0,1.0,1.0,0,8447.0,0
0.0,1.0,1.0,0,5106.0,0
0.0,1.0,1.0,0,26996.0,0
0.0,1.0,1.0,0,55865.0,0
0.0,1.0,1.0,0,1649.0,0
0.0,1.0,1.0,0,27529.0,0
1.0,1.0,1.0,0,59449.0,0
1.0,1.0,1.0,0,30994.0,0
0.0,1.0,1.0,0,11116.0,0
0.0,1.0,1.0,0,14638.0,0
0.0,1.0,1.0,0,29663.0,0
0.0,1.0,1.0,0,15684.0,0
1.0,1.0,1.0,0,41576.0,0
0.0,1.0,1.0,0,10971.0,0
0.0,1.0,1.0,0,9626.0,0
0.0,1.0,1.0,0,56275.0,0
1.0,1.0,1.0,0,122365.0,0
0.0,1.0,1.0,0,100919.0,0
0.0,1.0,1.0,0,20765.0,0
0.0,1.0,1.0,0,4245.0,0
0.0,1.0,1.0,0,4173.0,0
0.0,1.0,1.0,0,36689.0,0
0.0,1.0,1.0,0,16209.0,0
1.0,1.0,1.0,0,15021.0,0
0.0,1.0,1.0,0,5319.0,0
0.0,1.0,1.0,0,34491.0,0
0.0,1.0,1.0,0,3764.0,0
0.0,1.0,1.0,0,13521.0,0
0.0,1.0,1.0,0,17047.0,0
0.0,1.0,1.0,0,22212.0,0
0.0,1.0,1.0,0,76401.0,0
0.0,1.0,1.0,0,5121.0,0
0.0,1.0,1.0,0,55470.0,0
0.0,1.0,1.0,0,7069.0,0
1.0,1.0,1.0,0,5494.0,0
0.0,1.0,1.0,0,6646.0,0
1.0,1.0,1.0,0,30184.0,0
0.0,1.0,1.0,0,31573.0,0
0.0,1.0,1.0,0,50855.0,0
0.0,1.0,1.0,0,52509.0,0
0.0,1.0,1.0,0,9716.0,0
0.0,1.0,1.0,0,56459.0,0
0.0,1.0,1.0,0,35838.0,0
0.0,1.0,1.0,0,19250.0,0
0.0,1.0,1.0,0,0.0,0
0.0,1.0,1.0,0,28609.0,0
0.0,1.0,1.0,0,3160.0,0
0.0,1.0,1.0,0,5186.0,0
0.0,1.0,1.0,0,1114.0,0
1.0,1.0,1.0,0,8635.0,0
0.0,1.0,1.0,0,45807.0,0
0.0,1.0,1.0,0,141737.0,0
0.0,1.0,1.0,0,20271.0,0
0.0,1.0,1.0,0,2120.0,0
0.0,1.0,1.0,0,99347.0,0
0.0,1.0,1.0,0,2402.0,0
0.0,1.0,1.0,0,2186.0,0
1.0,1.0,1.0,0,24593.0,0
0.0,1.0,1.0,0,48267.0,0
0.0,1.0,1.0,0,8340.0,0
0.0,1.0,1.0,0,8584.0,0
0.0,1.0,1.0,0,11122.0,0
0.0,1.0,1.0,0,3660.0,0
0.0,1.0,1.0,0,69678.0,0
0.0,1.0,1.0,0,47264.0,0
0.0,1.0,1.0,0,91124.0,0
0.0,1.0,1.0,0,41105.0,0
0.0,1.0,1.0,0,26773.0,0
0.0,1.0,1.0,0,953.0,0
0.0,1.0,1.0,0,31784.0,0
0.0,1.0,1.0,0,96807.0,0
0.0,1.0,1.0,0,70163.0,0
0.0,1.0,1.0,0,6097.0,0
1.0,1.0,1.0,0,29198.0,0
0.0,1.0,1.0,0,6630.0,0
0.0,1.0,1.0,0,10062.0,0
0.0,1.0,1.0,0,1346.0,0
0.0,1.0,1.0,0,635.0,0
0.0,1.0,1.0,0,59340.0,0
0.0,1.0,1.0,0,2086.0,0
0.0,1.0,1.0,0,38040.0,0
1.0,1.0,1.0,0,46821.0,0
1.0,1.0,1.0,0,52390.0,0
0.0,1.0,1.0,0,72481.0,0
0.0,1.0,1.0,0,36876.0,0
0.0,1.0,1.0,0,8229.0,0
0.0,1.0,1.0,0,21855.0,0
0.0,1.0,1.0,0,10602.0,0
0.0,1.0,1.0,0,20193.0,0
1.0,1.0,1.0,0,81743.0,0
0.0,1.0,1.0,0,37632.0,0
0.0,1.0,1.0,0,917.0,0
1.0,1.0,1.0,0,23558.0,0
0.0,1.0,1.0,0,15558.0,0
0.0,1.0,1.0,0,18363.0,0
0.0,1.0,1.0,0,120354.0,0
0.0,1.0,1.0,0,13999.0,0
0.0,1.0,1.0,0,9261.0,0
0.0,1.0,1.0,0,28509.0,0
0.0,1.0,1.0,0,14062.0,0
0.0,1.0,1.0,0,124929.0,0
0.0,1.0,1.0,0,26549.0,0
0.0,1.0,1.0,0,98001.0,0
0.0,1.0,1.0,0,1556.0,0
0.0,1.0,1.0,0,158839.0,0
0.0,1.0,1.0,0,24738.0,0
0.0,1.0,1.0,0,61618.0,0
0.0,1.0,1.0,0,5243.0,0
0.0,1.0,1.0,0,4137.0,0
0.0,1.0,1.0,0,11440.0,0
0.0,1.0,1.0,0,91647.0,0
0.0,1.0,1.0,0,12401.0,0
1.0,1.0,1.0,0,10002.0,0
0.0,1.0,1.0,0,43793.0,0
0.0,1.0,1.0,0,12204.0,0
0.0,1.0,1.0,0,50578.0,0
0.0,1.0,1.0,0,20454.0,0
0.0,1.0,1.0,0,4846.0,0
0.0,1.0,1.0,0,3653.0,0
0.0,1.0,1.0,0,20495.0,0
0.0,1.0,1.0,0,48663.0,1
1.0,1.0,1.0,0,0.0,0
0.0,1.0,1.0,0,56553.0,0
0.0,1.0,1.0,0,4752.0,0
0.0,1.0,1.0,0,17756.0,0
0.0,1.0,1.0,0,3000.0,0
0.0,1.0,1.0,0,7150.0,0
0.0,1.0,1.0,0,14400.0,0
0.0,1.0,1.0,0,53504.0,0
0.0,1.0,1.0,0,46280.0,0
0.0,1.0,1.0,0,42147.0,0
1.0,1.0,1.0,0,10648.0,0
0.0,1.0,1.0,0,47642.0,0
0.0,1.0,1.0,0,20587.0,0
0.0,1.0,1.0,0,10721.0,0
0.0,1.0,1.0,0,106995.0,0
0.0,1.0,1.0,0,61674.0,0
0.0,1.0,1.0,0,570.0,0
1.0,1.0,1.0,0,26386.0,0
1.0,1.0,1.0,0,11285.0,0
0.0,1.0,1.0,0,151130.0,0
0.0,1.0,1.0,0,1077.0,0
0.0,1.0,1.0,0,6502.0,0
0.0,1.0,1.0,0,15311.0,0
0.0,1.0,1.0,0,84654.0,0
0.0,1.0,1.0,0,7513.0,0
0.0,1.0,1.0,0,1684.0,0
0.0,1.0,1.0,0,19955.0,0
0.0,1.0,1.0,0,16698.0,0
0.0,1.0,1.0,0,27368.0,0
0.0,1.0,1.0,0,7786.0,0
1.0,1.0,1.0,0,63126.0,0
0.0,1.0,1.0,0,10835.0,0
0.0,1.0,1.0,0,12726.0,0
0.0,1.0,1.0,0,44245.0,0
0.0,1.0,1.0,0,3677.0,0
0.0,1.0,1.0,0,1061.0,0
0.0,1.0,1.0,0,116502.0,0
0.0,1.0,1.0,0,53452.0,0
0.0,1.0,1.0,0,13630.0,0
0.0,1.0,1.0,0,265.0,0
0.0,1.0,1.0,0,20896.0,0
0.0,1.0,1.0,0,1614.0,0
0.0,1.0,1.0,0,63424.0,0
0.0,1.0,1.0,0,54414.0,0
0.0,1.0,1.0,0,62580.0,0
0.0,1.0,1.0,0,19376.0,0
1.0,1.0,1.0,0,43895.0,0
0.0,1.0,1.0,0,21232.0,0
0.0,1.0,1.0,0,72080.0,0
0.0,1.0,1.0,0,31608.0,0
0.0,1.0,1.0,0,16090.0,0
0.0,1.0,1.0,0,17240.0,0
0.0,1.0,1.0,0,1940.0,0
0.0,1.0,1.0,0,8416.0,0
0.0,1.0,1.0,0,69162.0,0
0.0,1.0,1.0,0,31690.0,0
1.0,1.0,1.0,0,14949.0,0
0.0,1.0,1.0,0,17725.0,0
0.0,1.0,1.0,0,59038.0,0
0.0,1.0,1.0,0,75923.0,0
0.0,1.0,1.0,0,24140.0,0
0.0,1.0,1.0,0,22716.0,0
0.0,1.0,1.0,0,12389.0,0
0.0,1.0,1.0,0,45359.0,0
0.0,1.0,1.0,0,3718.0,0
0.0,1.0,1.0,0,1741.0,0
0.0,1.0,1.0,0,2458.0,0
0.0,1.0,1.0,0,45726.0,0
0.0,1.0,1.0,0,18581.0,0
1.0,1.0,1.0,0,1871.0,0
0.0,1.0,1.0,0,4952.0,0
0.0,1.0,1.0,0,3781.0,0
0.0,1.0,1.0,0,8676.0,0
0.0,1.0,1.0,0,46767.0,0
0.0,1.0,1.0,0,20934.0,0
0.0,1.0,1.0,0,27205.0,1
0.0,1.0,1.0,0,60161.0,1
0.0,1.0,1.0,0,7161.0,1
0.0,1.0,1.0,0,10164.0,1
0.0,1.0,1.0,0,7146.0,1
0.0,1.0,1.0,0,5607.0,1
0.0,1.0,1.0,0,37377.0,1
0.0,1.0,1.0,0,24538.0,1
1.0,1.0,1.0,0,25147.0,1
0.0,1.0,1.0,0,10064.0,1
1.0,1.0,1.0,0,87143.0,1
0.0,1.0,1.0,0,0.0,0
0.0,1.0,1.0,0,75215.0,0
0.0,1.0,1.0,0,17422.0,0
0.0,1.0,1.0,0,51159.0,0
1.0,1.0,1.0,0,32583.0,0
0.0,1.0,1.0,0,85967.0,0
0.0,1.0,1.0,0,36626.0,0
0.0,1.0,1.0,0,23423.0,0
0.0,1.0,1.0,0,46698.0,0
0.0,1.0,1.0,0,39134.0,0
0.0,1.0,1.0,0,41693.0,0
0.0,1.0,1.0,0,48251.0,0
0.0,1.0,1.0,0,4003.0,0
0.0,1.0,1.0,0,66948.0,0
0.0,1.0,1.0,0,25707.0,0
0.0,1.0,1.0,0,39005.0,0
0.0,1.0,1.0,0,6574.0,0
0.0,1.0,1.0,0,21890.0,0
0.0,1.0,1.0,0,27067.0,0
0.0,1.0,1.0,0,1788.0,0
0.0,1.0,1.0,0,33792.0,0
0.0,1.0,1.0,0,48146.0,0
1.0,1.0,1.0,0,36351.0,0
0.0,1.0,1.0,0,18096.0,0
0.0,1.0,1.0,0,10627.0,0
0.0,1.0,1.0,0,73505.0,0
0.0,1.0,1.0,0,30669.0,0
1.0,1.0,1.0,0,56741.0,0
0.0,1.0,1.0,0,5348.0,0
0.0,1.0,1.0,0,66852.0,0
0.0,1.0,1.0,0,27249.0,0
0.0,1.0,1.0,0,68989.0,0
0.0,1.0,1.0,0,24141.0,0
0.0,1.0,1.0,0,25894.0,0
0.0,1.0,1.0,0,58157.0,0
0.0,1.0,1.0,0,16263.0,0
0.0,1.0,1.0,0,932.0,0
0.0,1.0,1.0,0,7598.0,0
0.0,1.0,1.0,0,44202.0,0
1.0,1.0,1.0,0,2651.0,0
0.0,2.0,1.0,0,237.0,0
0.0,1.0,1.0,0,18258.0,0
0.0,1.0,1.0,0,54260.0,0
0.0,1.0,1.0,0,45171.0,0
0.0,1.0,1.0,0,77284.0,0
0.0,1.0,1.0,0,12685.0,0
1.0,2.0,1.0,0,248.0,0
0.0,1.0,1.0,0,64046.0,0
0.0,1.0,1.0,0,5989.0,0
1.0,1.0,1.0,0,9249.0,0
0.0,1.0,1.0,0,24420.0,0
0.0,1.0,1.0,0,41010.0,0
0.0,1.0,1.0,0,21498.0,0
0.0,1.0,1.0,0,137750.0,0
0.0,1.0,1.0,0,22927.0,0
0.0,1.0,1.0,0,12642.0,0
0.0,1.0,1.0,0,31383.0,0
0.0,1.0,1.0,0,5033.0,0
0.0,1.0,1.0,0,46570.0,0
0.0,1.0,1.0,0,54718.0,0
0.0,1.0,1.0,0,62529.0,0
0.0,1.0,1.0,0,27237.0,0
0.0,1.0,1.0,0,7963.0,0
0.0,1.0,1.0,0,27897.0,0
0.0,1.0,1.0,0,28746.0,0
0.0,1.0,1.0,0,8287.0,0
0.0,1.0,1.0,0,61738.0,0
0.0,1.0,1.0,0,78172.0,0
0.0,1.0,1.0,0,5491.0,0
0.0,1.0,1.0,0,2813.0,0
0.0,1.0,1.0,0,49058.0,0
0.0,1.0,1.0,0,9461.0,0
0.0,1.0,1.0,0,31516.0,0
1.0,1.0,1.0,0,20072.0,0
0.0,1.0,1.0,0,19398.0,0
0.0,1.0,1.0,0,0.0,0
0.0,1.0,1.0,0,19034.0,0
0.0,1.0,1.0,0,14424.0,0
0.0,1.0,1.0,0,1235.0,0
0.0,1.0,1.0,0,51463.0,0
0.0,1.0,1.0,0,8834.0,0
0.0,1.0,1.0,0,5583.0,0
0.0,1.0,1.0,0,76115.0,0
0.0,1.0,1.0,0,52029.0,0
1.0,1.0,1.0,0,40684.0,0
0.0,1.0,1.0,0,14287.0,0
0.0,1.0,1.0,0,31180.0,0
0.0,1.0,1.0,0,3011.0,0
0.0,1.0,1.0,0,6461.0,0
0.0,1.0,1.0,0,35635.0,0
0.0,1.0,1.0,0,18952.0,0
0.0,1.0,1.0,0,54120.0,0
0.0,1.0,1.0,0,54279.0,0
0.0,1.0,1.0,0,100899.0,0
0.0,1.0,1.0,0,45896.0,0
0.0,1.0,1.0,0,12152.0,0
0.0,1.0,1.0,0,16011.0,0
0.0,1.0,1.0,0,27572.0,0
1.0,1.0,1.0,0,116429.0,0
0.0,1.0,1.0,0,11077.0,0
0.0,1.0,1.0,0,5932.0,0
0.0,1.0,1.0,0,68633.0,0
0.0,1.0,1.0,0,85379.0,0
0.0,1.0,1.0,0,66759.0,0
0.0,1.0,1.0,0,77892.0,0
0.0,1.0,1.0,0,1197.0,0
0.0,1.0,1.0,0,2654.0,0
0.0,1.0,1.0,0,5334.0,0
0.0,1.0,1.0,0,52008.0,0
0.0,1.0,1.0,0,13575.0,0
1.0,1.0,1.0,0,168704.0,0
0.0,1.0,1.0,0,66044.0,0
0.0,1.0,1.0,0,16326.0,0
0.0,1.0,1.0,0,108612.0,0
0.0,1.0,1.0,0,5510.0,0
0.0,1.0,1.0,0,165471.0,0
0.0,1.0,1.0,0,73663.0,0
0.0,1.0,1.0,0,17105.0,0
0.0,1.0,1.0,0,266.0,0
0.0,1.0,1.0,0,47088.0,0
0.0,1.0,1.0,0,412.0,0
0.0,1.0,1.0,0,12010.0,1
0.0,1.0,1.0,0,4422.0,1
0.0,1.0,1.0,0,37258.0,1
0.0,1.0,1.0,0,1736.0,1
0.0,1.0,1.0,0,39243.0,1
0.0,1.0,1.0,0,23893.0,1
0.0,1.0,1.0,0,55497.0,1
1.0,1.0,1.0,0,30306.0,1
0.0,1.0,1.0,0,29624.0,1
0.0,1.0,1.0,0,13811.0,1
0.0,1.0,1.0,0,30413.0,1
0.0,1.0,1.0,0,128195.0,1
0.0,1.0,1.0,0,80645.0,1
0.0,1.0,1.0,0,17727.0,1
0.0,1.0,1.0,0,540.0,1
0.0,1.0,1.0,0,3566.0,1
0.0,1.0,1.0,0,79641.0,1
0.0,1.0,1.0,0,2802.0,1
0.0,1.0,1.0,0,68367.0,1
0.0,1.0,1.0,0,0.0,0
0.0,1.0,1.0,0,11662.0,0
1.0,1.0,1.0,0,787.0,0
0.0,1.0,1.0,0,19925.0,0
0.0,1.0,1.0,0,7921.0,0
0.0,1.0,1.0,0,58280.0,0
0.0,1.0,1.0,0,58975.0,0
1.0,1.0,1.0,0,17112.0,0
0.0,1.0,1.0,0,29147.0,0
0.0,1.0,1.0,0,50797.0,0
0.0,1.0,1.0,0,53296.0,0
0.0,1.0,1.0,0,27888.0,0
0.0,1.0,1.0,0,51193.0,0
0.0,1.0,1.0,0,421.0,0
0.0,1.0,1.0,0,24233.0,0
0.0,1.0,1.0,0,26110.0,0
0.0,1.0,1.0,0,77097.0,0
0.0,1.0,1.0,0,6992.0,0
0.0,1.0,1.0,0,8442.0,0
0.0,1.0,1.0,0,8082.0,0
1.0,1.0,1.0,0,34019.0,0
0.0,1.0,1.0,0,56772.0,0
0.0,1.0,1.0,0,64288.0,0
0.0,1.0,1.0,0,21611.0,0
0.0,1.0,1.0,0,5096.0,0
0.0,1.0,1.0,0,10144.0,0
0.0,1.0,1.0,0,24487.0,0
1.0,1.0,1.0,0,29193.0,0
0.0,1.0,1.0,0,2312.0,0
0.0,1.0,1.0,0,20814.0,0
0.0,1.0,1.0,0,24147.0,0
0.0,1.0,1.0,0,41392.0,0
1.0,1.0,1.0,0,74257.0,0
0.0,1.0,1.0,0,67939.0,0
0.0,1.0,1.0,0,10628.0,0
0.0,1.0,1.0,0,4625.0,0
0.0,1.0,1.0,0,33619.0,0
0.0,1.0,1.0,0,5194.0,0
0.0,1.0,1.0,0,59219.0,0
0.0,1.0,1.0,0,4460.0,0
0.0,1.0,1.0,0,158545.0,0
0.0,1.0,1.0,0,91090.0,0
0.0,1.0,1.0,0,4569.0,0
0.0,1.0,1.0,0,9214.0,0
0.0,1.0,1.0,0,2977.0,0
0.0,1.0,1.0,0,26866.0,0
0.0,1.0,1.0,0,5945.0,0
0.0,1.0,1.0,0,170411.0,0
0.0,1.0,1.0,0,7992.0,0
0.0,1.0,1.0,0,47804.0,0
0.0,1.0,1.0,0,8575.0,0
0.0,1.0,1.0,0,34343.0,0
0.0,1.0,1.0,0,490.0,0
0.0,1.0,1.0,0,6345.0,0
0.0,1.0,1.0,0,7308.0,0
0.0,1.0,1.0,0,16064.0,0
0.0,1.0,1.0,0,1679.0,0
0.0,1.0,1.0,0,3445.0,0
0.0,1.0,1.0,0,13465.0,0
0.0,1.0,1.0,0,60874.0,0
0.0,1.0,1.0,0,60721.0,0
0.0,1.0,1.0,0,4029.0,0
0.0,1.0,1.0,0,38898.0,0
0.0,1.0,1.0,0,3755.0,0
0.0,1.0,1.0,0,80224.0,0
0.0,1.0,1.0,0,22800.0,0
0.0,1.0,1.0,0,89028.0,0
0.0,1.0,1.0,0,19267.0,0
0.0,1.0,1.0,0,11562.0,0
0.0,1.0,1.0,0,3600.0,0
0.0,1.0,1.0,0,11965.0,0
0.0,1.0,1.0,0,9432.0,0
0.0,1.0,1.0,0,24545.0,0
0.0,1.0,1.0,0,63839.0,0
0.0,1.0,1.0,0,11441.0,1
0.0,1.0,1.0,0,12222.0,1
0.0,1.0,1.0,0,23562.0,1
0.0,1.0,1.0,0,11888.0,1
0.0,1.0,1.0,0,23640.0,1
0.0,1.0,1.0,0,64544.0,1
0.0,1.0,1.0,0,47008.0,1
0.0,1.0,1.0,0,15411.0,1
0.0,1.0,1.0,0,28982.0,1
0.0,1.0,1.0,0,82168.0,1
0.0,1.0,1.0,0,0.0,0
0.0,1.0,1.0,0,5827.0,0
1.0,1.0,1.0,0,12585.0,0
0.0,1.0,1.0,0,84309.0,0
0.0,1.0,1.0,0,31715.0,0
1.0,1.0,1.0,0,146137.0,0
0.0,1.0,1.0,0,5950.0,0
0.0,1.0,1.0,0,24278.0,0
0.0,1.0,1.0,0,25531.0,0
0.0,1.0,1.0,0,106754.0,0
1.0,1.0,1.0,0,56834.0,0
0.0,1.0,1.0,0,15295.0,0
0.0,1.0,1.0,0,12102.0,0
0.0,1.0,1.0,0,106193.0,0
0.0,1.0,1.0,0,142414.0,0
0.0,1.0,1.0,0,8387.0,0
0.0,1.0,1.0,0,74837.0,0
0.0,1.0,1.0,0,18605.0,0
0.0,1.0,1.0,0,21136.0,0
0.0,1.0,1.0,0,3865.0,0
0.0,1.0,1.0,0,27181.0,0
1.0,1.0,1.0,0,42204.0,0
0.0,1.0,1.0,0,20992.0,0
0.0,1.0,1.0,0,10638.0,0
0.0,1.0,1.0,0,27059.0,0
0.0,1.0,1.0,0,4919.0,0
1.0,1.0,1.0,0,41583.0,0
1.0,1.0,1.0,0,5314.0,0
0.0,1.0,1.0,0,14149.0,0
0.0,1.0,1.0,0,389.0,0
0.0,1.0,1.0,0,29608.0,0
0.0,1.0,1.0,0,7859.0,0
0.0,1.0,1.0,0,28636.0,0
1.0,1.0,1.0,0,68210.0,0
0.0,1.0,1.0,0,40761.0,0
1.0,1.0,1.0,0,19116.0,0
0.0,1.0,1.0,0,70628.0,0
0.0,1.0,1.0,0,18694.0,0
0.0,1.0,1.0,0,11324.0,0
0.0,1.0,1.0,0,145402.0,0
0.0,1.0,1.0,0,11674.0,0
0.0,1.0,1.0,0,107041.0,0
0.0,1.0,1.0,0,65784.0,0
0.0,1.0,1.0,0,15235.0,0
0.0,1.0,1.0,0,102082.0,0
0.0,1.0,1.0,0,7942.0,0
0.0,1.0,1.0,0,25507.0,0
0.0,1.0,1.0,0,23282.0,0
0.0,1.0,1.0,0,23475.0,0
0.0,1.0,1.0,0,6611.0,0
0.0,1.0,1.0,0,48008.0,0
0.0,1.0,1.0,0,32325.0,0
1.0,1.0,1.0,0,9981.0,0
0.0,1.0,1.0,0,70476.0,0
0.0,1.0,1.0,0,35597.0,0
0.0,1.0,1.0,0,8074.0,0
0.0,1.0,1.0,0,12650.0,0
0.0,1.0,1.0,0,21024.0,0
0.0,1.0,1.0,0,16894.0,0
0.0,1.0,1.0,0,7097.0,0
0.0,1.0,1.0,0,26518.0,0
0.0,1.0,1.0,0,4188.0,0
1.0,1.0,1.0,0,43198.0,0
0.0,1.0,1.0,0,54211.0,0
0.0,1.0,1.0,0,77551.0,0
0.0,1.0,1.0,0,6178.0,0
0.0,2.0,1.0,0,179.0,0
0.0,1.0,1.0,0,10764.0,0
0.0,1.0,1.0,0,95771.0,0
0.0,1.0,1.0,0,6858.0,0
0.0,1.0,1.0,0,12819.0,0
0.0,1.0,1.0,0,13132.0,0
0.0,1.0,1.0,0,0.0,0
0.0,1.0,1.0,0,94836.0,0
0.0,2.0,1.0,0,205.0,0
0.0,1.0,1.0,0,4336.0,0
0.0,1.0,1.0,0,11616.0,0
0.0,1.0,1.0,0,15029.0,0
0.0,1.0,1.0,0,71551.0,0
0.0,1.0,1.0,0,74538.0,0
0.0,1.0,1.0,0,15614.0,0
0.0,1.0,1.0,0,10857.0,0
0.0,1.0,1.0,0,117879.0,0
0.0,1.0,1.0,0,6150.0,0
0.0,1.0,1.0,0,1003.0,0
0.0,1.0,1.0,0,28544.0,0
0.0,1.0,1.0,0,1867.0,0
0.0,1.0,1.0,0,50460.0,0
0.0,1.0,1.0,0,16057.0,0
1.0,1.0,1.0,0,23609.0,0
0.0,1.0,1.0,0,6950.0,0
0.0,1.0,1.0,0,2414.0,0
0.0,1.0,1.0,0,52698.0,0
0.0,1.0,1.0,0,12288.0,0
0.0,1.0,1.0,0,27373.0,0
0.0,1.0,1.0,0,21792.0,0
0.0,1.0,1.0,0,37278.0,0
0.0,1.0,1.0,0,33163.0,0
0.0,1.0,1.0,0,71835.0,0
0.0,1.0,1.0,0,4821.0,0
0.0,1.0,1.0,0,99149.0,0
0.0,1.0,1.0,0,36652.0,0
0.0,1.0,1.0,0,37135.0,0
0.0,1.0,1.0,0,78625.0,0
1.0,1.0,1.0,0,61995.0,0
0.0,1.0,1.0,0,19789.0,0
0.0,1.0,1.0,0,32517.0,0
0.0,1.0,1.0,0,32127.0,0
0.0,1.0,1.0,0,16310.0,0
0.0,1.0,1.0,0,58308.0,0
1.0,1.0,1.0,0,10559.0,0
0.0,1.0,1.0,0,17155.0,0
1.0,1.0,1.0,0,18774.0,0
0.0,1.0,1.0,0,46556.0,0
1.0,1.0,1.0,0,18860.0,0
0.0,1.0,1.0,0,14233.0,0
0.0,1.0,1.0,0,44311.0,0
1.0,1.0,1.0,0,64821.0,0
0.0,1.0,1.0,0,23289.0,0
1.0,1.0,1.0,0,65486.0,0
0.0,1.0,1.0,0,4795.0,0
0.0,1.0,1.0,0,12678.0,0
0.0,1.0,1.0,0,66992.0,0
0.0,1.0,1.0,0,45760.0,0
0.0,1.0,1.0,0,24705.0,0
0.0,1.0,1.0,0,52853.0,0
0.0,1.0,1.0,0,10088.0,0
0.0,1.0,1.0,0,35425.0,0
0.0,1.0,1.0,0,39388.0,0
0.0,1.0,1.0,0,12867.0,0
0.0,1.0,1.0,0,3261.0,0
0.0,1.0,1.0,0,66978.0,0
0.0,1.0,1.0,0,96614.0,0
0.0,1.0,1.0,0,136715.0,0
0.0,1.0,1.0,0,2671.0,0
0.0,1.0,1.0,0,45624.0,0
0.0,1.0,1.0,0,6065.0,0
0.0,1.0,1.0,0,49989.0,0
0.0,1.0,1.0,0,30791.0,0
0.0,1.0,1.0,0,43536.0,0
0.0,1.0,1.0,0,12712.0,0
0.0,1.0,1.0,0,82473.0,1
0.0,1.0,1.0,0,0.0,0
0.0,1.0,1.0,0,35288.0,0
0.0,1.0,1.0,0,3873.0,0
0.0,1.0,1.0,0,10490.0,0
0.0,1.0,1.0,0,35981.0,0
0.0,1.0,1.0,0,18039.0,0
0.0,1.0,1.0,0,47264.0,0
0.0,1.0,1.0,0,87649.0,0
0.0,1.0,1.0,0,41741.0,0
0.0,1.0,1.0,0,29611.0,0
0.0,1.0,1.0,0,38385.0,0
0.0,1.0,1.0,0,141676.0,0
0.0,1.0,1.0,0,24119.0,0
0.0,1.0,1.0,0,38673.0,0
0.0,1.0,1.0,0,131643.0,0
0.0,1.0,1.0,0,16861.0,0
0.0,1.0,1.0,0,7100.0,0
0.0,1.0,1.0,0,21480.0,0
0.0,1.0,1.0,0,17995.0,0
0.0,1.0,1.0,0,28836.0,0
0.0,1.0,1.0,0,7640.0,0
0.0,1.0,1.0,0,2079.0,0
0.0,1.0,1.0,0,13358.0,0
1.0,1.0,1.0,0,4405.0,0
0.0,1.0,1.0,0,7209.0,0
0.0,1.0,1.0,0,36178.0,0
0.0,1.0,1.0,0,30027.0,0
0.0,1.0,1.0,0,12452.0,0
0.0,1.0,1.0,0,1079.0,0
0.0,1.0,1.0,0,15740.0,0
0.0,1.0,1.0,0,22892.0,0
0.0,1.0,1.0,0,23022.0,0
0.0,1.0,1.0,0,58352.0,0
0.0,1.0,1.0,0,33077.0,0
0.0,1.0,1.0,0,20726.0,0
0.0,1.0,1.0,0,56871.0,0
0.0,1.0,1.0,0,17650.0,0
0.0,1.0,1.0,0,39910.0,0
0.0,1.0,1.0,0,835.0,0
0.0,1.0,1.0,0,32609.0,0
0.0,1.0,1.0,0,9754.0,0
0.0,1.0,1.0,0,16479.0,0
0.0,1.0,1.0,0,53394.0,0
0.0,1.0,1.0,0,25730.0,0
0.0,1.0,1.0,0,12098.0,0
0.0,1.0,1.0,0,68021.0,0
0.0,1.0,1.0,0,17470.0,0
1.0,1.0,1.0,0,81834.0,0
0.0,1.0,1.0,0,30198.0,0
0.0,2.0,1.0,0,288.0,0
0.0,1.0,1.0,0,52707.0,0
0.0,1.0,1.0,0,14458.0,0
0.0,1.0,1.0,0,93264.0,0
0.0,1.0,1.0,0,7518.0,0
1.0,1.0,1.0,0,1048.0,0
0.0,1.0,1.0,0,5348.0,0
0.0,1.0,1.0,0,46765.0,0
0.0,1.0,1.0,0,31465.0,0
1.0,1.0,1.0,0,64001.0,0
0.0,1.0,1.0,0,7157.0,0
0.0,1.0,1.0,0,87581.0,0
0.0,1.0,1.0,0,53645.0,0
0.0,1.0,1.0,0,4038.0,0
0.0,1.0,1.0,0,78436.0,0
0.0,1.0,1.0,0,54628.0,0
0.0,1.0,1.0,0,86402.0,0
0.0,1.0,1.0,0,8563.0,0
0.0,1.0,1.0,0,19299.0,0
0.0,1.0,1.0,0,15787.0,0
0.0,1.0,1.0,0,10067.0,0
0.0,1.0,1.0,0,2588.0,0
0.0,1.0,1.0,0,73040.0,0
0.0,1.0,1.0,0,5623.0,0
0.0,1.0,1.0,0,39259.0,0
0.0,1.0,1.0,0,6634.0,0
0.0,1.0,1.0,0,2018.0,0
0.0,1.0,1.0,0,33242.0,0
0.0,1.0,1.0,0,12875.0,0
0.0,1.0,1.0,0,38589.0,0
0.0,1.0,1.0,0,8128.0,0
0.0,1.0,1.0,0,18719.0,0
0.0,1.0,1.0,0,21125.0,0
0.0,1.0,1.0,0,34031.0,0
0.0,1.0,1.0,0,0.0,0
0.0,1.0,1.0,0,11412.0,0
0.0,1.0,1.0,0,53696.0,0
0.0,1.0,1.0,0,24684.0,0
0.0,1.0,1.0,0,7158.0,0
0.0,1.0,1.0,0,51260.0,0
0.0,1.0,1.0,0,45752.0,0
0.0,1.0,1.0,0,14938.0,0
0.0,1.0,1.0,0,149664.0,0
0.0,1.0,1.0,0,19963.0,0
0.0,1.0,1.0,0,16734.0,0
0.0,1.0,1.0,0,1071.0,0
0.0,1.0,1.0,0,68811.0,0
0.0,1.0,1.0,0,23498.0,0
0.0,2.0,2.0,0,12.0,0
0.0,1.0,1.0,0,4139.0,0
0.0,1.0,1.0,0,73445.0,0
0.0,1.0,1.0,0,22381.0,0
0.0,1.0,1.0,0,35691.0,0
0.0,1.0,1.0,0,20788.0,0
0.0,1.0,1.0,0,50331.0,0
0.0,1.0,1.0,0,5298.0,0
0.0,1.0,1.0,0,52537.0,0
0.0,1.0,1.0,0,37788.0,0
0.0,1.0,1.0,0,27197.0,0
0.0,1.0,1.0,0,32593.0,0
0.0,2.0,1.0,0,150.0,0
0.0,1.0,1.0,0,3680.0,0
0.0,1.0,1.0,0,59031.0,0
0.0,1.0,1.0,0,7108.0,0
0.0,1.0,1.0,0,2918.0,0
0.0,1.0,1.0,0,13488.0,0
0.0,1.0,1.0,0,18073.0,0
0.0,1.0,1.0,0,68193.0,0
0.0,1.0,1.0,0,17877.0,0
0.0,1.0,1.0,0,17865.0,0
0.0,1.0,1.0,0,3096.0,0
0.0,1.0,1.0,0,1083.0,0
0.0,1.0,1.0,0,55449.0,0
0.0,1.0,1.0,0,72826.0,0
0.0,1.0,1.0,0,21042.0,0
1.0,1.0,1.0,0,8506.0,0
0.0,1.0,1.0,0,31981.0,0
1.0,1.0,1.0,0,3091.0,0
0.0,1.0,1.0,0,59458.0,0
0.0,1.0,1.0,0,8733.0,0
0.0,1.0,1.0,0,17817.0,0
0.0,1.0,1.0,0,5959.0,0
0.0,1.0,1.0,0,61134.0,0
0.0,1.0,1.0,0,65876.0,0
0.0,1.0,1.0,0,2833.0,0
0.0,1.0,1.0,0,76119.0,0
0.0,1.0,1.0,0,10638.0,0
1.0,1.0,1.0,0,28985.0,0
0.0,1.0,1.0,0,53986.0,0
0.0,1.0,1.0,0,50749.0,0
0.0,1.0,1.0,0,13601.0,0
0.0,1.0,1.0,0,18025.0,0
0.0,1.0,1.0,0,9091.0,0
0.0,1.0,1.0,0,35742.0,0
0.0,1.0,1.0,0,32872.0,0
0.0,1.0,1.0,0,33322.0,0
0.0,1.0,1.0,0,4087.0,0
0.0,1.0,1.0,0,51755.0,0
1.0,1.0,1.0,0,56937.0,0
0.0,1.0,1.0,0,121722.0,0
0.0,1.0,1.0,0,6329.0,0
0.0,1.0,1.0,0,16999.0,0
0.0,1.0,1.0,0,8193.0,0
0.0,1.0,1.0,0,193262.0,0
1.0,1.0,1.0,0,21603.0,0
0.0,1.0,1.0,0,36075.0,0
0.0,1.0,1.0,0,2112.0,0
0.0,1.0,1.0,0,665.0,1
0.0,1.0,1.0,0,49358.0,1
0.0,1.0,1.0,0,37090.0,1
0.0,1.0,1.0,0,1421.0,1
0.0,1.0,1.0,0,29494.0,1
0.0,1.0,1.0,0,23709.0,1
0.0,1.0,1.0,0,29698.0,1
1.0,1.0,1.0,0,11315.0,1
0.0,1.0,1.0,0,0.0,0
0.0,1.0,1.0,0,660.0,0
0.0,1.0,1.0,0,32178.0,0
0.0,1.0,1.0,0,32352.0,0
0.0,1.0,1.0,0,8255.0,0
0.0,1.0,1.0,0,27754.0,0
0.0,1.0,1.0,0,18313.0,0
0.0,1.0,1.0,0,28549.0,0
0.0,1.0,1.0,0,3189.0,0
0.0,1.0,1.0,0,82062.0,0
0.0,1.0,1.0,0,28949.0,0
0.0,1.0,1.0,0,11863.0,0
1.0,1.0,1.0,0,26259.0,0
0.0,1.0,1.0,0,10240.0,0
0.0,1.0,1.0,0,34449.0,0
0.0,1.0,1.0,0,13929.0,0
0.0,1.0,1.0,0,11663.0,0
0.0,1.0,1.0,0,119721.0,0
0.0,1.0,1.0,0,1719.0,0
0.0,1.0,1.0,0,27345.0,0
0.0,1.0,1.0,0,32987.0,0
0.0,1.0,1.0,0,8921.0,0
0.0,1.0,1.0,0,13333.0,0
0.0,1.0,1.0,0,19262.0,0
0.0,1.0,1.0,0,43364.0,0
0.0,1.0,1.0,0,28139.0,0
0.0,1.0,1.0,0,18425.0,0
0.0,1.0,1.0,0,22935.0,0
0.0,1.0,1.0,0,29840.0,0
0.0,1.0,1.0,0,126654.0,0
0.0,1.0,1.0,0,23775.0,0
0.0,1.0,1.0,0,15362.0,0
1.0,1.0,1.0,0,38252.0,0
0.0,1.0,1.0,0,41650.0,0
0.0,1.0,1.0,0,18558.0,0
0.0,1.0,1.0,0,59568.0,0
0.0,1.0,1.0,0,53408.0,0
0.0,1.0,1.0,0,10423.0,0
0.0,1.0,1.0,0,12396.0,0
0.0,1.0,1.0,0,32094.0,0
0.0,1.0,1.0,0,23880.0,0
0.0,1.0,1.0,0,24348.0,0
0.0,1.0,1.0,0,50047.0,0
0.0,1.0,1.0,0,4431.0,0
0.0,1.0,1.0,0,47822.0,0
0.0,1.0,1.0,0,11866.0,0
1.0,1.0,1.0,0,24790.0,0
0.0,1.0,1.0,0,48655.0,0
0.0,1.0,1.0,0,2588.0,0
0.0,1.0,1.0,0,13972.0,0
0.0,1.0,1.0,0,26618.0,0
0.0,1.0,1.0,0,60597.0,0
0.0,1.0,1.0,0,11515.0,0
1.0,1.0,1.0,0,12129.0,0
0.0,1.0,1.0,0,68086.0,0
1.0,1.0,1.0,0,39609.0,0
0.0,1.0,1.0,0,36216.0,0
0.0,1.0,1.0,0,60676.0,0
0.0,1.0,1.0,0,38258.0,0
0.0,1.0,1.0,0,12574.0,0
0.0,1.0,1.0,0,3568.0,0
0.0,1.0,1.0,0,1812.0,0
0.0,1.0,1.0,0,2727.0,0
0.0,1.0,1.0,0,42359.0,0
0.0,1.0,1.0,0,15965.0,0
0.0,1.0,1.0,0,111422.0,0
0.0,1.0,1.0,0,56327.0,0
0.0,1.0,1.0,0,9477.0,0
0.0,1.0,1.0,0,6362.0,0
0.0,1.0,1.0,0,20740.0,0
0.0,1.0,1.0,0,3355.0,0
0.0,1.0,1.0,0,48707.0,0
0.0,1.0,1.0,0,638.0,0
0.0,1.0,1.0,0,31753.0,0
0.0,1.0,1.0,0,16758.0,1
0.0,1.0,1.0,0,42363.0,1
0.0,1.0,1.0,0,16240.0,1
0.0,1.0,1.0,0,20525.0,1
1.0,1.0,1.0,0,30658.0,1
0.0,1.0,1.0,0,78673.0,1
0.0,1.0,1.0,0,21044.0,1
0.0,1.0,1.0,0,6052.0,1
0.0,1.0,1.0,0,35026.0,1
0.0,1.0,1.0,0,34009.0,1
0.0,1.0,1.0,0,7073.0,1
0.0,1.0,1.0,0,55664.0,1
1.0,1.0,1.0,0,1673.0,1
0.0,1.0,1.0,0,14478.0,1
0.0,1.0,1.0,0,8666.0,1
1.0,1.0,1.0,0,22790.0,1
0.0,1.0,1.0,0,0.0,0
0.0,1.0,1.0,0,30607.0,0
0.0,1.0,1.0,0,51806.0,0
0.0,1.0,1.0,0,3842.0,0
0.0,1.0,1.0,0,29005.0,0
0.0,1.0,1.0,0,65739.0,0
0.0,1.0,1.0,0,3526.0,0
0.0,1.0,1.0,0,44510.0,0
0.0,1.0,1.0,0,26166.0,0
0.0,1.0,1.0,0,59123.0,0
0.0,1.0,1.0,0,4925.0,0
0.0,1.0,1.0,0,10772.0,0
0.0,1.0,1.0,0,32802.0,0
0.0,1.0,1.0,0,2267.0,0
0.0,1.0,1.0,0,6100.0,0
0.0,1.0,1.0,0,118444.0,0
0.0,1.0,1.0,0,46928.0,0
0.0,1.0,1.0,0,73507.0,0
0.0,1.0,1.0,0,13390.0,0
0.0,1.0,1.0,0,22210.0,0
0.0,1.0,1.0,0,1540.0,0
0.0,1.0,1.0,0,13838.0,0
0.0,1.0,1.0,0,9363.0,0
0.0,1.0,1.0,0,11072.0,0
0.0,1.0,1.0,0,5365.0,0
0.0,1.0,1.0,0,14596.0,0
0.0,1.0,1.0,0,23188.0,0
0.0,1.0,1.0,0,73821.0,0
0.0,1.0,1.0,0,16709.0,0
0.0,1.0,1.0,0,13724.0,0
0.0,1.0,1.0,0,25913.0,0
0.0,1.0,1.0,0,115695.0,0
0.0,1.0,1.0,0,1700.0,0
1.0,1.0,1.0,0,24424.0,0
0.0,1.0,1.0,0,7456.0,0
0.0,1.0,1.0,0,60845.0,0
0.0,1.0,1.0,0,43888.0,0
1.0,1.0,1.0,0,38558.0,0
0.0,1.0,1.0,0,22242.0,0
0.0,1.0,1.0,0,19652.0,0
0.0,1.0,1.0,0,22963.0,0
0.0,1.0,1.0,0,16207.0,0
0.0,1.0,1.0,0,49185.0,0
1.0,1.0,1.0,0,32465.0,0
0.0,1.0,1.0,0,307.0,0
0.0,1.0,1.0,0,36643.0,0
0.0,1.0,1.0,0,20171.0,0
0.0,1.0,1.0,0,710.0,0
0.0,1.0,1.0,0,40054.0,0
0.0,1.0,1.0,0,24943.0,0
0.0,1.0,1.0,0,47533.0,0
0.0,1.0,1.0,0,31586.0,0
0.0,1.0,1.0,0,136985.0,0
0.0,1.0,1.0,0,5488.0,0
0.0,1.0,1.0,0,17791.0,0
0.0,1.0,1.0,0,18995.0,0
0.0,1.0,1.0,0,36418.0,0
0.0,1.0,1.0,0,6437.0,0
0.0,1.0,1.0,0,27311.0,0
0.0,1.0,1.0,0,40344.0,0
0.0,1.0,1.0,0,43817.0,0
0.0,1.0,1.0,0,25157.0,0
0.0,1.0,1.0,0,15712.0,0
0.0,1.0,1.0,0,42109.0,0
0.0,1.0,1.0,0,38757.0,0
0.0,1.0,1.0,0,59189.0,0
0.0,1.0,1.0,0,116425.0,0
1.0,1.0,1.0,0,10778.0,0
0.0,1.0,1.0,0,14332.0,0
0.0,1.0,1.0,0,53079.0,0
0.0,1.0,1.0,0,24798.0,0
1.0,1.0,1.0,0,2178.0,0
0.0,1.0,1.0,0,72252.0,0
0.0,1.0,1.0,0,1447.0,0
0.0,1.0,1.0,0,55365.0,0
0.0,1.0,1.0,0,15920.0,0
0.0,1.0,1.0,0,32515.0,0
0.0,1.0,1.0,0,542.0,0
0.0,1.0,1.0,0,58317.0,0
0.0,1.0,1.0,0,62433.0,0
0.0,1.0,1.0,0,0.0,0
0.0,1.0,1.0,0,35342.0,0
0.0,1.0,1.0,0,45287.0,0
0.0,1.0,1.0,0,12744.0,0
0.0,1.0,1.0,0,8231.0,0
0.0,1.0,1.0,0,8534.0,0
0.0,1.0,1.0,0,8700.0,0
0.0,1.0,1.0,0,19200.0,0
0.0,1.0,1.0,0,17952.0,0
0.0,1.0,1.0,0,14003.0,0
0.0,1.0,1.0,0,33317.0,0
0.0,1.0,1.0,0,13752.0,0
0.0,1.0,1.0,0,21645.0,0
0.0,1.0,1.0,0,13197.0,0
0.0,1.0,1.0,0,2444.0,0
0.0,1.0,1.0,0,18402.0,0
0.0,1.0,1.0,0,40439.0,0
0.0,1.0,2.0,0,57.0,0
0.0,1.0,1.0,0,59484.0,0
0.0,1.0,1.0,0,37574.0,0
0.0,1.0,1.0,0,22731.0,0
0.0,1.0,1.0,0,9303.0,0
0.0,1.0,1.0,0,17279.0,0
0.0,1.0,1.0,0,1418.0,0
0.0,1.0,1.0,0,68877.0,0
1.0,1.0,1.0,0,7139.0,0
0.0,1.0,1.0,0,76434.0,0
0.0,1.0,1.0,0,18592.0,0
0.0,1.0,1.0,0,20168.0,0
0.0,1.0,1.0,0,35893.0,0
0.0,1.0,1.0,0,93351.0,0
0.0,1.0,1.0,0,102297.0,0
0.0,1.0,1.0,0,121722.0,0
0.0,1.0,1.0,0,30785.0,0
0.0,1.0,1.0,0,33285.0,0
0.0,2.0,1.0,0,146.0,0
0.0,1.0,1.0,0,18205.0,0
0.0,1.0,1.0,0,16037.0,0
0.0,1.0,1.0,0,7273.0,0
0.0,1.0,1.0,0,93561.0,0
0.0,1.0,1.0,0,36937.0,0
0.0,1.0,1.0,0,20642.0,0
0.0,1.0,1.0,0,1230.0,0
1.0,1.0,1.0,0,6468.0,0
0.0,1.0,1.0,0,16962.0,0
0.0,1.0,1.0,0,10654.0,0
0.0,1.0,1.0,0,31527.0,0
1.0,1.0,1.0,0,19611.0,0
0.0,1.0,1.0,0,7355.0,0
0.0,1.0,1.0,0,16527.0,0
0.0,1.0,1.0,0,9998.0,0
0.0,1.0,1.0,0,8961.0,0
0.0,1.0,1.0,0,71290.0,0
0.0,1.0,1.0,0,18354.0,0
0.0,1.0,1.0,0,56006.0,0
0.0,1.0,1.0,0,20141.0,0
0.0,1.0,1.0,0,34260.0,0
0.0,1.0,1.0,0,7754.0,0
0.0,1.0,1.0,0,9375.0,0
0.0,1.0,1.0,0,129381.0,0
0.0,1.0,1.0,0,79059.0,0
0.0,1.0,1.0,0,13854.0,0
0.0,1.0,1.0,0,7437.0,0
0.0,1.0,1.0,0,19687.0,0
0.0,1.0,1.0,0,80521.0,0
0.0,1.0,1.0,0,89927.0,0
0.0,1.0,1.0,0,46965.0,0
0.0,1.0,1.0,0,1237.0,0
0.0,1.0,1.0,0,5735.0,1
0.0,1.0,1.0,0,3731.0,1
0.0,1.0,1.0,0,8907.0,1
0.0,1.0,1.0,0,12736.0,1
0.0,1.0,1.0,0,25923.0,1
0.0,1.0,1.0,0,118058.0,1
0.0,1.0,1.0,0,63371.0,1
0.0,1.0,1.0,0,182379.0,1
0.0,1.0,1.0,0,26021.0,1
1.0,1.0,1.0,0,18129.0,1
0.0,1.0,1.0,0,13998.0,1
0.0,1.0,1.0,0,0.0,0
0.0,1.0,1.0,0,27344.0,0
0.0,1.0,1.0,0,7160.0,0
0.0,1.0,1.0,0,42394.0,0
0.0,1.0,1.0,0,12096.0,0
1.0,1.0,1.0,0,18338.0,0
0.0,1.0,1.0,0,9915.0,0
0.0,1.0,1.0,0,30589.0,0
0.0,1.0,1.0,0,19979.0,0
0.0,1.0,1.0,0,16059.0,0
1.0,1.0,1.0,0,124433.0,0
0.0,1.0,1.0,0,60347.0,0
0.0,1.0,1.0,0,38213.0,0
0.0,1.0,1.0,0,17963.0,0
1.0,1.0,1.0,0,78407.0,0
0.0,1.0,1.0,0,407.0,0
0.0,1.0,1.0,0,27599.0,0
1.0,1.0,1.0,0,46285.0,0
0.0,1.0,1.0,0,12998.0,0
0.0,1.0,1.0,0,69982.0,0
0.0,1.0,1.0,0,5320.0,0
0.0,1.0,1.0,0,45899.0,0
0.0,1.0,1.0,0,2813.0,0
0.0,1.0,1.0,0,32555.0,0
0.0,1.0,1.0,0,1058.0,0
0.0,1.0,1.0,0,13094.0,0
0.0,1.0,1.0,0,5090.0,0
0.0,1.0,1.0,0,17908.0,0
0.0,1.0,1.0,0,386.0,0
0.0,1.0,1.0,0,2754.0,0
0.0,1.0,1.0,0,54415.0,0
0.0,1.0,1.0,0,861.0,0
0.0,2.0,1.0,0,280.0,0
0.0,1.0,1.0,0,617.0,0
0.0,1.0,1.0,0,685.0,0
0.0,1.0,1.0,0,12639.0,0
0.0,1.0,1.0,0,46368.0,0
0.0,1.0,1.0,0,560.0,0
0.0,2.0,1.0,0,257.0,0
0.0,1.0,1.0,0,462.0,0
0.0,1.0,1.0,0,703.0,0
0.0,1.0,1.0,0,301.0,0
0.0,1.0,1.0,0,376.0,0
0.0,1.0,1.0,0,610.0,0
0.0,1.0,1.0,0,6318.0,0
0.0,1.0,1.0,0,12156.0,0
0.0,1.0,1.0,0,35709.0,0
0.0,1.0,1.0,0,12009.0,0
0.0,1.0,1.0,0,1584.0,0
0.0,1.0,1.0,0,46935.0,0
1.0,1.0,1.0,0,29444.0,0
0.0,1.0,1.0,0,16251.0,0
0.0,1.0,1.0,0,78267.0,0
0.0,1.0,1.0,0,30967.0,0
0.0,1.0,1.0,0,15773.0,0
0.0,1.0,1.0,0,60660.0,0
0.0,1.0,1.0,0,12213.0,0
0.0,1.0,1.0,0,95554.0,0
0.0,1.0,1.0,0,115031.0,0
0.0,1.0,1.0,0,46277.0,0
1.0,1.0,1.0,0,91094.0,0
0.0,1.0,1.0,0,12831.0,0
0.0,1.0,1.0,0,46157.0,0
1.0,1.0,1.0,0,12155.0,0
2.0,1.0,2.0,0,32.0,0
0.0,1.0,1.0,0,9958.0,0
0.0,1.0,1.0,0,40307.0,0
0.0,1.0,1.0,0,19393.0,0
0.0,1.0,1.0,0,2580.0,0
0.0,1.0,1.0,0,2339.0,0
0.0,1.0,1.0,0,27478.0,0
0.0,1.0,1.0,0,96941.0,0
0.0,1.0,1.0,0,14437.0,0
0.0,1.0,1.0,0,747.0,0
0.0,1.0,1.0,0,5347.0,0
0.0,1.0,1.0,0,29908.0,0
0.0,1.0,1.0,0,3508.0,0
0.0,1.0,1.0,0,39042.0,0
0.0,1.0,1.0,0,19439.0,0
0.0,1.0,1.0,0,4693.0,0
0.0,1.0,1.0,0,44823.0,0
0.0,1.0,1.0,0,614.0,0
0.0,1.0,1.0,0,729.0,0
0.0,1.0,1.0,0,416.0,0
0.0,1.0,1.0,0,309.0,0
0.0,1.0,1.0,0,423.0,0
0.0,1.0,1.0,0,48729.0,0
0.0,1.0,1.0,0,6745.0,0
0.0,1.0,1.0,0,17781.0,0
0.0,1.0,1.0,0,61409.0,0
0.0,1.0,1.0,0,42949.0,0
0.0,1.0,1.0,0,50285.0,0
0.0,1.0,1.0,0,29133.0,0
0.0,1.0,1.0,0,38219.0,0
0.0,1.0,1.0,0,1286.0,0
0.0,1.0,1.0,0,11737.0,0
0.0,1.0,1.0,0,16389.0,0
0.0,1.0,1.0,0,34679.0,0
0.0,1.0,1.0,0,38852.0,0
0.0,1.0,1.0,0,113719.0,0
1.0,1.0,1.0,0,0.0,0
0.0,1.0,1.0,0,3842.0,0
0.0,1.0,1.0,0,21481.0,0
1.0,1.0,1.0,0,72871.0,0
1.0,1.0,1.0,0,1505.0,0
0.0,1.0,1.0,0,2102.0,0
0.0,1.0,1.0,0,51095.0,0
0.0,1.0,1.0,0,29409.0,0
1.0,1.0,1.0,0,118592.0,0
0.0,1.0,1.0,0,83523.0,0
0.0,1.0,1.0,0,8526.0,0
0.0,1.0,1.0,0,29581.0,0
0.0,1.0,1.0,0,26147.0,0
0.0,1.0,1.0,0,19426.0,0
0.0,1.0,1.0,0,12891.0,0
0.0,1.0,1.0,0,22337.0,0
0.0,1.0,1.0,0,22361.0,0
0.0,1.0,1.0,0,158867.0,0
0.0,1.0,1.0,0,19146.0,0
1.0,1.0,1.0,0,15340.0,0
0.0,1.0,1.0,0,56265.0,0
1.0,1.0,1.0,0,68549.0,0
0.0,1.0,1.0,0,3617.0,0
0.0,1.0,1.0,0,65283.0,0
0.0,1.0,1.0,0,24374.0,0
0.0,1.0,1.0,0,24746.0,0
0.0,1.0,1.0,0,30473.0,0
0.0,1.0,1.0,0,21674.0,0
0.0,1.0,1.0,0,3439.0,0
0.0,1.0,1.0,0,19264.0,0
0.0,1.0,1.0,0,44094.0,0
0.0,1.0,1.0,0,26561.0,0
0.0,1.0,1.0,0,11154.0,0
0.0,1.0,1.0,0,9419.0,0
0.0,1.0,1.0,0,58330.0,0
0.0,1.0,1.0,0,2848.0,0
0.0,1.0,1.0,0,13620.0,0
1.0,1.0,1.0,0,31460.0,0
0.0,1.0,1.0,0,63043.0,0
0.0,1.0,1.0,0,12528.0,0
0.0,1.0,1.0,0,16834.0,0
0.0,1.0,1.0,0,44605.0,0
0.0,1.0,1.0,0,29084.0,0
0.0,1.0,1.0,0,65258.0,0
1.0,1.0,1.0,0,39612.0,0
0.0,1.0,1.0,0,14992.0,0
1.0,1.0,1.0,0,17083.0,0
0.0,1.0,1.0,0,56810.0,0
1.0,1.0,1.0,0,11791.0,0
0.0,1.0,1.0,0,61174.0,0
0.0,1.0,1.0,0,30883.0,0
0.0,1.0,1.0,0,83540.0,0
0.0,1.0,1.0,0,31799.0,0
0.0,1.0,1.0,0,11063.0,0
0.0,1.0,1.0,0,38913.0,0
0.0,1.0,1.0,0,22753.0,0
0.0,1.0,1.0,0,49273.0,0
0.0,1.0,1.0,0,24869.0,0
0.0,1.0,1.0,0,5523.0,0
0.0,1.0,1.0,0,29000.0,0
0.0,1.0,1.0,0,4544.0,0
0.0,1.0,1.0,0,32388.0,0
0.0,1.0,1.0,0,52466.0,0
1.0,1.0,1.0,0,23754.0,0
0.0,1.0,1.0,0,4045.0,0
0.0,1.0,1.0,0,22671.0,0
0.0,1.0,1.0,0,8716.0,0
0.0,1.0,1.0,0,29741.0,0
0.0,1.0,1.0,0,6760.0,0
0.0,1.0,1.0,0,10421.0,0
0.0,1.0,1.0,0,39267.0,0
0.0,1.0,1.0,0,7698.0,0
0.0,1.0,1.0,0,16815.0,0
0.0,1.0,1.0,0,60937.0,0
0.0,1.0,1.0,0,10236.0,0
0.0,1.0,1.0,0,6512.0,0
0.0,1.0,1.0,0,34507.0,0
0.0,1.0,1.0,0,130341.0,0
0.0,1.0,1.0,0,15409.0,0
0.0,1.0,1.0,0,56553.0,0
0.0,1.0,1.0,0,0.0,0
0.0,1.0,1.0,0,16842.0,0
0.0,1.0,1.0,0,71321.0,0
0.0,1.0,1.0,0,126037.0,0
1.0,1.0,1.0,0,65560.0,0
0.0,1.0,1.0,0,30143.0,0
0.0,1.0,1.0,0,10884.0,0
0.0,1.0,1.0,0,5114.0,0
0.0,1.0,1.0,0,92133.0,0
0.0,1.0,1.0,0,31512.0,0
1.0,1.0,1.0,0,7762.0,0
1.0,1.0,1.0,0,27706.0,0
0.0,1.0,1.0,0,24052.0,0
0.0,1.0,1.0,0,14648.0,0
0.0,1.0,1.0,0,27071.0,0
0.0,1.0,1.0,0,5396.0,0
0.0,1.0,1.0,0,6919.0,0
0.0,1.0,1.0,0,40634.0,0
0.0,1.0,1.0,0,41415.0,0
0.0,1.0,1.0,0,50459.0,0
0.0,1.0,1.0,0,10359.0,0
0.0,1.0,1.0,0,23610.0,0
0.0,1.0,1.0,0,28203.0,0
0.0,1.0,1.0,0,68147.0,0
0.0,1.0,1.0,0,53718.0,0
0.0,1.0,1.0,0,5849.0,0
0.0,1.0,1.0,0,14287.0,0
0.0,1.0,1.0,0,49872.0,0
0.0,1.0,1.0,0,73195.0,0
0.0,1.0,1.0,0,25825.0,0
0.0,1.0,1.0,0,1339.0,0
0.0,1.0,1.0,0,2670.0,0
0.0,1.0,1.0,0,3704.0,0
0.0,1.0,1.0,0,47137.0,0
1.0,1.0,1.0,0,22661.0,0
0.0,1.0,1.0,0,16097.0,0
0.0,1.0,1.0,0,55405.0,0
1.0,1.0,1.0,0,27500.0,0
0.0,1.0,1.0,0,5613.0,0
0.0,1.0,1.0,0,40612.0,0
0.0,1.0,1.0,0,76471.0,0
0.0,1.0,1.0,0,37280.0,0
0.0,1.0,1.0,0,15296.0,0
0.0,1.0,1.0,0,95650.0,0
0.0,1.0,1.0,0,2625.0,0
0.0,1.0,1.0,0,27523.0,0
0.0,1.0,1.0,0,103273.0,0
0.0,1.0,1.0,0,6458.0,0
0.0,1.0,1.0,0,2692.0,0
0.0,1.0,1.0,0,9705.0,0
0.0,1.0,1.0,0,140106.0,0
0.0,1.0,1.0,0,12524.0,0
0.0,1.0,1.0,0,30221.0,0
0.0,1.0,1.0,0,11227.0,0
0.0,1.0,1.0,0,73544.0,0
0.0,1.0,1.0,0,120874.0,0
0.0,1.0,1.0,0,26258.0,0
0.0,1.0,1.0,0,3498.0,0
0.0,1.0,1.0,0,10339.0,0
0.0,1.0,1.0,0,7675.0,0
0.0,1.0,1.0,0,32065.0,0
0.0,1.0,1.0,0,8216.0,0
0.0,1.0,1.0,0,30056.0,0
0.0,1.0,1.0,0,43604.0,0
0.0,1.0,1.0,0,41145.0,0
0.0,1.0,1.0,0,44582.0,1
0.0,1.0,1.0,0,14368.0,1
0.0,1.0,1.0,0,20691.0,1
0.0,1.0,1.0,0,12304.0,1
0.0,1.0,1.0,0,84112.0,1
0.0,1.0,1.0,0,38408.0,1
0.0,1.0,1.0,0,9012.0,1
0.0,1.0,1.0,0,11792.0,1
0.0,1.0,1.0,0,0.0,0
1.0,1.0,1.0,0,8874.0,0
0.0,1.0,1.0,0,2641.0,0
0.0,1.0,1.0,0,48061.0,0
0.0,1.0,1.0,0,19656.0,0
0.0,1.0,1.0,0,7877.0,0
0.0,1.0,1.0,0,6857.0,0
0.0,1.0,1.0,0,71085.0,0
0.0,1.0,1.0,0,176461.0,0
0.0,1.0,1.0,0,5964.0,0
0.0,1.0,1.0,0,8400.0,0
0.0,1.0,1.0,0,7724.0,0
0.0,1.0,1.0,0,104249.0,0
0.0,1.0,1.0,0,25854.0,0
0.0,1.0,1.0,0,1511.0,0
0.0,1.0,1.0,0,54978.0,0
0.0,1.0,1.0,0,70931.0,0
0.0,1.0,1.0,0,9266.0,0
0.0,1.0,1.0,0,120216.0,0
0.0,1.0,1.0,0,66584.0,0
0.0,1.0,1.0,0,65469.0,0
1.0,1.0,1.0,0,378.0,0
0.0,1.0,1.0,0,8901.0,0
0.0,1.0,1.0,0,174287.0,0
0.0,1.0,1.0,0,98469.0,0
0.0,1.0,1.0,0,2724.0,0
0.0,1.0,1.0,0,74523.0,0
0.0,1.0,1.0,0,3493.0,0
0.0,1.0,1.0,0,11867.0,0
0.0,1.0,1.0,0,22411.0,0
0.0,1.0,1.0,0,10077.0,0
0.0,1.0,1.0,0,13893.0,0
0.0,1.0,1.0,0,39128.0,0
0.0,1.0,1.0,0,6808.0,0
0.0,1.0,1.0,0,22000.0,0
0.0,1.0,1.0,0,16335.0,0
0.0,1.0,1.0,0,78203.0,0
0.0,1.0,1.0,0,30256.0,0
0.0,1.0,1.0,0,78966.0,0
0.0,1.0,1.0,0,10879.0,0
0.0,1.0,1.0,0,16553.0,0
0.0,1.0,1.0,0,11106.0,0
0.0,1.0,1.0,0,142878.0,0
0.0,1.0,1.0,0,2562.0,0
0.0,1.0,1.0,0,17280.0,0
0.0,1.0,1.0,0,23865.0,0
0.0,1.0,1.0,0,141915.0,0
0.0,1.0,1.0,0,42939.0,0
0.0,1.0,1.0,0,27024.0,0
0.0,1.0,1.0,0,5382.0,0
0.0,1.0,1.0,0,96788.0,0
0.0,1.0,1.0,0,16183.0,0
0.0,1.0,1.0,0,19753.0,0
0.0,1.0,1.0,0,84857.0,0
0.0,1.0,1.0,0,47642.0,0
1.0,1.0,1.0,0,3053.0,0
0.0,1.0,1.0,0,13373.0,0
0.0,1.0,1.0,0,28362.0,0
0.0,1.0,1.0,0,74454.0,0
0.0,1.0,1.0,0,2617.0,0
0.0,1.0,1.0,0,23353.0,0
0.0,1.0,1.0,0,58697.0,0
1.0,1.0,1.0,0,18815.0,0
0.0,1.0,1.0,0,681.0,0
0.0,1.0,1.0,0,28641.0,0
0.0,1.0,1.0,0,0.0,0
0.0,1.0,1.0,0,80846.0,0
0.0,1.0,1.0,0,58558.0,0
0.0,1.0,1.0,0,118893.0,0
0.0,1.0,1.0,0,14292.0,0
1.0,1.0,1.0,0,78802.0,0
0.0,1.0,1.0,0,57150.0,0
0.0,1.0,1.0,0,120178.0,0
1.0,1.0,1.0,0,28151.0,0
1.0,1.0,1.0,0,5780.0,0
0.0,1.0,1.0,0,6507.0,0
0.0,1.0,1.0,0,12380.0,0
0.0,1.0,1.0,0,11046.0,0
0.0,1.0,1.0,0,46872.0,0
0.0,1.0,1.0,0,9166.0,0
0.0,1.0,1.0,0,80603.0,0
0.0,1.0,1.0,0,2693.0,0
0.0,1.0,1.0,0,60297.0,0
0.0,1.0,1.0,0,94600.0,0
0.0,1.0,1.0,0,113658.0,0
0.0,1.0,1.0,0,15666.0,0
0.0,1.0,1.0,0,20539.0,0
0.0,1.0,1.0,0,11904.0,0
1.0,1.0,1.0,0,12272.0,0
0.0,1.0,1.0,0,45888.0,0
0.0,1.0,1.0,0,14773.0,1
0.0,1.0,1.0,0,9972.0,1
0.0,1.0,1.0,0,8721.0,1
1.0,1.0,1.0,0,58038.0,1
0.0,1.0,1.0,0,25787.0,1
0.0,1.0,1.0,0,36036.0,1
0.0,1.0,1.0,0,27109.0,1
0.0,1.0,1.0,0,599.0,1
1.0,1.0,1.0,0,13986.0,1
0.0,1.0,1.0,1,208542.0,2
0.0,1.0,1.0,0,80571.0,1
0.0,1.0,1.0,1,3983.0,2
0.0,1.0,1.0,0,35382.0,1
0.0,1.0,1.0,0,3342.0,1
0.0,1.0,1.0,0,74881.0,1
1.0,2.0,1.0,0,101.0,1
0.0,1.0,1.0,0,93416.0,1
0.0,1.0,1.0,0,109814.0,1
0.0,1.0,1.0,0,8313.0,1
0.0,1.0,1.0,0,36585.0,1
1.0,1.0,1.0,0,30825.0,1
0.0,1.0,1.0,0,45967.0,1
0.0,1.0,1.0,0,119416.0,1
0.0,1.0,1.0,0,22711.0,1
1.0,1.0,1.0,0,16334.0,1
0.0,1.0,1.0,0,29351.0,1
0.0,1.0,1.0,1,157413.0,2
0.0,1.0,1.0,0,17868.0,1
0.0,1.0,1.0,0,3523.0,1
0.0,1.0,1.0,0,33603.0,1
0.0,1.0,1.0,0,10803.0,1
0.0,1.0,1.0,0,50970.0,1
1.0,1.0,1.0,0,24712.0,1
1.0,1.0,1.0,0,2741.0,1
0.0,1.0,1.0,0,0.0,0
1.0,1.0,1.0,0,44908.0,0
1.0,1.0,1.0,0,98789.0,0
0.0,1.0,1.0,0,19002.0,0
0.0,1.0,1.0,0,33237.0,0
0.0,1.0,1.0,0,3157.0,0
0.0,1.0,1.0,0,4924.0,0
0.0,1.0,1.0,0,6722.0,0
0.0,1.0,1.0,0,20347.0,0
0.0,1.0,1.0,0,9154.0,0
0.0,1.0,1.0,0,248642.0,0
1.0,1.0,1.0,0,39061.0,0
0.0,1.0,1.0,0,3082.0,0
0.0,1.0,1.0,0,129461.0,0
0.0,1.0,1.0,0,86384.0,0
0.0,1.0,1.0,1,43701.0,2
0.0,1.0,1.0,0,63756.0,0
1.0,1.0,1.0,0,52881.0,0
0.0,1.0,1.0,0,14380.0,0
1.0,1.0,1.0,0,22223.0,0
0.0,1.0,1.0,0,27762.0,0
0.0,1.0,1.0,0,28484.0,0
1.0,1.0,1.0,0,109897.0,0
0.0,1.0,1.0,0,15179.0,0
0.0,1.0,1.0,0,18931.0,0
0.0,1.0,1.0,0,38515.0,0
0.0,1.0,1.0,0,95512.0,0
0.0,1.0,1.0,0,131528.0,0
0.0,1.0,1.0,0,37541.0,0
0.0,1.0,1.0,0,149216.0,0
0.0,1.0,1.0,0,2164.0,0
1.0,1.0,1.0,0,15881.0,0
0.0,1.0,1.0,0,16205.0,0
0.0,1.0,1.0,0,3051.0,0
1.0,1.0,1.0,0,28764.0,0
0.0,1.0,1.0,0,90094.0,0
0.0,1.0,1.0,0,92414.0,1
0.0,1.0,1.0,0,3001.0,1
0.0,1.0,1.0,0,29649.0,1
1.0,1.0,1.0,0,61889.0,1
0.0,1.0,1.0,0,48563.0,1
0.0,1.0,1.0,0,30029.0,1
0.0,1.0,1.0,0,28043.0,1
0.0,1.0,1.0,0,230198.0,1
0.0,1.0,1.0,0,11264.0,1
1.0,1.0,1.0,0,117090.0,1
1.0,1.0,1.0,0,60688.0,1
1.0,1.0,1.0,0,12406.0,1
0.0,1.0,1.0,0,0.0,0
1.0,1.0,1.0,0,60831.0,0
0.0,1.0,1.0,0,76120.0,0
0.0,1.0,1.0,0,4265.0,0
0.0,1.0,1.0,0,33165.0,0
1.0,1.0,1.0,0,7647.0,0
0.0,1.0,1.0,0,6820.0,0
0.0,1.0,1.0,0,36919.0,0
0.0,1.0,1.0,0,20748.0,0
0.0,1.0,1.0,0,5965.0,0
0.0,1.0,1.0,0,8686.0,0
0.0,1.0,1.0,0,8220.0,0
0.0,1.0,1.0,0,5610.0,0
1.0,2.0,2.0,0,45.0,0
0.0,1.0,1.0,0,24289.0,0
0.0,1.0,1.0,0,37402.0,0
0.0,1.0,1.0,0,3761.0,0
0.0,1.0,1.0,0,61121.0,0
0.0,1.0,1.0,0,10997.0,0
0.0,1.0,1.0,0,48600.0,0
0.0,1.0,1.0,0,96041.0,0
0.0,1.0,1.0,0,51423.0,0
0.0,1.0,1.0,0,53996.0,0
0.0,1.0,1.0,0,37314.0,0
1.0,1.0,1.0,0,40380.0,0
0.0,1.0,1.0,0,21549.0,0
0.0,1.0,1.0,0,102065.0,0
0.0,1.0,1.0,0,35606.0,0
0.0,1.0,1.0,0,36203.0,0
0.0,1.0,1.0,0,34031.0,0
1.0,1.0,1.0,0,33634.0,0
0.0,1.0,1.0,0,214096.0,0
0.0,1.0,1.0,0,4994.0,0
1.0,1.0,1.0,0,4708.0,0
0.0,1.0,1.0,0,50892.0,0
0.0,1.0,1.0,0,1264.0,0
0.0,1.0,1.0,0,81178.0,0
0.0,1.0,1.0,0,16007.0,0
0.0,1.0,1.0,0,18016.0,0
0.0,1.0,1.0,0,14656.0,0
0.0,1.0,1.0,0,85824.0,0
1.0,1.0,1.0,0,9717.0,0
0.0,1.0,1.0,0,14065.0,0
0.0,1.0,1.0,0,133078.0,0
0.0,1.0,1.0,0,88697.0,0
0.0,1.0,1.0,0,14402.0,0
0.0,1.0,1.0,0,9085.0,1
0.0,1.0,1.0,0,39884.0,1
0.0,1.0,1.0,0,2316.0,1
0.0,1.0,1.0,0,43709.0,1
0.0,1.0,1.0,0,24043.0,1
0.0,1.0,1.0,0,81369.0,1
0.0,1.0,1.0,0,45486.0,1
0.0,1.0,1.0,0,37419.0,1
0.0,1.0,1.0,0,14163.0,1
1.0,1.0,1.0,0,392.0,1
1.0,1.0,1.0,0,18416.0,1
0.0,1.0,1.0,0,11446.0,1
0.0,1.0,1.0,0,81036.0,1
1.0,1.0,1.0,0,64015.0,1
0.0,1.0,1.0,0,24273.0,1
0.0,1.0,1.0,0,27304.0,1
1.0,1.0,1.0,0,10392.0,1
0.0,1.0,1.0,0,41840.0,1
1.0,1.0,1.0,0,33551.0,1
0.0,1.0,1.0,0,22547.0,1
0.0,1.0,1.0,0,546.0,1
0.0,1.0,1.0,0,14372.0,1
0.0,1.0,1.0,0,82891.0,1
0.0,1.0,1.0,0,85867.0,1
0.0,1.0,1.0,0,919.0,1
0.0,1.0,1.0,0,0.0,0
1.0,1.0,1.0,0,49884.0,0
0.0,1.0,1.0,0,3911.0,0
0.0,1.0,1.0,1,11324.0,2
0.0,1.0,1.0,0,41528.0,0
0.0,1.0,1.0,0,6163.0,0
0.0,1.0,1.0,0,16149.0,0
0.0,1.0,1.0,0,144749.0,0
0.0,1.0,1.0,0,55701.0,0
0.0,1.0,1.0,0,53441.0,0
0.0,1.0,1.0,0,41294.0,0
0.0,1.0,1.0,0,13756.0,0
0.0,1.0,1.0,0,151808.0,0
0.0,1.0,1.0,0,16107.0,0
1.0,1.0,1.0,0,16991.0,0
0.0,1.0,1.0,0,57908.0,0
0.0,1.0,1.0,0,116261.0,0
0.0,1.0,1.0,0,5659.0,0
1.0,1.0,1.0,0,141296.0,0
0.0,1.0,1.0,0,82482.0,0
0.0,1.0,1.0,0,135855.0,0
0.0,1.0,1.0,0,253227.0,0
1.0,1.0,1.0,0,22381.0,0
1.0,1.0,1.0,0,170972.0,0
0.0,1.0,1.0,0,22637.0,0
0.0,1.0,1.0,0,30993.0,0
0.0,1.0,1.0,0,30748.0,0
0.0,1.0,1.0,0,59891.0,0
0.0,1.0,1.0,0,12183.0,0
1.0,1.0,1.0,0,36855.0,0
0.0,1.0,1.0,0,51994.0,0
0.0,1.0,1.0,0,251147.0,0
0.0,1.0,1.0,0,53620.0,1
0.0,1.0,1.0,0,1487.0,1
0.0,1.0,1.0,0,5446.0,1
0.0,1.0,1.0,0,25966.0,1
0.0,1.0,1.0,0,22542.0,1
0.0,1.0,1.0,0,12300.0,1
0.0,1.0,1.0,0,15948.0,1
0.0,1.0,1.0,0,27171.0,1
1.0,1.0,1.0,0,0.0,0
0.0,1.0,1.0,0,14365.0,0
0.0,1.0,1.0,0,3828.0,0
0.0,1.0,1.0,0,1616.0,0
0.0,1.0,1.0,0,45256.0,0
0.0,1.0,1.0,0,94940.0,0
1.0,1.0,1.0,0,591.0,0
0.0,1.0,1.0,0,15494.0,0
0.0,1.0,1.0,0,59896.0,0
0.0,1.0,1.0,0,6051.0,0
1.0,1.0,1.0,0,16115.0,0
1.0,1.0,1.0,0,15041.0,0
0.0,1.0,1.0,0,33253.0,0
0.0,1.0,1.0,0,3973.0,0
0.0,1.0,1.0,0,129083.0,0
0.0,1.0,1.0,0,20577.0,0
1.0,1.0,1.0,0,4502.0,0
0.0,1.0,1.0,0,96808.0,0
0.0,1.0,1.0,0,100626.0,0
0.0,1.0,1.0,0,92115.0,0
0.0,1.0,1.0,0,13420.0,0
0.0,1.0,1.0,0,3440.0,0
1.0,1.0,1.0,0,7753.0,0
0.0,1.0,1.0,0,15118.0,0
0.0,1.0,1.0,0,4587.0,0
1.0,1.0,1.0,0,48111.0,0
0.0,1.0,1.0,0,88148.0,0
1.0,1.0,1.0,0,5473.0,0
0.0,1.0,1.0,0,168552.0,0
0.0,1.0,1.0,0,15508.0,0
0.0,1.0,1.0,0,13338.0,0
1.0,1.0,1.0,0,65824.0,0
0.0,1.0,1.0,0,63815.0,0
0.0,1.0,1.0,0,83273.0,1
1.0,1.0,1.0,0,14233.0,1
1.0,1.0,1.0,0,16830.0,1
0.0,1.0,1.0,0,31121.0,1
0.0,1.0,1.0,0,90644.0,1
0.0,1.0,1.0,0,10176.0,1
0.0,1.0,1.0,0,19869.0,1
0.0,1.0,1.0,0,118605.0,1
1.0,1.0,1.0,0,44960.0,1
1.0,1.0,1.0,0,63006.0,1
1.0,1.0,1.0,0,39932.0,1
0.0,1.0,1.0,0,70464.0,1
0.0,1.0,1.0,0,76094.0,1
0.0,1.0,1.0,0,12510.0,1
0.0,1.0,1.0,0,3105.0,1
0.0,1.0,1.0,0,29392.0,1
1.0,1.0,1.0,0,43143.0,1
0.0,1.0,1.0,0,13961.0,1
0.0,1.0,1.0,0,4642.0,1
0.0,1.0,1.0,0,901.0,1
1.0,1.0,1.0,0,9612.0,1
0.0,1.0,1.0,0,14668.0,1
0.0,1.0,1.0,0,51914.0,1
1.0,1.0,1.0,0,70584.0,1
0.0,1.0,1.0,0,32997.0,1
0.0,1.0,1.0,0,29089.0,1
0.0,1.0,1.0,1,67165.0,2
0.0,1.0,1.0,0,24744.0,1
1.0,1.0,1.0,0,31772.0,1
0.0,1.0,1.0,0,111336.0,1
0.0,1.0,1.0,0,23905.0,1
1.0,1.0,1.0,0,21159.0,1
0.0,1.0,1.0,0,0.0,0
0.0,1.0,1.0,0,101989.0,0
0.0,1.0,1.0,0,6500.0,0
1.0,1.0,1.0,0,94786.0,0
0.0,1.0,1.0,0,42115.0,0
0.0,1.0,1.0,0,8096.0,0
0.0,1.0,1.0,0,29272.0,0
0.0,1.0,1.0,0,10146.0,0
0.0,1.0,1.0,0,15132.0,0
0.0,1.0,1.0,0,91221.0,0
0.0,1.0,1.0,1,45802.0,2
0.0,1.0,1.0,0,21428.0,0
1.0,1.0,1.0,0,58473.0,0
1.0,1.0,1.0,0,35911.0,0
1.0,1.0,1.0,0,931.0,0
0.0,1.0,1.0,0,41109.0,0
0.0,1.0,1.0,0,34913.0,0
0.0,1.0,1.0,0,13784.0,0
0.0,1.0,1.0,0,91557.0,0
0.0,1.0,1.0,0,56500.0,0
0.0,1.0,1.0,0,6892.0,0
1.0,1.0,1.0,0,2301.0,0
0.0,1.0,1.0,0,58209.0,0
0.0,1.0,1.0,1,35470.0,2
0.0,1.0,1.0,1,4079.0,2
0.0,1.0,1.0,0,23568.0,0
0.0,1.0,1.0,0,64534.0,0
0.0,1.0,1.0,0,22983.0,0
0.0,1.0,1.0,0,10940.0,0
0.0,1.0,1.0,0,14687.0,0
1.0,1.0,1.0,0,2279.0,0
1.0,1.0,1.0,0,26346.0,0
0.0,1.0,1.0,0,35071.0,0
0.0,1.0,1.0,0,182276.0,0
0.0,1.0,1.0,0,89267.0,1
1.0,1.0,1.0,0,41724.0,1
1.0,1.0,1.0,0,78002.0,1
1.0,1.0,1.0,0,29048.0,1
1.0,1.0,1.0,0,165594.0,1
1.0,1.0,1.0,0,566.0,1
0.0,1.0,1.0,0,109697.0,1
0.0,1.0,1.0,0,34708.0,1
0.0,1.0,1.0,0,10139.0,1
0.0,1.0,1.0,0,25094.0,1
1.0,1.0,1.0,0,6113.0,1
1.0,1.0,1.0,0,17842.0,1
0.0,1.0,1.0,0,55974.0,1
1.0,1.0,1.0,0,14847.0,1
0.0,1.0,1.0,0,47326.0,1
0.0,1.0,1.0,0,39670.0,1
1.0,1.0,1.0,0,59756.0,1
0.0,1.0,1.0,0,2447.0,1
0.0,1.0,1.0,0,93011.0,1
0.0,1.0,1.0,0,7175.0,1
0.0,1.0,1.0,0,2614.0,1
1.0,1.0,1.0,0,30564.0,1
1.0,1.0,1.0,0,66329.0,1
0.0,1.0,1.0,0,78158.0,1
0.0,1.0,1.0,0,18938.0,1
0.0,1.0,1.0,0,64705.0,1
0.0,1.0,1.0,0,383.0,1
0.0,1.0,1.0,0,36264.0,1
1.0,1.0,1.0,0,0.0,0
0.0,1.0,1.0,0,41476.0,0
1.0,1.0,1.0,0,33659.0,0
0.0,1.0,1.0,0,38578.0,0
0.0,1.0,1.0,0,65972.0,0
0.0,1.0,1.0,0,10278.0,0
1.0,1.0,1.0,0,141558.0,0
0.0,1.0,1.0,0,46636.0,0
0.0,1.0,1.0,0,153062.0,0
0.0,1.0,1.0,0,34519.0,0
1.0,1.0,1.0,0,191698.0,0
0.0,1.0,1.0,0,25200.0,0
0.0,1.0,1.0,0,36852.0,0
1.0,1.0,1.0,0,3148.0,0
0.0,1.0,1.0,0,812.0,0
1.0,1.0,1.0,0,33384.0,0
0.0,1.0,1.0,0,27135.0,0
0.0,1.0,1.0,0,131809.0,0
1.0,1.0,1.0,0,17653.0,0
0.0,1.0,1.0,0,28884.0,0
1.0,1.0,1.0,0,17675.0,0
0.0,1.0,1.0,0,159125.0,0
0.0,1.0,1.0,0,36246.0,0
0.0,1.0,1.0,0,41162.0,0
0.0,1.0,1.0,0,19074.0,0
0.0,1.0,1.0,0,1181.0,0
0.0,1.0,1.0,0,13666.0,0
0.0,1.0,1.0,0,81220.0,0
0.0,1.0,1.0,0,98465.0,0
0.0,1.0,1.0,0,14550.0,0
1.0,1.0,1.0,0,95003.0,0
1.0,1.0,1.0,0,1781.0,0
0.0,1.0,1.0,0,82436.0,0
0.0,1.0,1.0,0,60191.0,0
0.0,1.0,1.0,0,233418.0,0
0.0,1.0,1.0,0,52744.0,0
1.0,1.0,1.0,0,45181.0,0
1.0,1.0,1.0,0,19453.0,0
1.0,1.0,1.0,0,7561.0,0
0.0,1.0,1.0,0,56277.0,0
0.0,1.0,1.0,0,101443.0,0
1.0,1.0,1.0,0,76194.0,0
0.0,1.0,1.0,0,50173.0,0
0.0,1.0,1.0,0,115544.0,0
0.0,1.0,1.0,0,0.0,0
0.0,1.0,1.0,0,11396.0,0
1.0,1.0,1.0,0,7828.0,0
0.0,1.0,1.0,0,35754.0,0
1.0,1.0,1.0,0,86951.0,0
1.0,1.0,1.0,0,33850.0,0
0.0,1.0,1.0,0,32219.0,0
0.0,1.0,1.0,0,9100.0,0
0.0,1.0,1.0,0,3272.0,0
0.0,1.0,1.0,0,24961.0,0
1.0,1.0,1.0,0,62084.0,0
1.0,1.0,1.0,0,56722.0,0
0.0,1.0,1.0,0,24697.0,0
0.0,1.0,1.0,0,32362.0,0
1.0,1.0,1.0,0,21042.0,0
0.0,1.0,1.0,0,16008.0,0
0.0,1.0,1.0,0,90852.0,0
0.0,1.0,1.0,0,4443.0,0
0.0,1.0,1.0,0,65289.0,0
1.0,1.0,1.0,0,16482.0,0
0.0,1.0,1.0,0,24662.0,0
0.0,1.0,1.0,1,54019.0,2
0.0,1.0,1.0,0,11941.0,0
0.0,1.0,1.0,0,5351.0,0
0.0,1.0,1.0,0,63801.0,0
0.0,1.0,1.0,0,23612.0,0
0.0,1.0,1.0,0,69541.0,0
1.0,1.0,1.0,0,51441.0,0
1.0,1.0,1.0,0,124675.0,0
0.0,1.0,1.0,0,1739.0,0
0.0,1.0,1.0,0,21141.0,0
1.0,1.0,1.0,0,37843.0,0
0.0,1.0,1.0,0,45078.0,0
0.0,1.0,1.0,0,11752.0,0
0.0,1.0,1.0,0,2953.0,0
0.0,1.0,1.0,0,8229.0,0
1.0,1.0,1.0,0,24893.0,0
0.0,1.0,1.0,0,2736.0,0
0.0,1.0,1.0,0,103758.0,0
0.0,1.0,1.0,0,147893.0,0
1.0,1.0,1.0,0,2244.0,0
1.0,1.0,1.0,0,28624.0,0
1.0,1.0,1.0,0,137491.0,0
1.0,1.0,1.0,0,103877.0,0
0.0,1.0,1.0,0,16777.0,0
0.0,1.0,1.0,0,7982.0,0
0.0,1.0,1.0,1,24874.0,2
0.0,1.0,1.0,0,72590.0,0
0.0,1.0,1.0,0,60909.0,0
0.0,1.0,1.0,0,36402.0,0
0.0,1.0,1.0,0,178318.0,0
0.0,1.0,1.0,1,70195.0,2
1.0,1.0,1.0,0,22199.0,0
0.0,1.0,1.0,0,0.0,0
0.0,1.0,1.0,0,18937.0,0
1.0,1.0,1.0,0,1595.0,0
0.0,1.0,1.0,0,26787.0,0
0.0,1.0,1.0,0,108832.0,0
0.0,1.0,1.0,0,28523.0,0
0.0,1.0,1.0,0,16142.0,0
0.0,1.0,1.0,0,29500.0,0
0.0,1.0,1.0,0,45516.0,0
0.0,1.0,1.0,0,55830.0,0
0.0,1.0,1.0,0,1114.0,0
0.0,1.0,1.0,0,43294.0,0
0.0,1.0,1.0,1,126614.0,2
0.0,1.0,1.0,0,21396.0,0
1.0,1.0,1.0,0,105508.0,0
0.0,1.0,1.0,0,116235.0,0
0.0,1.0,1.0,0,112854.0,0
0.0,1.0,1.0,0,43987.0,0
0.0,1.0,1.0,0,105049.0,0
0.0,1.0,1.0,1,105872.0,2
0.0,2.0,1.0,0,250.0,0
1.0,1.0,1.0,0,139284.0,0
1.0,1.0,1.0,0,60113.0,0
1.0,1.0,1.0,0,311.0,0
0.0,1.0,1.0,0,195336.0,0
0.0,1.0,1.0,0,31069.0,0
1.0,1.0,1.0,0,936.0,0
0.0,1.0,1.0,0,482.0,0
1.0,1.0,1.0,0,33753.0,0
0.0,1.0,1.0,0,11809.0,0
0.0,1.0,1.0,0,62839.0,0
1.0,1.0,1.0,0,61486.0,0
0.0,1.0,1.0,0,53757.0,0
1.0,1.0,1.0,0,5793.0,0
0.0,1.0,1.0,0,7506.0,0
0.0,1.0,1.0,0,40356.0,0
0.0,1.0,1.0,1,37191.0,2
0.0,1.0,1.0,0,49127.0,0
1.0,1.0,1.0,0,25631.0,0
0.0,1.0,1.0,0,103035.0,0
0.0,1.0,1.0,0,86702.0,0
0.0,1.0,1.0,0,18136.0,1
0.0,1.0,1.0,1,46732.0,2
1.0,1.0,1.0,0,24221.0,1
0.0,1.0,1.0,0,23643.0,1
0.0,1.0,1.0,1,160147.0,2
0.0,1.0,1.0,0,69967.0,1
0.0,1.0,1.0,0,0.0,0
0.0,1.0,1.0,0,32834.0,0
0.0,1.0,1.0,0,2038.0,0
0.0,1.0,1.0,0,28188.0,0
0.0,1.0,1.0,0,1619.0,0
0.0,1.0,1.0,1,5913.0,2
1.0,1.0,1.0,0,3816.0,0
0.0,1.0,1.0,1,83009.0,2
0.0,1.0,1.0,0,9776.0,0
0.0,1.0,1.0,0,87601.0,0
0.0,1.0,1.0,0,3042.0,0
0.0,1.0,1.0,0,158706.0,0
1.0,1.0,1.0,0,1181.0,0
0.0,1.0,1.0,0,7142.0,0
0.0,1.0,1.0,0,15307.0,0
1.0,1.0,1.0,0,64949.0,0
0.0,1.0,1.0,1,36517.0,2
0.0,1.0,1.0,0,38096.0,0
0.0,1.0,1.0,0,140929.0,0
0.0,1.0,1.0,0,13818.0,0
1.0,1.0,1.0,0,108152.0,0
0.0,1.0,1.0,1,26889.0,2
1.0,1.0,1.0,0,36937.0,0
0.0,1.0,1.0,0,88779.0,0
0.0,1.0,1.0,0,23737.0,0
0.0,1.0,1.0,0,22203.0,0
1.0,1.0,1.0,0,5390.0,0
0.0,1.0,1.0,0,14393.0,0
0.0,1.0,1.0,0,14246.0,0
0.0,1.0,1.0,0,8414.0,0
0.0,1.0,1.0,0,2795.0,0
0.0,1.0,1.0,0,85304.0,0
0.0,1.0,1.0,0,81861.0,0
0.0,1.0,1.0,0,128311.0,0
0.0,1.0,1.0,0,3078.0,0
0.0,1.0,1.0,0,74049.0,0
0.0,1.0,1.0,0,8079.0,0
0.0,1.0,1.0,0,36526.0,1
0.0,1.0,1.0,0,140612.0,1
0.0,1.0,1.0,0,12941.0,1
0.0,1.0,1.0,0,42046.0,1
0.0,1.0,1.0,1,12148.0,2
0.0,1.0,1.0,0,38326.0,1
0.0,1.0,1.0,0,18682.0,1
0.0,1.0,1.0,0,10048.0,1
0.0,1.0,1.0,0,56126.0,1
0.0,1.0,1.0,0,27689.0,1
0.0,1.0,1.0,0,16400.0,1
0.0,1.0,1.0,0,28715.0,1
1.0,1.0,1.0,0,141406.0,1
1.0,1.0,1.0,0,38691.0,1
0.0,1.0,1.0,0,11398.0,1
0.0,1.0,1.0,0,13679.0,1
0.0,1.0,1.0,0,51435.0,1
0.0,1.0,1.0,0,27085.0,1
0.0,1.0,1.0,0,2402.0,1
0.0,1.0,1.0,0,986.0,1
0.0,1.0,1.0,0,24483.0,1
0.0,1.0,1.0,0,90965.0,1
0.0,1.0,1.0,0,47657.0,1
1.0,1.0,1.0,0,61724.0,1
0.0,1.0,1.0,0,13467.0,1
0.0,1.0,1.0,0,11477.0,1
0.0,1.0,1.0,0,34106.0,1
0.0,1.0,1.0,0,9318.0,1
1.0,1.0,1.0,0,29513.0,1
0.0,1.0,1.0,0,17247.0,1
0.0,1.0,1.0,0,0.0,0
0.0,1.0,1.0,0,18765.0,0
0.0,1.0,1.0,0,29177.0,0
1.0,1.0,1.0,0,1491.0,0
0.0,1.0,1.0,0,17062.0,0
0.0,1.0,1.0,1,182262.0,2
0.0,1.0,1.0,0,1764.0,0
0.0,1.0,1.0,0,65756.0,0
1.0,1.0,1.0,0,62043.0,0
0.0,1.0,1.0,0,491.0,0
0.0,1.0,1.0,0,32067.0,0
0.0,1.0,1.0,1,65802.0,2
1.0,1.0,1.0,0,73591.0,0
0.0,1.0,1.0,0,16285.0,0
0.0,1.0,1.0,0,33106.0,0
0.0,1.0,1.0,0,19655.0,0
0.0,1.0,1.0,1,66509.0,2
0.0,1.0,1.0,0,52607.0,0
1.0,1.0,1.0,0,60950.0,0
0.0,1.0,1.0,0,17441.0,0
0.0,1.0,1.0,0,4693.0,0
0.0,1.0,1.0,0,127602.0,0
0.0,1.0,1.0,1,16094.0,2
1.0,1.0,1.0,0,106727.0,0
1.0,1.0,1.0,0,8294.0,0
0.0,1.0,1.0,0,97434.0,0
0.0,1.0,1.0,0,34590.0,0
0.0,1.0,1.0,0,34657.0,0
0.0,1.0,1.0,0,194945.0,0
1.0,1.0,1.0,0,28655.0,0
1.0,1.0,1.0,0,30980.0,0
1.0,1.0,1.0,0,3456.0,0
0.0,1.0,1.0,0,301221.0,0
0.0,1.0,1.0,0,46516.0,0
1.0,1.0,1.0,0,109782.0,0
0.0,1.0,1.0,0,19154.0,0
0.0,1.0,1.0,0,76476.0,0
0.0,1.0,1.0,0,28731.0,0
0.0,1.0,1.0,0,43573.0,0
0.0,1.0,1.0,0,74831.0,0
0.0,1.0,1.0,0,27865.0,0
0.0,1.0,1.0,0,30009.0,0
0.0,1.0,1.0,0,215961.0,0
0.0,1.0,1.0,0,7334.0,0
0.0,1.0,1.0,0,48120.0,0
1.0,1.0,1.0,0,1565.0,0
0.0,1.0,1.0,0,40479.0,0
0.0,1.0,1.0,0,0.0,0
0.0,1.0,1.0,1,166246.0,2
0.0,1.0,1.0,0,131108.0,0
1.0,1.0,1.0,0,2426.0,0
0.0,1.0,1.0,0,3105.0,0
1.0,1.0,1.0,0,66462.0,0
1.0,1.0,1.0,0,18976.0,0
0.0,1.0,1.0,0,29835.0,0
0.0,1.0,1.0,0,33500.0,0
1.0,1.0,1.0,0,30428.0,0
1.0,1.0,1.0,0,20957.0,0
1.0,1.0,1.0,0,105269.0,0
0.0,1.0,1.0,0,3898.0,0
0.0,1.0,1.0,0,222313.0,0
0.0,1.0,1.0,0,18369.0,0
0.0,1.0,1.0,0,30313.0,0
0.0,1.0,1.0,0,29726.0,0
0.0,1.0,1.0,0,33646.0,0
0.0,1.0,1.0,0,63783.0,0
0.0,1.0,1.0,0,22707.0,0
0.0,1.0,1.0,0,2264.0,0
1.0,1.0,1.0,0,17791.0,0
1.0,1.0,1.0,0,22713.0,0
0.0,1.0,1.0,0,3089.0,0
0.0,1.0,1.0,0,1200.0,0
1.0,1.0,1.0,0,76947.0,0
0.0,1.0,1.0,0,23972.0,0
1.0,1.0,1.0,0,4585.0,0
0.0,1.0,1.0,0,15901.0,0
1.0,1.0,1.0,0,18614.0,0
1.0,1.0,1.0,0,246596.0,0
0.0,1.0,1.0,0,315.0,0
0.0,1.0,1.0,0,331686.0,0
0.0,1.0,1.0,0,11463.0,0
0.0,1.0,1.0,0,15227.0,0
0.0,1.0,1.0,0,15616.0,0
1.0,1.0,1.0,0,51114.0,0
0.0,1.0,1.0,0,4602.0,0
0.0,1.0,1.0,0,6615.0,0
1.0,1.0,1.0,0,28146.0,0
0.0,1.0,1.0,1,37511.0,2
0.0,1.0,1.0,0,7358.0,0
1.0,1.0,1.0,0,30982.0,0
1.0,1.0,1.0,0,24211.0,0
0.0,1.0,1.0,0,21015.0,0
1.0,1.0,1.0,0,5256.0,0
0.0,1.0,1.0,0,50567.0,0
0.0,1.0,1.0,0,60502.0,0
1.0,1.0,1.0,0,8097.0,0
0.0,1.0,1.0,0,24402.0,0
1.0,1.0,1.0,0,27603.0,0
0.0,1.0,1.0,0,70579.0,1
0.0,1.0,1.0,0,15800.0,1
0.0,1.0,1.0,0,6358.0,1
1.0,1.0,1.0,0,20363.0,1
0.0,1.0,1.0,0,36943.0,1
1.0,1.0,1.0,0,0.0,0
1.0,1.0,1.0,0,6381.0,0
0.0,1.0,1.0,0,20071.0,0
1.0,1.0,1.0,0,145350.0,0
0.0,1.0,1.0,0,8549.0,0
1.0,1.0,1.0,0,1501.0,0
0.0,1.0,1.0,1,172389.0,2
0.0,1.0,1.0,0,100726.0,0
0.0,1.0,1.0,0,43302.0,0
0.0,1.0,1.0,0,33824.0,0
0.0,1.0,1.0,0,341.0,0
1.0,1.0,1.0,0,73569.0,0
0.0,1.0,1.0,0,15395.0,0
0.0,1.0,1.0,0,57471.0,0
0.0,1.0,1.0,0,13133.0,0
0.0,1.0,1.0,0,11036.0,0
1.0,1.0,1.0,0,25250.0,0
0.0,1.0,1.0,0,60014.0,0
0.0,1.0,1.0,0,36790.0,0
0.0,1.0,1.0,0,52759.0,0
0.0,1.0,1.0,1,115130.0,2
1.0,1.0,1.0,0,7821.0,0
0.0,1.0,1.0,0,71688.0,0
0.0,1.0,1.0,0,1735.0,0
0.0,1.0,1.0,0,20638.0,0
0.0,1.0,1.0,0,6891.0,0
0.0,1.0,1.0,0,3124.0,0
0.0,1.0,1.0,0,2177.0,0
0.0,1.0,1.0,0,38572.0,0
0.0,1.0,1.0,1,26043.0,2
0.0,1.0,1.0,0,8949.0,0
0.0,1.0,1.0,0,26065.0,0
0.0,1.0,1.0,0,59650.0,0
0.0,1.0,1.0,0,87537.0,0
1.0,1.0,1.0,0,39116.0,0
0.0,1.0,1.0,0,87209.0,0
0.0,1.0,1.0,0,2471.0,0
1.0,1.0,1.0,0,4410.0,0
1.0,1.0,1.0,0,72400.0,0
0.0,1.0,1.0,0,12218.0,0
0.0,1.0,1.0,0,57301.0,1
0.0,1.0,1.0,0,1830.0,1
0.0,1.0,1.0,0,80185.0,1
1.0,1.0,1.0,0,1497.0,1
0.0,1.0,1.0,0,38635.0,1
0.0,1.0,1.0,0,73509.0,1
0.0,1.0,1.0,0,25717.0,1
1.0,1.0,1.0,0,180675.0,1
1.0,1.0,1.0,0,3722.0,1
0.0,1.0,1.0,0,146649.0,1
1.0,1.0,1.0,0,22923.0,1
0.0,1.0,1.0,0,4087.0,1
0.0,1.0,1.0,0,44623.0,1
0.0,1.0,1.0,0,84255.0,1
0.0,1.0,1.0,0,61299.0,1
0.0,1.0,1.0,0,164994.0,1
0.0,1.0,1.0,1,0.0,2
0.0,1.0,1.0,0,14935.0,0
0.0,1.0,1.0,0,5371.0,0
1.0,1.0,1.0,0,36781.0,0
1.0,1.0,1.0,0,4461.0,0
1.0,1.0,1.0,0,45911.0,0
0.0,1.0,1.0,0,119930.0,0
0.0,1.0,1.0,0,77259.0,0
1.0,1.0,1.0,0,1254.0,0
1.0,1.0,1.0,0,4750.0,0
0.0,1.0,1.0,0,78849.0,0
0.0,1.0,1.0,1,13534.0,2
0.0,1.0,1.0,0,52168.0,0
1.0,1.0,1.0,0,41470.0,0
1.0,1.0,1.0,0,33726.0,0
0.0,1.0,1.0,0,47524.0,0
0.0,1.0,1.0,0,5216.0,0
0.0,1.0,1.0,0,59672.0,0
0.0,1.0,1.0,0,11063.0,0
0.0,1.0,1.0,0,24059.0,0
1.0,1.0,1.0,0,104357.0,0
0.0,1.0,1.0,0,23227.0,0
1.0,1.0,1.0,0,21881.0,0
0.0,1.0,1.0,0,80654.0,0
1.0,1.0,1.0,0,25439.0,0
0.0,1.0,1.0,0,3150.0,0
1.0,1.0,1.0,0,22771.0,0
0.0,1.0,1.0,0,8099.0,0
0.0,1.0,1.0,0,26721.0,0
0.0,1.0,1.0,0,2802.0,0
0.0,1.0,1.0,0,4001.0,0
0.0,1.0,1.0,0,71157.0,0
1.0,1.0,1.0,0,4408.0,0
0.0,1.0,1.0,0,17129.0,0
1.0,1.0,1.0,0,41233.0,0
0.0,1.0,1.0,0,18648.0,0
1.0,1.0,1.0,0,12762.0,0
1.0,1.0,1.0,0,78051.0,0
0.0,1.0,1.0,0,7601.0,0
0.0,1.0,1.0,0,8708.0,0
0.0,1.0,1.0,0,23277.0,0
0.0,1.0,1.0,0,8053.0,0
0.0,1.0,1.0,0,39025.0,0
0.0,1.0,1.0,0,6741.0,0
1.0,1.0,1.0,0,9842.0,0
0.0,1.0,1.0,1,24585.0,2
0.0,1.0,1.0,0,180036.0,0
1.0,1.0,1.0,0,9829.0,0
0.0,1.0,1.0,0,5692.0,0
0.0,1.0,1.0,0,38471.0,0
0.0,1.0,1.0,0,4549.0,0
1.0,1.0,1.0,0,65573.0,0
0.0,1.0,1.0,0,9727.0,0
0.0,1.0,1.0,0,104689.0,1
0.0,1.0,1.0,0,30453.0,1
0.0,1.0,1.0,0,34713.0,1
0.0,1.0,1.0,0,42903.0,1
0.0,1.0,1.0,0,38556.0,1
0.0,1.0,1.0,0,231495.0,1
1.0,1.0,1.0,0,2624.0,1
1.0,1.0,1.0,0,75702.0,1
1.0,1.0,1.0,0,23561.0,1
0.0,1.0,1.0,0,77127.0,1
0.0,1.0,1.0,0,5824.0,1
0.0,1.0,1.0,0,23001.0,1
1.0,1.0,1.0,0,4073.0,1
1.0,1.0,1.0,0,16100.0,1
1.0,1.0,1.0,0,4575.0,1
0.0,1.0,1.0,0,25595.0,1
1.0,1.0,1.0,0,0.0,0
0.0,1.0,1.0,0,125403.0,0
0.0,1.0,1.0,0,30442.0,0
0.0,1.0,1.0,0,15236.0,0
0.0,1.0,1.0,0,16972.0,0
1.0,1.0,1.0,0,155216.0,0
0.0,1.0,1.0,0,13507.0,0
0.0,1.0,1.0,0,53074.0,0
0.0,1.0,1.0,0,46431.0,0
0.0,1.0,1.0,0,43413.0,0
0.0,1.0,1.0,0,14386.0,0
1.0,1.0,1.0,0,27829.0,0
0.0,1.0,1.0,0,3212.0,0
0.0,1.0,1.0,0,13920.0,0
0.0,1.0,1.0,0,13586.0,0
0.0,1.0,1.0,0,12871.0,0
0.0,1.0,1.0,0,47394.0,0
0.0,1.0,1.0,1,234610.0,2
0.0,1.0,1.0,0,52549.0,0
0.0,1.0,1.0,0,39683.0,0
0.0,1.0,1.0,0,127833.0,0
0.0,1.0,1.0,0,12155.0,0
1.0,1.0,1.0,0,12413.0,0
1.0,1.0,1.0,0,5915.0,0
1.0,1.0,1.0,0,141395.0,0
0.0,1.0,1.0,0,26539.0,0
0.0,1.0,1.0,0,1825.0,0
0.0,1.0,1.0,0,13769.0,0
0.0,1.0,1.0,0,11722.0,0
0.0,1.0,1.0,0,32723.0,0
1.0,1.0,1.0,0,32046.0,0
0.0,1.0,1.0,0,31617.0,0
0.0,1.0,1.0,0,15115.0,1
0.0,1.0,1.0,0,7559.0,1
1.0,1.0,1.0,0,71782.0,1
1.0,1.0,1.0,0,54867.0,1
1.0,1.0,1.0,0,113338.0,1
1.0,1.0,1.0,0,12572.0,1
0.0,1.0,1.0,0,29337.0,1
1.0,1.0,1.0,0,28291.0,1
0.0,1.0,1.0,0,5889.0,1
1.0,1.0,1.0,0,43822.0,1
0.0,1.0,1.0,0,8401.0,1
1.0,1.0,1.0,0,73705.0,1
1.0,1.0,1.0,0,102764.0,1
1.0,1.0,1.0,0,19177.0,1
0.0,1.0,1.0,0,2987.0,1
0.0,1.0,1.0,0,71066.0,1
0.0,1.0,1.0,0,62467.0,1
0.0,1.0,1.0,0,104235.0,1
0.0,1.0,1.0,0,64628.0,1
0.0,1.0,1.0,0,49253.0,1
0.0,1.0,1.0,0,42317.0,1
0.0,1.0,1.0,0,25591.0,1
0.0,2.0,2.0,0,14.0,1
0.0,1.0,1.0,0,90757.0,1
0.0,1.0,1.0,0,13629.0,1
1.0,1.0,1.0,0,13519.0,1
0.0,1.0,1.0,0,0.0,0
0.0,1.0,1.0,0,67780.0,0
0.0,1.0,1.0,0,5405.0,0
0.0,1.0,1.0,0,16499.0,0
0.0,1.0,1.0,0,45790.0,0
0.0,1.0,1.0,0,48012.0,0
0.0,1.0,1.0,0,32397.0,0
0.0,1.0,1.0,0,21779.0,0
1.0,1.0,1.0,0,73360.0,0
0.0,1.0,1.0,0,76708.0,0
1.0,1.0,1.0,0,79418.0,0
0.0,1.0,1.0,0,71642.0,0
1.0,1.0,1.0,0,10141.0,0
0.0,1.0,1.0,0,72031.0,0
0.0,1.0,1.0,0,92790.0,0
1.0,1.0,1.0,0,90187.0,0
0.0,1.0,1.0,0,62097.0,0
1.0,1.0,1.0,0,34546.0,0
0.0,1.0,1.0,0,113068.0,0
1.0,1.0,1.0,0,17004.0,0
1.0,1.0,1.0,0,96027.0,0
1.0,1.0,1.0,0,29480.0,0
0.0,1.0,1.0,0,66589.0,0
0.0,1.0,1.0,0,52878.0,0
0.0,1.0,1.0,0,195537.0,0
0.0,1.0,1.0,0,12215.0,0
0.0,1.0,1.0,0,21534.0,0
0.0,1.0,1.0,0,49499.0,0
0.0,1.0,1.0,0,63498.0,0
0.0,1.0,1.0,0,15824.0,0
0.0,1.0,1.0,0,422.0,0
0.0,1.0,1.0,0,3416.0,0
0.0,1.0,1.0,0,30161.0,0
0.0,1.0,1.0,0,40310.0,0
0.0,1.0,1.0,0,76955.0,0
0.0,1.0,1.0,0,58528.0,0
0.0,1.0,1.0,1,82168.0,2
0.0,1.0,1.0,0,13387.0,0
1.0,1.0,1.0,0,22729.0,0
0.0,1.0,1.0,0,54203.0,0
0.0,1.0,1.0,0,12419.0,0
0.0,1.0,1.0,0,18486.0,1
0.0,1.0,1.0,0,87754.0,1
0.0,1.0,1.0,0,72526.0,1
1.0,1.0,1.0,0,24176.0,1
0.0,1.0,1.0,1,36363.0,2
0.0,1.0,1.0,0,8727.0,1
0.0,1.0,1.0,0,18188.0,1
0.0,1.0,1.0,0,25854.0,1
0.0,1.0,1.0,0,17941.0,1
0.0,1.0,1.0,0,8595.0,1
0.0,1.0,1.0,0,17561.0,1
0.0,1.0,1.0,0,46127.0,1
1.0,1.0,1.0,0,2952.0,1
0.0,1.0,1.0,0,39771.0,1
0.0,1.0,1.0,1,2673.0,2
0.0,1.0,1.0,1,82635.0,2
0.0,1.0,1.0,0,0.0,0
1.0,1.0,1.0,0,206096.0,0
1.0,1.0,1.0,0,11638.0,0
1.0,1.0,1.0,0,77327.0,0
0.0,1.0,1.0,0,32168.0,0
1.0,1.0,1.0,0,25852.0,0
0.0,1.0,1.0,0,2055.0,0
1.0,1.0,1.0,0,21202.0,0
1.0,1.0,1.0,0,19533.0,0
0.0,1.0,1.0,0,82122.0,0
0.0,1.0,1.0,0,14964.0,0
0.0,1.0,1.0,1,8516.0,2
1.0,1.0,1.0,0,21899.0,0
0.0,1.0,1.0,0,26613.0,0
0.0,1.0,1.0,0,16965.0,0
0.0,1.0,1.0,0,187068.0,0
1.0,1.0,1.0,0,32518.0,0
1.0,1.0,1.0,0,60473.0,0
0.0,1.0,1.0,1,33026.0,2
0.0,1.0,1.0,0,3349.0,0
1.0,1.0,1.0,0,25644.0,0
0.0,1.0,1.0,0,155881.0,0
0.0,1.0,1.0,0,315.0,0
0.0,1.0,1.0,0,42699.0,0
1.0,1.0,1.0,0,39128.0,0
0.0,1.0,1.0,0,45343.0,0
1.0,1.0,1.0,0,7079.0,0
0.0,1.0,1.0,0,47712.0,0
1.0,1.0,1.0,0,108701.0,0
0.0,1.0,1.0,0,27151.0,0
0.0,1.0,1.0,0,51085.0,0
1.0,1.0,1.0,0,29491.0,0
1.0,1.0,1.0,0,16841.0,0
0.0,1.0,1.0,0,8647.0,0
1.0,1.0,1.0,0,13347.0,0
0.0,1.0,1.0,0,15216.0,0
1.0,1.0,1.0,0,391.0,0
0.0,1.0,1.0,0,2073.0,0
0.0,1.0,1.0,0,76619.0,0
0.0,1.0,1.0,0,60052.0,0
0.0,1.0,1.0,0,79646.0,0
1.0,1.0,1.0,0,41000.0,0
0.0,1.0,1.0,0,110769.0,0
0.0,1.0,1.0,0,616.0,0
1.0,1.0,1.0,0,45060.0,0
1.0,1.0,1.0,0,93241.0,0
0.0,1.0,1.0,0,125064.0,0
0.0,1.0,1.0,0,6200.0,0
0.0,1.0,1.0,0,5001.0,1
0.0,1.0,1.0,0,3750.0,1
0.0,1.0,1.0,0,4792.0,1
0.0,1.0,1.0,0,64131.0,1
0.0,1.0,1.0,1,32891.0,2
0.0,1.0,1.0,0,51193.0,1
0.0,1.0,1.0,0,20269.0,1
0.0,1.0,1.0,0,171821.0,1
0.0,1.0,1.0,0,50107.0,1
1.0,1.0,1.0,0,0.0,0
0.0,1.0,1.0,0,15195.0,0
0.0,1.0,1.0,0,21635.0,0
0.0,1.0,1.0,0,18336.0,0
0.0,1.0,1.0,0,51929.0,0
0.0,1.0,1.0,0,40824.0,0
0.0,1.0,1.0,0,54760.0,0
1.0,1.0,1.0,0,2735.0,0
0.0,1.0,1.0,0,8444.0,0
1.0,1.0,1.0,0,14057.0,0
0.0,1.0,1.0,0,10287.0,0
0.0,1.0,1.0,0,507.0,0
0.0,1.0,1.0,0,24491.0,0
0.0,1.0,1.0,0,9991.0,0
0.0,1.0,1.0,0,134341.0,0
0.0,1.0,1.0,0,28511.0,0
1.0,1.0,1.0,0,13865.0,0
1.0,1.0,1.0,0,8672.0,0
0.0,1.0,1.0,0,46424.0,0
1.0,1.0,1.0,0,5097.0,0
0.0,1.0,1.0,0,14456.0,0
0.0,1.0,1.0,0,3608.0,0
1.0,1.0,1.0,0,12278.0,0
1.0,1.0,1.0,0,86577.0,0
0.0,1.0,1.0,1,10655.0,2
0.0,1.0,1.0,0,33240.0,0
0.0,1.0,1.0,0,36185.0,0
1.0,1.0,1.0,0,25126.0,0
0.0,1.0,1.0,0,42552.0,0
0.0,1.0,1.0,0,54670.0,0
0.0,1.0,1.0,0,4190.0,0
1.0,1.0,1.0,0,43496.0,0
0.0,1.0,1.0,0,135136.0,0
0.0,1.0,1.0,0,29307.0,0
0.0,1.0,1.0,0,11061.0,0
1.0,1.0,1.0,0,121044.0,0
0.0,1.0,1.0,0,22738.0,0
1.0,1.0,1.0,0,2405.0,0
0.0,1.0,1.0,0,53347.0,0
0.0,1.0,1.0,0,8379.0,0
1.0,1.0,1.0,0,8737.0,0
0.0,1.0,1.0,0,52540.0,0
0.0,1.0,1.0,0,36128.0,0
0.0,2.0,1.0,0,99.0,0
1.0,1.0,1.0,0,1356.0,0
0.0,1.0,1.0,0,26977.0,0
0.0,1.0,1.0,0,5401.0,0
0.0,1.0,1.0,0,18201.0,0
0.0,1.0,1.0,0,16949.0,0
0.0,1.0,1.0,0,58946.0,0
0.0,1.0,1.0,0,71599.0,0
0.0,1.0,1.0,0,24895.0,0
1.0,1.0,1.0,0,1752.0,0
0.0,1.0,1.0,0,16154.0,0
0.0,1.0,1.0,0,81093.0,0
0.0,1.0,1.0,0,18106.0,0
0.0,1.0,1.0,0,3099.0,0
0.0,1.0,1.0,0,124812.0,1
1.0,1.0,1.0,0,29547.0,1
0.0,1.0,1.0,0,12214.0,1
1.0,1.0,1.0,0,55909.0,1
1.0,1.0,1.0,0,92782.0,1
0.0,1.0,1.0,0,8149.0,1
0.0,1.0,1.0,0,3595.0,1
0.0,1.0,1.0,0,65805.0,1
0.0,1.0,1.0,0,9962.0,1
0.0,1.0,1.0,0,8421.0,1
0.0,1.0,1.0,0,6039.0,1
0.0,1.0,1.0,0,13018.0,1
0.0,1.0,1.0,0,20447.0,1
1.0,1.0,1.0,0,18209.0,1
0.0,1.0,1.0,0,170891.0,1
1.0,1.0,1.0,0,4229.0,1
1.0,1.0,1.0,0,69942.0,1
0.0,1.0,1.0,0,12862.0,1
0.0,1.0,1.0,0,51197.0,1
1.0,1.0,1.0,0,0.0,0
0.0,1.0,1.0,0,16563.0,0
1.0,1.0,1.0,0,74536.0,0
0.0,1.0,1.0,0,6167.0,0
0.0,2.0,1.0,0,119.0,0
0.0,1.0,1.0,0,9557.0,0
0.0,1.0,1.0,0,130900.0,0
0.0,1.0,1.0,0,61397.0,0
1.0,1.0,1.0,0,38327.0,0
1.0,1.0,1.0,0,68696.0,0
1.0,1.0,1.0,0,5420.0,0
0.0,1.0,1.0,0,19561.0,0
1.0,1.0,1.0,0,2203.0,0
0.0,1.0,1.0,0,51071.0,0
0.0,1.0,1.0,0,117003.0,0
0.0,1.0,1.0,0,71291.0,0
0.0,1.0,1.0,0,52613.0,0
1.0,1.0,1.0,0,30391.0,0
1.0,1.0,1.0,0,17050.0,0
0.0,1.0,1.0,0,10760.0,0
0.0,1.0,1.0,0,8615.0,0
1.0,1.0,1.0,0,4178.0,0
0.0,1.0,1.0,0,57445.0,0
1.0,1.0,1.0,0,29706.0,0
1.0,1.0,1.0,0,42548.0,0
0.0,1.0,1.0,1,5099.0,2
0.0,1.0,1.0,0,108216.0,0
0.0,1.0,1.0,0,571.0,0
0.0,1.0,1.0,0,34794.0,0
1.0,1.0,1.0,0,4591.0,0
0.0,1.0,1.0,0,32498.0,0
1.0,1.0,1.0,0,24731.0,0
0.0,1.0,1.0,0,34561.0,0
0.0,1.0,1.0,0,123784.0,0
1.0,1.0,1.0,0,90959.0,0
0.0,1.0,1.0,0,69518.0,0
0.0,1.0,1.0,0,63403.0,0
0.0,1.0,1.0,0,102388.0,0
0.0,1.0,1.0,0,11277.0,0
0.0,1.0,1.0,0,10694.0,0
1.0,1.0,1.0,0,67601.0,0
0.0,1.0,1.0,0,116023.0,0
1.0,1.0,1.0,0,55375.0,0
0.0,1.0,1.0,0,169088.0,0
0.0,1.0,1.0,0,7898.0,0
0.0,1.0,1.0,0,10422.0,0
1.0,1.0,1.0,0,10153.0,0
1.0,1.0,1.0,0,120766.0,0
0.0,1.0,1.0,0,100512.0,0
0.0,1.0,1.0,0,60231.0,0
0.0,1.0,1.0,0,12037.0,0
0.0,1.0,1.0,1,3230.0,2
0.0,1.0,1.0,0,8633.0,0
1.0,1.0,1.0,0,32219.0,0
1.0,1.0,1.0,0,10407.0,0
0.0,1.0,1.0,0,26868.0,0
1.0,1.0,1.0,0,18661.0,0
0.0,1.0,1.0,0,27862.0,0
0.0,1.0,1.0,0,0.0,0
1.0,1.0,1.0,0,114778.0,0
1.0,1.0,1.0,0,107431.0,0
0.0,1.0,1.0,0,19700.0,0
1.0,1.0,1.0,0,41387.0,0
0.0,1.0,1.0,0,34854.0,0
0.0,1.0,1.0,0,37767.0,0
0.0,1.0,1.0,0,13631.0,0
0.0,1.0,1.0,0,170511.0,0
0.0,1.0,1.0,0,116008.0,0
0.0,1.0,1.0,0,60299.0,0
1.0,1.0,1.0,0,15096.0,0
0.0,1.0,1.0,0,49975.0,0
1.0,1.0,1.0,0,29798.0,0
0.0,1.0,1.0,0,63225.0,0
0.0,1.0,1.0,0,23388.0,0
0.0,1.0,1.0,0,15198.0,0
1.0,1.0,1.0,0,19431.0,0
0.0,1.0,1.0,0,57543.0,0
0.0,1.0,1.0,0,60518.0,0
0.0,1.0,1.0,0,8861.0,0
0.0,1.0,1.0,0,24088.0,0
1.0,1.0,1.0,0,41658.0,0
0.0,1.0,1.0,0,85603.0,0
0.0,1.0,1.0,0,4993.0,0
0.0,1.0,1.0,0,167914.0,0
1.0,1.0,1.0,0,21903.0,0
1.0,1.0,1.0,0,3675.0,0
0.0,1.0,1.0,0,34074.0,0
0.0,1.0,1.0,0,144853.0,0
0.0,1.0,1.0,0,6200.0,0
0.0,1.0,1.0,0,20660.0,0
1.0,1.0,1.0,0,3376.0,0
0.0,1.0,1.0,0,38720.0,0
1.0,1.0,1.0,0,22143.0,0
0.0,1.0,1.0,0,3755.0,0
1.0,1.0,1.0,0,175667.0,0
0.0,1.0,1.0,0,82125.0,0
0.0,1.0,1.0,0,10100.0,0
1.0,1.0,1.0,0,85708.0,0
1.0,1.0,1.0,0,104759.0,0
0.0,1.0,1.0,0,166899.0,0
0.0,1.0,1.0,0,153909.0,0
0.0,1.0,1.0,0,0.0,0
0.0,1.0,1.0,0,48322.0,0
1.0,1.0,1.0,0,12499.0,0
0.0,1.0,1.0,0,17503.0,0
0.0,1.0,1.0,0,8278.0,0
0.0,1.0,1.0,0,37356.0,0
0.0,1.0,1.0,1,15420.0,2
0.0,1.0,1.0,0,6922.0,0
0.0,1.0,1.0,0,9730.0,0
0.0,1.0,1.0,0,2319.0,0
0.0,1.0,1.0,0,99545.0,0
0.0,1.0,1.0,0,54960.0,0
0.0,1.0,1.0,0,8759.0,0
0.0,1.0,1.0,0,101956.0,0
0.0,1.0,1.0,0,25778.0,0
1.0,1.0,1.0,0,3527.0,0
0.0,1.0,1.0,1,30568.0,2
0.0,1.0,1.0,0,28611.0,0
0.0,1.0,1.0,0,97248.0,0
0.0,1.0,1.0,0,54213.0,0
0.0,1.0,1.0,0,10191.0,0
0.0,1.0,1.0,0,6375.0,0
0.0,1.0,1.0,0,65983.0,0
0.0,1.0,1.0,0,28577.0,0
0.0,1.0,1.0,0,102032.0,0
0.0,1.0,1.0,0,40522.0,0
0.0,1.0,1.0,1,41147.0,2
0.0,1.0,1.0,0,78395.0,0
0.0,1.0,1.0,0,19060.0,0
0.0,1.0,1.0,0,77907.0,0
0.0,1.0,1.0,0,40233.0,0
0.0,1.0,1.0,0,41529.0,0
0.0,1.0,1.0,0,53460.0,0
0.0,1.0,1.0,0,8149.0,0
0.0,1.0,1.0,0,36317.0,1
0.0,1.0,1.0,0,20619.0,1
0.0,1.0,1.0,0,41450.0,1
0.0,1.0,1.0,0,3409.0,1
1.0,1.0,1.0,0,21501.0,1
0.0,1.0,1.0,0,6529.0,1
0.0,1.0,1.0,0,31201.0,1
1.0,1.0,1.0,0,16633.0,1
1.0,1.0,1.0,0,77464.0,1
0.0,1.0,1.0,0,64166.0,1
0.0,1.0,1.0,0,18145.0,1
0.0,1.0,1.0,0,196994.0,1
0.0,1.0,1.0,1,32871.0,2
0.0,1.0,1.0,0,55740.0,1
1.0,1.0,1.0,0,21979.0,1
0.0,1.0,1.0,0,22853.0,1
1.0,1.0,1.0,0,76370.0,1
0.0,1.0,1.0,0,4622.0,1
0.0,1.0,1.0,0,232893.0,1
0.0,1.0,1.0,0,82919.0,1
0.0,1.0,1.0,0,22790.0,1
0.0,1.0,1.0,0,66434.0,1
0.0,1.0,1.0,0,59091.0,1
0.0,1.0,1.0,0,61804.0,1
1.0,1.0,1.0,0,0.0,0
0.0,1.0,1.0,0,42863.0,0
1.0,1.0,1.0,0,20726.0,0
0.0,1.0,1.0,0,11767.0,0
1.0,1.0,1.0,0,11111.0,0
0.0,1.0,1.0,0,1414.0,0
0.0,1.0,1.0,0,52838.0,0
0.0,1.0,1.0,0,199941.0,0
1.0,1.0,1.0,0,21568.0,0
1.0,1.0,1.0,0,7069.0,0
0.0,1.0,1.0,0,29038.0,0
1.0,1.0,1.0,0,88362.0,0
0.0,1.0,1.0,0,15413.0,0
0.0,1.0,1.0,0,14006.0,0
0.0,1.0,1.0,0,56096.0,0
0.0,1.0,1.0,0,43501.0,0
0.0,1.0,1.0,0,63238.0,0
0.0,1.0,1.0,0,64158.0,0
1.0,1.0,1.0,0,46224.0,0
0.0,1.0,1.0,1,8171.0,2
1.0,1.0,1.0,0,117333.0,0
0.0,1.0,1.0,0,14374.0,0
0.0,1.0,1.0,0,156841.0,0
0.0,1.0,1.0,0,80808.0,0
0.0,1.0,1.0,0,30615.0,0
0.0,1.0,1.0,0,33429.0,0
0.0,1.0,1.0,0,34964.0,0
0.0,1.0,1.0,0,82702.0,0
1.0,1.0,1.0,0,28465.0,0
0.0,1.0,1.0,1,49067.0,2
0.0,1.0,1.0,0,34951.0,0
0.0,1.0,1.0,0,202579.0,0
1.0,1.0,1.0,0,58893.0,0
1.0,1.0,1.0,0,12548.0,0
0.0,1.0,1.0,0,104023.0,0
0.0,1.0,1.0,0,1474.0,0
0.0,1.0,1.0,0,123625.0,0
1.0,1.0,1.0,0,198955.0,0
0.0,1.0,1.0,0,48907.0,0
1.0,1.0,1.0,0,53213.0,0
0.0,1.0,1.0,0,46799.0,0
0.0,1.0,1.0,0,14618.0,0
1.0,1.0,1.0,0,3674.0,0
0.0,1.0,1.0,0,41677.0,0
0.0,1.0,1.0,0,85544.0,1
0.0,1.0,1.0,0,0.0,0
0.0,1.0,1.0,0,14752.0,0
1.0,1.0,1.0,0,2636.0,0
0.0,1.0,1.0,0,54730.0,0
1.0,1.0,1.0,0,73710.0,0
0.0,1.0,1.0,0,710.0,0
0.0,1.0,1.0,0,88284.0,0
0.0,1.0,1.0,0,39892.0,0
1.0,1.0,1.0,0,20754.0,0
1.0,1.0,1.0,0,27751.0,0
0.0,1.0,1.0,0,81122.0,0
0.0,1.0,1.0,0,21057.0,0
0.0,1.0,1.0,0,39322.0,0
0.0,1.0,1.0,0,79048.0,0
1.0,1.0,1.0,0,126250.0,0
0.0,1.0,1.0,0,3834.0,0
0.0,1.0,1.0,0,7344.0,0
1.0,1.0,1.0,0,77008.0,0
1.0,1.0,1.0,0,77236.0,0
0.0,1.0,1.0,0,114488.0,0
0.0,1.0,1.0,0,15435.0,0
0.0,1.0,1.0,0,9553.0,0
0.0,1.0,1.0,0,26481.0,0
0.0,1.0,1.0,0,69483.0,0
0.0,1.0,1.0,0,41761.0,0
0.0,1.0,1.0,0,23889.0,0
1.0,1.0,1.0,0,9465.0,0
1.0,1.0,1.0,0,140138.0,0
0.0,1.0,1.0,0,1935.0,0
0.0,1.0,1.0,0,8657.0,0
0.0,1.0,1.0,0,4008.0,0
1.0,1.0,1.0,0,11454.0,0
1.0,1.0,1.0,0,68518.0,0
0.0,1.0,1.0,0,131514.0,0
1.0,1.0,1.0,0,1020.0,0
0.0,1.0,1.0,0,20906.0,0
0.0,1.0,1.0,0,9323.0,0
0.0,1.0,1.0,0,85831.0,0
0.0,1.0,1.0,0,36389.0,0
0.0,1.0,1.0,0,134322.0,0
0.0,1.0,1.0,0,31891.0,0
0.0,1.0,1.0,0,7648.0,0
0.0,1.0,1.0,0,1907.0,1
0.0,1.0,1.0,0,35925.0,1
0.0,1.0,1.0,0,35380.0,1
0.0,1.0,1.0,0,22589.0,1
0.0,1.0,1.0,0,12023.0,1
0.0,1.0,1.0,0,148407.0,1
0.0,1.0,1.0,0,4349.0,1
0.0,1.0,1.0,0,42511.0,1
0.0,1.0,1.0,0,44499.0,1
1.0,1.0,1.0,0,49890.0,1
1.0,1.0,1.0,0,12990.0,1
1.0,1.0,1.0,0,62675.0,1
0.0,1.0,1.0,0,43502.0,1
0.0,1.0,1.0,0,52241.0,1
0.0,1.0,1.0,0,44945.0,1
1.0,1.0,1.0,0,66284.0,1
0.0,1.0,1.0,0,19464.0,1
0.0,1.0,1.0,0,6658.0,1
0.0,1.0,1.0,0,0.0,0
0.0,1.0,1.0,0,2797.0,0
0.0,1.0,1.0,0,1908.0,0
0.0,1.0,1.0,0,56092.0,0
1.0,1.0,1.0,0,73597.0,0
0.0,1.0,1.0,0,5603.0,0
0.0,1.0,1.0,0,57846.0,0
0.0,1.0,1.0,0,32189.0,0
0.0,1.0,1.0,0,110769.0,0
0.0,1.0,1.0,0,132301.0,0
0.0,1.0,1.0,0,26274.0,0
1.0,1.0,1.0,0,139266.0,0
0.0,1.0,1.0,0,16408.0,0
0.0,1.0,1.0,0,37770.0,0
0.0,1.0,1.0,1,56081.0,2
0.0,1.0,1.0,0,11617.0,0
0.0,1.0,1.0,0,2335.0,0
0.0,1.0,1.0,0,29569.0,0
1.0,1.0,1.0,0,71635.0,0
0.0,1.0,1.0,0,12231.0,0
1.0,1.0,1.0,0,35982.0,0
1.0,1.0,1.0,0,44055.0,0
0.0,1.0,1.0,0,86749.0,0
1.0,1.0,1.0,0,41915.0,0
1.0,1.0,1.0,0,3917.0,0
0.0,1.0,1.0,0,2394.0,0
0.0,1.0,1.0,0,116689.0,0
0.0,1.0,1.0,0,2720.0,0
0.0,1.0,1.0,0,137483.0,0
0.0,1.0,1.0,0,9273.0,0
0.0,1.0,1.0,0,122715.0,0
1.0,1.0,1.0,0,27418.0,0
0.0,1.0,1.0,0,10911.0,0
1.0,1.0,1.0,0,32509.0,0
1.0,1.0,1.0,0,146750.0,0
0.0,1.0,1.0,0,15604.0,0
0.0,1.0,1.0,0,95503.0,0
0.0,1.0,1.0,0,43667.0,0
1.0,1.0,1.0,0,66798.0,0
0.0,1.0,1.0,0,80515.0,0
0.0,1.0,1.0,0,37052.0,1
1.0,1.0,1.0,0,27387.0,1
0.0,1.0,1.0,0,12226.0,1
1.0,1.0,1.0,0,24698.0,1
0.0,1.0,1.0,0,18376.0,1
0.0,1.0,1.0,0,77306.0,1
1.0,1.0,1.0,0,67315.0,1
1.0,1.0,1.0,0,2529.0,1
0.0,1.0,1.0,0,10394.0,1
0.0,1.0,1.0,0,152662.0,1
1.0,1.0,1.0,0,0.0,0
0.0,1.0,1.0,0,188866.0,0
0.0,1.0,1.0,0,24155.0,0
1.0,1.0,1.0,0,539.0,0
0.0,1.0,1.0,0,18949.0,0
0.0,1.0,1.0,0,144619.0,0
1.0,1.0,1.0,0,56256.0,0
0.0,1.0,1.0,0,20906.0,0
0.0,1.0,1.0,0,83184.0,0
0.0,1.0,1.0,1,22826.0,2
0.0,1.0,1.0,0,11446.0,0
0.0,1.0,1.0,0,55998.0,0
1.0,1.0,1.0,0,73145.0,0
0.0,1.0,1.0,0,26017.0,0
0.0,1.0,1.0,0,31235.0,0
0.0,1.0,1.0,0,20127.0,0
1.0,1.0,1.0,0,46144.0,0
0.0,1.0,1.0,0,7510.0,0
0.0,1.0,1.0,0,71366.0,0
0.0,1.0,1.0,0,24466.0,0
0.0,1.0,1.0,0,22302.0,0
0.0,1.0,1.0,0,16738.0,0
0.0,1.0,1.0,0,21316.0,0
0.0,1.0,1.0,0,36007.0,0
1.0,1.0,1.0,0,59080.0,0
0.0,1.0,1.0,0,36736.0,0
0.0,1.0,1.0,0,5522.0,0
0.0,1.0,1.0,0,82650.0,0
0.0,1.0,1.0,0,11200.0,0
0.0,1.0,1.0,0,63717.0,0
0.0,1.0,1.0,0,158897.0,0
0.0,1.0,1.0,0,28989.0,0
0.0,1.0,1.0,0,59484.0,0
0.0,1.0,1.0,0,5399.0,0
0.0,1.0,1.0,0,60942.0,0
0.0,1.0,1.0,1,91925.0,2
0.0,1.0,1.0,0,15307.0,0
0.0,1.0,1.0,0,197316.0,0
0.0,1.0,1.0,0,7144.0,0
1.0,1.0,1.0,0,3334.0,0
0.0,1.0,1.0,0,2854.0,0
0.0,1.0,1.0,0,15525.0,0
1.0,1.0,1.0,0,17285.0,0
0.0,1.0,1.0,0,743.0,1
0.0,1.0,1.0,0,49202.0,1
0.0,1.0,1.0,0,25097.0,1
0.0,1.0,1.0,0,32554.0,1
1.0,1.0,1.0,0,134900.0,1
0.0,1.0,1.0,0,62466.0,1
0.0,1.0,1.0,0,9426.0,1
0.0,1.0,1.0,0,36501.0,1
0.0,1.0,1.0,0,4745.0,1
0.0,1.0,1.0,0,9289.0,1
0.0,1.0,1.0,0,64635.0,1
0.0,1.0,1.0,0,67606.0,1
0.0,1.0,1.0,0,9753.0,1
1.0,1.0,1.0,0,98552.0,1
0.0,1.0,1.0,0,0.0,0
0.0,1.0,1.0,0,148982.0,0
1.0,1.0,1.0,0,141077.0,0
0.0,1.0,1.0,1,63294.0,2
1.0,1.0,1.0,0,27178.0,0
1.0,1.0,1.0,0,48055.0,0
1.0,1.0,1.0,0,1734.0,0
0.0,1.0,1.0,0,1002.0,0
0.0,1.0,1.0,0,16739.0,0
0.0,1.0,1.0,0,23399.0,0
0.0,1.0,1.0,0,1630.0,0
1.0,1.0,1.0,0,42232.0,0
1.0,1.0,1.0,0,85976.0,0
1.0,1.0,1.0,0,42857.0,0
0.0,1.0,1.0,0,12847.0,0
0.0,1.0,1.0,0,35643.0,0
0.0,1.0,1.0,0,74616.0,0
0.0,1.0,1.0,0,51218.0,0
0.0,1.0,1.0,0,36044.0,0
0.0,1.0,1.0,0,120162.0,0
1.0,1.0,1.0,0,53463.0,0
1.0,1.0,1.0,0,144962.0,0
0.0,1.0,1.0,0,29065.0,0
1.0,1.0,1.0,0,139635.0,0
1.0,1.0,1.0,0,4621.0,0
0.0,1.0,1.0,0,52219.0,0
0.0,1.0,1.0,1,37371.0,2
0.0,1.0,1.0,0,7183.0,0
0.0,1.0,1.0,0,4617.0,0
0.0,1.0,1.0,0,172573.0,0
0.0,1.0,1.0,0,24865.0,0
0.0,1.0,1.0,0,33011.0,0
0.0,1.0,1.0,0,22675.0,0
0.0,1.0,1.0,0,19719.0,0
0.0,1.0,1.0,0,24294.0,0
1.0,1.0,1.0,0,17656.0,0
0.0,1.0,1.0,0,19875.0,0
0.0,1.0,1.0,0,20244.0,0
0.0,1.0,1.0,0,17104.0,0
0.0,1.0,1.0,0,93380.0,1
0.0,1.0,1.0,0,36068.0,1
0.0,1.0,1.0,1,41701.0,2
0.0,1.0,1.0,0,3970.0,1
0.0,1.0,1.0,0,17284.0,1
0.0,1.0,1.0,0,16125.0,1
0.0,1.0,1.0,0,32737.0,1
0.0,1.0,1.0,1,6827.0,2
0.0,1.0,1.0,0,7161.0,1
0.0,1.0,1.0,0,49095.0,1
1.0,1.0,1.0,0,14423.0,1
0.0,1.0,1.0,0,23115.0,1
1.0,1.0,1.0,0,224706.0,1
0.0,1.0,1.0,0,5273.0,1
0.0,1.0,1.0,0,75975.0,1
0.0,1.0,1.0,0,17847.0,1
0.0,1.0,1.0,0,20014.0,1
0.0,1.0,1.0,0,0.0,0
0.0,1.0,1.0,0,18133.0,0
0.0,1.0,1.0,0,43494.0,0
0.0,1.0,1.0,0,75440.0,0
0.0,1.0,1.0,0,19398.0,0
0.0,1.0,1.0,0,21345.0,0
0.0,1.0,1.0,0,59299.0,0
0.0,1.0,1.0,0,9786.0,0
0.0,1.0,1.0,0,13914.0,0
0.0,1.0,1.0,0,71678.0,0
0.0,1.0,1.0,0,22207.0,0
0.0,1.0,1.0,0,18208.0,0
0.0,1.0,1.0,0,33005.0,0
0.0,1.0,1.0,0,82894.0,0
0.0,1.0,1.0,0,6940.0,0
0.0,1.0,1.0,0,24168.0,0
1.0,1.0,1.0,0,4406.0,0
1.0,1.0,1.0,0,10599.0,0
0.0,1.0,1.0,0,492.0,0
0.0,1.0,1.0,0,19002.0,0
0.0,1.0,1.0,0,8221.0,0
1.0,1.0,1.0,0,35019.0,0
0.0,1.0,1.0,0,17958.0,0
1.0,1.0,1.0,0,56256.0,0
0.0,1.0,1.0,0,12482.0,0
0.0,1.0,1.0,0,35533.0,0
1.0,1.0,1.0,0,25969.0,0
0.0,1.0,1.0,0,70597.0,0
0.0,1.0,1.0,0,39124.0,0
0.0,1.0,1.0,0,14193.0,0
0.0,1.0,1.0,0,28267.0,0
1.0,1.0,1.0,0,12614.0,0
1.0,1.0,1.0,0,3126.0,0
0.0,1.0,1.0,0,63114.0,0
0.0,1.0,1.0,0,53356.0,0
0.0,1.0,1.0,0,24672.0,1
0.0,1.0,1.0,0,52732.0,1
1.0,1.0,1.0,0,166511.0,1
0.0,1.0,1.0,0,32223.0,1
0.0,1.0,1.0,0,40377.0,1
0.0,1.0,1.0,0,21172.0,1
0.0,1.0,1.0,0,1619.0,1
0.0,1.0,1.0,0,42679.0,1
1.0,1.0,1.0,0,23510.0,1
0.0,1.0,1.0,0,10957.0,1
0.0,1.0,1.0,0,15997.0,1
1.0,1.0,1.0,0,95470.0,1
0.0,1.0,1.0,0,54494.0,1
0.0,1.0,1.0,0,76369.0,1
1.0,1.0,1.0,0,70910.0,1
1.0,1.0,1.0,0,64229.0,1
0.0,1.0,1.0,0,26861.0,1
0.0,1.0,1.0,0,70445.0,1
0.0,1.0,1.0,0,5108.0,1
1.0,1.0,1.0,0,22072.0,1
0.0,1.0,1.0,0,36017.0,1
0.0,1.0,1.0,0,21227.0,1
0.0,1.0,1.0,0,17928.0,1
0.0,1.0,1.0,0,18451.0,1
0.0,1.0,1.0,0,23069.0,1
0.0,1.0,1.0,0,23513.0,1
1.0,1.0,1.0,0,23633.0,1
0.0,1.0,1.0,0,63801.0,1
0.0,1.0,1.0,0,64545.0,1
0.0,1.0,1.0,0,8683.0,1
1.0,1.0,1.0,0,6055.0,1
0.0,1.0,1.0,0,65788.0,1
0.0,1.0,1.0,0,9018.0,1
0.0,1.0,1.0,0,51979.0,1
0.0,1.0,1.0,1,10065.0,2
0.0,1.0,1.0,0,1382.0,1
0.0,1.0,1.0,0,5653.0,1
0.0,1.0,1.0,0,2454.0,1
0.0,1.0,1.0,0,76255.0,1
1.0,1.0,1.0,0,47357.0,1
0.0,1.0,1.0,0,0.0,0
1.0,1.0,1.0,0,16117.0,0
0.0,1.0,1.0,0,14486.0,0
0.0,1.0,1.0,0,37023.0,0
0.0,1.0,1.0,0,21469.0,0
0.0,1.0,1.0,0,40477.0,0
1.0,1.0,1.0,0,49735.0,0
1.0,1.0,1.0,0,131304.0,0
0.0,1.0,1.0,0,1014.0,0
0.0,1.0,1.0,0,21794.0,0
1.0,1.0,1.0,0,89245.0,0
0.0,1.0,1.0,0,5367.0,0
0.0,1.0,1.0,0,38345.0,0
0.0,1.0,1.0,0,11302.0,0
0.0,1.0,1.0,0,143523.0,0
0.0,1.0,1.0,0,37456.0,0
1.0,1.0,1.0,0,8367.0,0
0.0,1.0,1.0,0,8120.0,0
0.0,1.0,1.0,0,37525.0,0
1.0,1.0,1.0,0,35586.0,0
0.0,1.0,1.0,0,8420.0,0
0.0,1.0,1.0,0,19035.0,0
0.0,1.0,1.0,0,14864.0,0
0.0,1.0,1.0,0,30285.0,0
0.0,1.0,1.0,0,26734.0,0
0.0,1.0,1.0,0,79361.0,0
0.0,1.0,1.0,0,20698.0,0
0.0,1.0,1.0,0,11447.0,0
0.0,1.0,1.0,0,9689.0,0
1.0,1.0,1.0,0,3740.0,0
0.0,1.0,1.0,0,3467.0,0
0.0,1.0,1.0,0,2876.0,0
0.0,1.0,1.0,0,12822.0,0
1.0,1.0,1.0,0,2941.0,0
0.0,1.0,1.0,0,14228.0,0
0.0,1.0,1.0,0,10009.0,0
1.0,1.0,1.0,0,76487.0,0
0.0,1.0,1.0,0,37050.0,0
0.0,1.0,1.0,0,83072.0,0
1.0,1.0,1.0,0,80372.0,0
0.0,1.0,1.0,0,17450.0,0
0.0,1.0,1.0,0,49324.0,0
1.0,1.0,1.0,0,72556.0,0
0.0,1.0,1.0,0,66525.0,0
0.0,1.0,1.0,0,220657.0,0
1.0,1.0,1.0,0,8652.0,0
1.0,1.0,1.0,0,5122.0,0
0.0,1.0,1.0,0,12993.0,0
1.0,1.0,1.0,0,48192.0,0
1.0,1.0,1.0,0,220731.0,0
1.0,1.0,1.0,0,51005.0,0
1.0,1.0,1.0,0,14046.0,0
0.0,1.0,1.0,0,23806.0,0
0.0,1.0,1.0,0,101542.0,0
0.0,2.0,1.0,0,259.0,1
0.0,1.0,1.0,0,42520.0,1
0.0,1.0,1.0,0,14583.0,1
1.0,1.0,1.0,0,3781.0,1
0.0,1.0,1.0,0,25961.0,1
0.0,1.0,1.0,0,3259.0,1
0.0,1.0,1.0,0,4193.0,1
0.0,1.0,1.0,0,55055.0,1
1.0,1.0,1.0,0,15907.0,1
0.0,1.0,1.0,0,34008.0,1
0.0,1.0,1.0,0,29654.0,1
1.0,1.0,1.0,0,0.0,0
1.0,1.0,1.0,0,59801.0,0
0.0,1.0,1.0,0,35652.0,0
0.0,1.0,1.0,0,51041.0,0
0.0,1.0,1.0,0,47960.0,0
0.0,1.0,1.0,0,15283.0,0
1.0,1.0,1.0,0,75643.0,0
0.0,1.0,1.0,0,16963.0,0
0.0,1.0,1.0,0,67633.0,0
1.0,1.0,1.0,0,17589.0,0
0.0,1.0,1.0,0,3540.0,0
0.0,1.0,1.0,0,15496.0,0
0.0,1.0,1.0,0,387.0,0
0.0,1.0,1.0,0,14851.0,0
1.0,1.0,1.0,0,8554.0,0
1.0,1.0,1.0,0,55878.0,0
0.0,1.0,1.0,0,11464.0,0
1.0,1.0,1.0,0,141537.0,0
0.0,1.0,1.0,0,5872.0,0
1.0,1.0,1.0,0,64244.0,0
0.0,1.0,1.0,0,2624.0,0
0.0,1.0,1.0,0,10986.0,0
1.0,1.0,1.0,0,78698.0,0
0.0,1.0,1.0,0,30016.0,0
0.0,1.0,1.0,0,811.0,0
0.0,1.0,1.0,0,4921.0,0
0.0,1.0,1.0,0,174813.0,0
0.0,1.0,1.0,0,26917.0,0
0.0,1.0,1.0,0,53748.0,0
0.0,1.0,1.0,0,1104.0,0
0.0,1.0,1.0,0,32357.0,0
0.0,1.0,1.0,0,68048.0,0
0.0,1.0,1.0,0,66883.0,0
0.0,1.0,1.0,0,15904.0,0
1.0,1.0,1.0,0,26600.0,0
1.0,1.0,1.0,0,85413.0,0
0.0,1.0,1.0,0,8475.0,0
0.0,1.0,1.0,1,56376.0,2
0.0,1.0,1.0,0,66740.0,0
0.0,1.0,1.0,0,13532.0,1
0.0,1.0,1.0,0,10776.0,1
0.0,1.0,1.0,0,5615.0,1
0.0,1.0,1.0,0,775.0,1
0.0,1.0,1.0,0,17131.0,1
0.0,1.0,1.0,0,44187.0,1
0.0,1.0,1.0,1,41684.0,2
1.0,1.0,1.0,0,108732.0,1
1.0,1.0,1.0,0,6607.0,1
1.0,1.0,1.0,0,20449.0,1
1.0,1.0,1.0,0,357.0,1
1.0,1.0,1.0,0,2216.0,1
0.0,1.0,1.0,0,3837.0,1
0.0,1.0,1.0,0,24400.0,1
1.0,1.0,1.0,0,71470.0,1
1.0,1.0,1.0,0,31321.0,1
0.0,1.0,1.0,0,15962.0,1
0.0,1.0,1.0,0,77473.0,1
0.0,1.0,1.0,0,88963.0,1
0.0,1.0,1.0,0,61184.0,1
0.0,1.0,1.0,0,30391.0,1
1.0,1.0,1.0,0,30553.0,1
0.0,1.0,1.0,0,6674.0,1
0.0,1.0,1.0,0,5513.0,1
0.0,1.0,1.0,0,99423.0,1
1.0,1.0,1.0,0,17902.0,1
0.0,1.0,1.0,0,55964.0,1
0.0,1.0,1.0,1,8064.0,2
1.0,1.0,1.0,0,24024.0,1
0.0,1.0,1.0,0,24787.0,1
0.0,1.0,1.0,0,0.0,0
0.0,1.0,1.0,1,47589.0,2
0.0,1.0,1.0,0,9431.0,0
0.0,1.0,1.0,0,23076.0,0
0.0,1.0,1.0,0,53247.0,0
0.0,1.0,1.0,0,24127.0,0
0.0,1.0,1.0,0,8696.0,0
0.0,1.0,1.0,0,11926.0,0
0.0,1.0,1.0,0,34252.0,0
0.0,1.0,1.0,0,115567.0,0
0.0,1.0,1.0,1,39847.0,2
0.0,1.0,1.0,0,71724.0,0
0.0,1.0,1.0,0,28785.0,0
0.0,1.0,1.0,0,105202.0,0
0.0,1.0,1.0,0,74229.0,0
0.0,1.0,1.0,0,57112.0,0
1.0,1.0,1.0,0,44508.0,0
0.0,1.0,1.0,0,12653.0,0
0.0,1.0,1.0,0,5892.0,0
0.0,1.0,1.0,1,18882.0,2
0.0,1.0,1.0,1,5954.0,2
0.0,1.0,1.0,0,75137.0,0
0.0,1.0,1.0,0,54666.0,0
1.0,1.0,1.0,0,82495.0,0
0.0,1.0,1.0,0,21784.0,0
1.0,1.0,1.0,0,11791.0,0
1.0,1.0,1.0,0,99110.0,0
0.0,1.0,1.0,0,19119.0,0
0.0,1.0,1.0,0,4103.0,0
0.0,1.0,1.0,0,14629.0,0
0.0,1.0,1.0,0,64143.0,0
0.0,1.0,1.0,0,66056.0,0
0.0,1.0,1.0,0,118313.0,1
0.0,1.0,1.0,0,7069.0,1
0.0,1.0,1.0,1,23975.0,2
0.0,1.0,1.0,0,6381.0,1
1.0,1.0,1.0,0,9042.0,1
1.0,1.0,1.0,0,16702.0,1
0.0,1.0,1.0,0,9464.0,1
0.0,1.0,1.0,0,26216.0,1
0.0,1.0,1.0,0,32519.0,1
1.0,1.0,1.0,0,3879.0,1
1.0,1.0,1.0,0,22794.0,1
0.0,1.0,1.0,0,121502.0,1
1.0,1.0,1.0,0,52115.0,1
0.0,1.0,1.0,0,49585.0,1
0.0,1.0,1.0,1,28103.0,2
1.0,1.0,1.0,0,9719.0,1
0.0,1.0,1.0,0,13699.0,1
1.0,1.0,1.0,0,64110.0,1
0.0,1.0,1.0,0,141441.0,1
0.0,1.0,1.0,0,9243.0,1
0.0,1.0,1.0,0,15967.0,1
0.0,1.0,1.0,0,2029.0,1
0.0,1.0,1.0,0,31757.0,1
0.0,1.0,1.0,0,31519.0,1
0.0,1.0,1.0,0,9196.0,1
1.0,1.0,1.0,0,8404.0,1
1.0,1.0,1.0,0,78033.0,1
0.0,1.0,1.0,0,58379.0,1
0.0,1.0,1.0,0,55250.0,1
0.0,1.0,1.0,0,44380.0,1
1.0,1.0,1.0,0,12471.0,1
0.0,1.0,1.0,0,31479.0,1
0.0,1.0,1.0,1,20858.0,2
1.0,1.0,1.0,0,0.0,0
0.0,1.0,1.0,0,48896.0,0
1.0,1.0,1.0,0,16095.0,0
1.0,1.0,1.0,0,62549.0,0
1.0,1.0,1.0,0,18292.0,0
0.0,1.0,1.0,0,18905.0,0
0.0,1.0,1.0,0,10349.0,0
0.0,1.0,1.0,0,156698.0,0
0.0,1.0,1.0,0,17673.0,0
0.0,1.0,1.0,0,101621.0,0
0.0,1.0,1.0,0,32987.0,0
1.0,1.0,1.0,0,58896.0,0
0.0,1.0,1.0,0,30972.0,0
1.0,1.0,1.0,0,228248.0,0
0.0,1.0,1.0,0,95225.0,0
0.0,1.0,1.0,0,13161.0,0
1.0,1.0,1.0,0,22574.0,0
0.0,1.0,1.0,0,23936.0,0
0.0,1.0,1.0,1,51185.0,2
0.0,1.0,1.0,0,163836.0,0
0.0,1.0,1.0,0,41546.0,0
0.0,1.0,1.0,0,147952.0,0
0.0,1.0,1.0,0,31167.0,0
0.0,1.0,1.0,0,43237.0,0
0.0,1.0,1.0,0,26371.0,0
1.0,1.0,1.0,0,23177.0,0
0.0,1.0,1.0,0,33532.0,0
1.0,1.0,1.0,0,15058.0,0
0.0,1.0,1.0,0,44541.0,0
1.0,1.0,1.0,0,42669.0,0
0.0,1.0,1.0,0,43866.0,0
0.0,1.0,1.0,1,179379.0,2
0.0,1.0,1.0,0,576.0,0
0.0,1.0,1.0,0,13441.0,0
0.0,1.0,1.0,1,7380.0,2
1.0,1.0,1.0,0,54780.0,0
0.0,1.0,1.0,0,8159.0,0
0.0,1.0,1.0,0,142956.0,0
1.0,1.0,1.0,0,14875.0,0
0.0,1.0,1.0,0,40914.0,0
0.0,1.0,1.0,0,34269.0,0
0.0,1.0,1.0,0,7618.0,0
1.0,1.0,1.0,0,20096.0,0
0.0,1.0,1.0,0,50549.0,0
0.0,1.0,1.0,0,104234.0,0
0.0,1.0,1.0,0,53506.0,0
0.0,1.0,1.0,0,64480.0,0
1.0,1.0,1.0,0,58305.0,0
0.0,1.0,1.0,0,8779.0,0
0.0,1.0,1.0,0,27701.0,0
0.0,1.0,1.0,0,20064.0,1
1.0,1.0,1.0,0,0.0,0
0.0,1.0,1.0,0,6619.0,0
0.0,1.0,1.0,0,90433.0,0
1.0,1.0,1.0,0,3864.0,0
1.0,1.0,1.0,0,83566.0,0
1.0,1.0,1.0,0,25385.0,0
0.0,1.0,1.0,0,99473.0,0
0.0,1.0,1.0,0,22919.0,0
0.0,1.0,1.0,0,88054.0,0
0.0,1.0,1.0,0,29284.0,0
0.0,1.0,1.0,1,19063.0,2
1.0,1.0,1.0,0,9271.0,0
0.0,1.0,1.0,0,40170.0,0
0.0,1.0,1.0,0,19129.0,0
0.0,1.0,1.0,0,33547.0,0
0.0,1.0,1.0,1,6022.0,2
1.0,1.0,1.0,0,62719.0,0
1.0,1.0,1.0,0,1338.0,0
0.0,1.0,1.0,0,58541.0,0
1.0,1.0,1.0,0,38521.0,0
1.0,1.0,1.0,0,2894.0,0
0.0,1.0,1.0,0,24555.0,0
0.0,1.0,1.0,0,5801.0,0
0.0,1.0,1.0,0,5633.0,0
0.0,1.0,1.0,0,22403.0,0
1.0,1.0,1.0,0,23444.0,0
1.0,1.0,1.0,0,42114.0,0
0.0,1.0,1.0,0,3525.0,0
1.0,1.0,1.0,0,2097.0,0
0.0,1.0,1.0,0,1384.0,0
0.0,1.0,1.0,0,58345.0,0
0.0,1.0,1.0,0,3710.0,0
0.0,1.0,1.0,0,154694.0,0
0.0,1.0,1.0,0,33448.0,0
0.0,1.0,1.0,0,45749.0,0
1.0,1.0,1.0,0,8803.0,0
1.0,1.0,1.0,0,2846.0,0
0.0,1.0,1.0,0,10969.0,0
0.0,1.0,1.0,0,18428.0,0
0.0,1.0,1.0,1,30754.0,2
0.0,1.0,1.0,0,62723.0,0
0.0,1.0,1.0,0,42735.0,0
1.0,1.0,1.0,0,23321.0,0
0.0,1.0,1.0,0,463.0,0
1.0,1.0,1.0,0,24699.0,0
0.0,1.0,1.0,0,65589.0,0
0.0,1.0,1.0,0,37205.0,0
0.0,1.0,1.0,0,36402.0,0
1.0,1.0,1.0,0,109949.0,0
0.0,1.0,1.0,0,17813.0,0
1.0,1.0,1.0,0,5087.0,0
0.0,1.0,1.0,0,31656.0,0
0.0,1.0,1.0,0,9129.0,0
0.0,1.0,1.0,0,819.0,0
0.0,1.0,1.0,0,72672.0,0
1.0,1.0,1.0,0,23429.0,0
0.0,1.0,1.0,0,242780.0,0
0.0,1.0,1.0,0,48648.0,1
0.0,1.0,1.0,0,3547.0,1
0.0,1.0,1.0,0,10504.0,1
1.0,1.0,1.0,0,92997.0,1
1.0,1.0,1.0,0,50666.0,1
0.0,1.0,1.0,0,9172.0,1
0.0,1.0,1.0,0,38805.0,1
1.0,1.0,1.0,0,14321.0,1
0.0,1.0,1.0,0,141346.0,1
0.0,1.0,1.0,1,19980.0,2
0.0,1.0,1.0,0,57061.0,1
1.0,1.0,1.0,0,0.0,0
1.0,1.0,1.0,0,57462.0,0
0.0,1.0,1.0,0,33194.0,0
1.0,1.0,1.0,0,2753.0,0
1.0,1.0,1.0,0,150.0,0
1.0,1.0,1.0,0,59912.0,0
1.0,1.0,1.0,0,62725.0,0
1.0,1.0,1.0,0,48867.0,0
0.0,1.0,1.0,0,1457.0,0
0.0,1.0,1.0,1,9823.0,2
0.0,1.0,1.0,1,66163.0,2
1.0,1.0,1.0,0,25301.0,0
0.0,1.0,1.0,0,44017.0,0
1.0,1.0,1.0,0,20439.0,0
0.0,1.0,1.0,0,223922.0,0
0.0,1.0,1.0,0,78340.0,0
1.0,1.0,1.0,0,117712.0,0
0.0,1.0,1.0,1,34845.0,2
1.0,1.0,1.0,0,124982.0,0
0.0,1.0,1.0,0,61594.0,0
1.0,1.0,1.0,0,1368.0,0
1.0,1.0,1.0,0,340652.0,0
1.0,1.0,1.0,0,183832.0,0
1.0,1.0,1.0,0,12723.0,0
0.0,1.0,1.0,0,37190.0,0
0.0,1.0,1.0,0,5815.0,0
0.0,1.0,1.0,0,6492.0,0
1.0,2.0,1.0,0,66.0,0
1.0,1.0,1.0,0,79480.0,0
1.0,1.0,1.0,0,27456.0,0
1.0,1.0,1.0,0,129411.0,0
0.0,1.0,1.0,0,57610.0,0
1.0,1.0,1.0,0,80690.0,0
1.0,1.0,1.0,0,59714.0,0
0.0,1.0,1.0,0,27163.0,0
0.0,1.0,1.0,0,6915.0,0
0.0,1.0,1.0,1,81732.0,2
1.0,1.0,1.0,0,82689.0,0
1.0,1.0,1.0,0,4994.0,0
1.0,1.0,1.0,0,21321.0,0
0.0,1.0,1.0,1,0.0,2
1.0,1.0,1.0,0,216227.0,0
1.0,1.0,1.0,0,30694.0,0
0.0,1.0,1.0,0,60247.0,0
1.0,1.0,1.0,0,86149.718815,0
2.0,1.0,2.0,0,0.847909,0
3.0,1.0,3.0,0,1.24881,0
4.0,1.0,4.0,0,3.391473,0
5.0,1.0,5.0,0,3.464086,0
6.0,1.0,6.0,0,3.221741,0
7.0,1.0,7.0,0,1.037954,0
8.0,1.0,8.0,0,1.199355,0
9.0,1.0,9.0,0,0.203953,0
10.0,1.0,10.0,0,0.384971,2
11.0,1.0,11.0,0,5.880572,2
12.0,1.0,12.0,0,1.978593,2
13.0,1.0,13.0,0,0.853153,2
14.0,1.0,14.0,0,1.505914,2
15.0,1.0,15.0,0,0.506422,2
16.0,1.0,16.0,0,1.832207,2
17.0,1.0,17.0,0,0.295135,2
18.0,1.0,18.0,0,0.091034,2
19.0,1.0,19.0,0,0.179269,2
20.0,1.0,20.0,0,0.344233,2
1.0,1.0,1.0,0,4158.032581,0
2.0,1.0,2.0,0,2.493896,0
3.0,1.0,3.0,0,2.800545,0
4.0,1.0,4.0,0,0.446321,0
5.0,1.0,5.0,0,0.4334,0
6.0,1.0,6.0,0,0.039796,0
7.0,1.0,7.0,0,0.53252,0
8.0,1.0,8.0,0,0.363038,0
9.0,1.0,9.0,0,1.309386,0
10.0,1.0,10.0,0,2.871594,2
11.0,1.0,11.0,0,0.438479,2
12.0,1.0,12.0,0,3.429478,2
13.0,1.0,13.0,0,1.257662,2
14.0,1.0,14.0,0,0.951226,2
15.0,1.0,15.0,0,6.591037,2
16.0,1.0,16.0,0,3.605095,2
17.0,1.0,17.0,0,0.316125,2
18.0,1.0,18.0,0,0.377973,2
19.0,1.0,19.0,0,0.605153,2
20.0,1.0,20.0,0,0.121079,2
1.0,1.0,1.0,0,77791.271335,0
2.0,1.0,2.0,0,0.186207,0
3.0,1.0,3.0,0,0.309995,0
4.0,1.0,4.0,0,0.28926,0
5.0,1.0,5.0,0,0.165468,0
6.0,1.0,6.0,0,1.78384,0
7.0,1.0,7.0,0,0.581099,0
8.0,1.0,8.0,0,2.063509,0
9.0,1.0,9.0,0,2.197601,0
10.0,1.0,10.0,0,1.840233,2
11.0,1.0,11.0,0,0.043744,2
12.0,1.0,12.0,0,0.163076,2
13.0,1.0,13.0,0,2.950214,2
14.0,1.0,14.0,0,3.102622,2
15.0,1.0,15.0,0,0.021736,2
16.0,1.0,16.0,0,0.380306,2
17.0,1.0,17.0,0,9.053523,2
18.0,1.0,18.0,0,0.036431,2
19.0,1.0,19.0,0,0.979045,2
20.0,1.0,20.0,0,0.043791,2
1.0,1.0,1.0,0,56192.334982,0
1.0,1.0,1.0,0,724.0,0
0.0,1.0,1.0,0,8136.0,0
1.0,1.0,1.0,0,5025.0,0
1.0,1.0,1.0,0,20267.0,0
1.0,1.0,1.0,0,75433.372045,0
2.0,1.0,2.0,0,0.047434,0
3.0,1.0,3.0,0,1.403847,0
4.0,1.0,4.0,0,0.725366,0
5.0,1.0,5.0,0,7.364923,0
6.0,1.0,6.0,0,0.608314,0
7.0,1.0,7.0,0,1.436482,0
8.0,1.0,8.0,0,0.474687,0
9.0,1.0,9.0,0,3.528126,0
10.0,1.0,10.0,0,1.050907,2
11.0,1.0,11.0,0,0.578885,2
12.0,1.0,12.0,0,0.385708,2
13.0,1.0,13.0,0,0.332012,2
14.0,1.0,14.0,0,0.345527,2
15.0,1.0,15.0,0,0.954447,2
16.0,1.0,16.0,0,0.449834,2
17.0,1.0,17.0,0,0.165153,2
18.0,1.0,18.0,0,1.840519,2
19.0,1.0,19.0,0,3.580255,2
20.0,1.0,20.0,0,0.432875,2
0.0,1.0,1.0,0,119119.922654,0
1.0,1.0,1.0,0,68089.0,0
1.0,1.0,1.0,0,102772.711961,0
2.0,1.0,2.0,0,1.009727,0
3.0,1.0,3.0,0,0.089335,0
4.0,1.0,4.0,0,1.522298,0
5.0,1.0,5.0,0,0.093604,0
6.0,1.0,6.0,0,2.92427,0
7.0,1.0,7.0,0,0.828323,0
8.0,1.0,8.0,0,1.290109,0
9.0,1.0,9.0,0,6.163232,0
10.0,1.0,10.0,0,0.37879,2
11.0,1.0,11.0,0,0.346202,2
12.0,1.0,12.0,0,2.289483,2
13.0,1.0,13.0,0,0.740276,2
14.0,1.0,14.0,0,1.979615,2
15.0,1.0,15.0,0,0.719062,2
16.0,1.0,16.0,0,0.073793,2
17.0,1.0,17.0,0,1.251285,2
18.0,1.0,18.0,0,0.486399,2
19.0,1.0,19.0,0,2.779788,2
20.0,1.0,20.0,0,0.913431,2
1.0,1.0,1.0,0,1534.409017,0
1.0,1.0,1.0,0,51590.165238,0
2.0,1.0,2.0,0,2.007592,0
3.0,1.0,3.0,0,0.691061,0
4.0,1.0,4.0,0,0.874238,0
5.0,1.0,5.0,0,0.076046,0
6.0,1.0,6.0,0,0.295126,0
7.0,1.0,7.0,0,1.217574,0
8.0,1.0,8.0,0,2.364415,0
9.0,1.0,9.0,0,1.265317,0
10.0,1.0,10.0,0,4.419593,2
11.0,1.0,11.0,0,1.000583,2
12.0,1.0,12.0,0,5.957177,2
13.0,1.0,13.0,0,0.690717,2
14.0,1.0,14.0,0,0.656792,2
15.0,1.0,15.0,0,0.247174,2
16.0,1.0,16.0,0,0.782332,2
17.0,1.0,17.0,0,0.983218,2
18.0,1.0,18.0,0,1.364886,2
19.0,1.0,19.0,0,1.293891,2
20.0,1.0,20.0,0,1.161557,2
1.0,1.0,1.0,0,38938.485473,0
1.0,1.0,1.0,0,15220.160658,0
2.0,1.0,2.0,0,0.16258,0
3.0,1.0,3.0,0,0.398918,0
4.0,1.0,4.0,0,1.335575,0
5.0,1.0,5.0,0,1.462989,0
6.0,1.0,6.0,0,3.702274,0
7.0,1.0,7.0,0,2.809212,0
8.0,1.0,8.0,0,0.260656,0
9.0,1.0,9.0,0,0.207592,0
10.0,1.0,10.0,0,0.728904,2
11.0,1.0,11.0,0,0.037613,2
12.0,1.0,12.0,0,5.095885,2
13.0,1.0,13.0,0,2.984764,2
14.0,1.0,14.0,0,1.205318,2
15.0,1.0,15.0,0,2.203614,2
16.0,1.0,16.0,0,3.714321,2
17.0,1.0,17.0,0,0.064066,2
18.0,1.0,18.0,0,0.209526,2
19.0,1.0,19.0,0,0.029403,2
20.0,1.0,20.0,0,2.098012,2
0.0,1.0,1.0,0,20548.12812,0
1.0,1.0,1.0,0,46339.0,0
0.0,1.0,1.0,0,1057.0,0
1.0,1.0,1.0,0,32257.0,0
1.0,1.0,1.0,0,8745.0,0
1.0,1.0,1.0,0,20887.0,0
1.0,1.0,1.0,0,191008.0,0
0.0,1.0,1.0,0,15529.0,0
0.0,1.0,1.0,0,654.0,0
0.0,1.0,1.0,0,51025.0,0
1.0,1.0,1.0,0,16407.780961,0
2.0,1.0,2.0,0,1.385447,0
3.0,1.0,3.0,0,1.126437,0
4.0,1.0,4.0,0,0.140626,0
5.0,1.0,5.0,0,4.855602,0
6.0,1.0,6.0,0,0.06322,0
7.0,1.0,7.0,0,1.005091,0
8.0,1.0,8.0,0,0.491787,0
9.0,1.0,9.0,0,3.424152,0
10.0,1.0,10.0,0,1.975444,2
11.0,1.0,11.0,0,1.752139,2
12.0,1.0,12.0,0,1.252599,2
13.0,1.0,13.0,0,0.847674,2
14.0,1.0,14.0,0,5.434474,2
15.0,1.0,15.0,0,1.225824,2
16.0,1.0,16.0,0,1.968981,2
17.0,1.0,17.0,0,0.956753,2
18.0,1.0,18.0,0,0.448394,2
19.0,1.0,19.0,0,0.378675,2
20.0,1.0,20.0,0,0.272896,2
0.0,1.0,1.0,0,56484.212824,0
0.0,1.0,1.0,0,11510.0,0
0.0,1.0,1.0,0,117393.0,0
1.0,1.0,1.0,0,13833.544667,0
2.0,1.0,2.0,0,0.44502,0
3.0,1.0,3.0,0,1.018092,0
4.0,1.0,4.0,0,2.128684,0
5.0,1.0,5.0,0,1.115337,0
6.0,1.0,6.0,0,4.912256,0
7.0,1.0,7.0,0,2.324813,0
8.0,1.0,8.0,0,0.084247,0
9.0,1.0,9.0,0,1.812136,0
10.0,1.0,10.0,0,1.996646,2
11.0,1.0,11.0,0,1.435694,2
12.0,1.0,12.0,0,0.525568,2
13.0,1.0,13.0,0,0.484581,2
14.0,1.0,14.0,0,2.72716,2
15.0,1.0,15.0,0,2.174344,2
16.0,1.0,16.0,0,0.735374,2
17.0,1.0,17.0,0,1.361314,2
18.0,1.0,18.0,0,0.440281,2
19.0,1.0,19.0,0,0.310578,2
20.0,1.0,20.0,0,0.578299,2
1.0,1.0,1.0,0,46240.844909,0
1.0,1.0,1.0,0,101313.346748,0
2.0,1.0,2.0,0,2.885931,0
3.0,1.0,3.0,0,0.979109,0
4.0,1.0,4.0,0,2.521874,0
5.0,1.0,5.0,0,2.127301,0
6.0,1.0,6.0,0,2.000443,0
7.0,1.0,7.0,0,0.224449,0
8.0,1.0,8.0,0,2.22164,0
9.0,1.0,9.0,0,2.598698,0
10.0,1.0,10.0,0,0.677169,2
11.0,1.0,11.0,0,0.323695,2
12.0,1.0,12.0,0,0.183656,2
13.0,1.0,13.0,0,0.788953,2
14.0,1.0,14.0,0,2.462811,2
15.0,1.0,15.0,0,1.225677,2
16.0,1.0,16.0,0,0.038651,2
17.0,1.0,17.0,0,3.286571,2
18.0,1.0,18.0,0,2.50064,2
19.0,1.0,19.0,0,2.356044,2
20.0,1.0,20.0,0,0.087277,2
0.0,1.0,1.0,0,34076.162663,0
1.0,1.0,1.0,0,9378.0,0
0.0,1.0,1.0,0,58191.0,0
0.0,1.0,1.0,1,7265.0,2
1.0,1.0,1.0,0,33143.0,0
1.0,1.0,1.0,0,64232.0,0
1.0,1.0,1.0,0,93004.0,0
1.0,1.0,1.0,0,71450.0,0
1.0,1.0,1.0,0,4007.96701,0
2.0,1.0,2.0,0,0.361563,0
3.0,1.0,3.0,0,2.058482,0
4.0,1.0,4.0,0,8.191884,0
5.0,1.0,5.0,0,0.796016,0
6.0,1.0,6.0,0,0.369764,0
7.0,1.0,7.0,0,1.121241,0
8.0,1.0,8.0,0,0.555691,0
9.0,1.0,9.0,0,4.57518,0
10.0,1.0,10.0,0,0.182064,2
11.0,1.0,11.0,0,0.600815,2
12.0,1.0,12.0,0,1.840552,2
13.0,1.0,13.0,0,0.084333,2
14.0,1.0,14.0,0,1.26499,2
15.0,1.0,15.0,0,0.963095,2
16.0,1.0,16.0,0,1.125496,2
17.0,1.0,17.0,0,0.00619,2
18.0,1.0,18.0,0,0.845529,2
19.0,1.0,19.0,0,0.866072,2
20.0,1.0,20.0,0,0.516386,2
1.0,1.0,1.0,0,58929.707647,0
1.0,1.0,1.0,0,16975.0,0
1.0,1.0,1.0,0,49275.578003,0
2.0,1.0,2.0,0,0.000603,0
3.0,1.0,3.0,0,3.441685,0
4.0,1.0,4.0,0,0.367931,0
5.0,1.0,5.0,0,0.936969,0
6.0,1.0,6.0,0,1.105907,0
7.0,1.0,7.0,0,1.883532,0
8.0,1.0,8.0,0,3.504825,0
9.0,1.0,9.0,0,0.290714,0
10.0,1.0,10.0,0,2.31735,2
11.0,1.0,11.0,0,3.345378,2
12.0,1.0,12.0,0,0.160248,2
13.0,1.0,13.0,0,0.26287,2
14.0,1.0,14.0,0,0.191475,2
15.0,1.0,15.0,0,3.564619,2
16.0,1.0,16.0,0,0.182367,2
17.0,1.0,17.0,0,1.33774,2
18.0,1.0,18.0,0,3.545143,2
19.0,1.0,19.0,0,0.879484,2
20.0,1.0,20.0,0,0.939098,2
1.0,1.0,1.0,0,162784.247369,0
2.0,1.0,2.0,0,2.150342,0
3.0,1.0,3.0,0,0.741954,0
4.0,1.0,4.0,0,0.221206,0
5.0,1.0,5.0,0,2.39405,0
6.0,1.0,6.0,0,0.338321,0
7.0,1.0,7.0,0,0.153882,0
8.0,1.0,8.0,0,0.515626,0
9.0,1.0,9.0,0,6.64238,0
10.0,1.0,10.0,0,0.443509,2
11.0,1.0,11.0,0,2.60564,2
12.0,1.0,12.0,0,0.186769,2
13.0,1.0,13.0,0,0.788673,2
14.0,1.0,14.0,0,1.534368,2
15.0,1.0,15.0,0,0.402853,2
16.0,1.0,16.0,0,0.012011,2
17.0,1.0,17.0,0,1.839411,2
18.0,1.0,18.0,0,0.390614,2
19.0,1.0,19.0,0,3.456366,2
20.0,1.0,20.0,0,4.913381,2
0.0,1.0,1.0,0,0.0,0
0.0,1.0,1.0,1,16511.0,2
0.0,1.0,1.0,1,37335.0,2
1.0,1.0,1.0,0,32915.010714,0
2.0,1.0,2.0,0,0.848179,0
3.0,1.0,3.0,0,0.541797,0
4.0,1.0,4.0,0,3.00143,0
5.0,1.0,5.0,0,0.219445,0
6.0,1.0,6.0,0,3.436132,0
7.0,1.0,7.0,0,0.346543,0
8.0,1.0,8.0,0,0.684367,0
9.0,1.0,9.0,0,3.476298,0
10.0,1.0,10.0,0,0.77351,2
11.0,1.0,11.0,0,0.560682,2
12.0,1.0,12.0,0,0.31405,2
13.0,1.0,13.0,0,2.954636,2
14.0,1.0,14.0,0,0.401908,2
15.0,1.0,15.0,0,0.242025,2
16.0,1.0,16.0,0,4.767161,2
17.0,1.0,17.0,0,1.965041,2
18.0,1.0,18.0,0,0.022412,2
19.0,1.0,19.0,0,0.785196,2
20.0,1.0,20.0,0,0.399542,2
1.0,1.0,1.0,0,90492.823417,0
2.0,1.0,2.0,0,3.194383,0
3.0,1.0,3.0,0,0.731464,0
4.0,1.0,4.0,0,1.856083,0
5.0,1.0,5.0,0,0.174778,0
6.0,1.0,6.0,0,0.228546,0
7.0,1.0,7.0,0,0.636202,0
8.0,1.0,8.0,0,0.831258,0
9.0,1.0,9.0,0,1.215638,0
10.0,1.0,10.0,0,1.791074,2
11.0,1.0,11.0,0,1.455141,2
12.0,1.0,12.0,0,1.402546,2
13.0,1.0,13.0,0,0.068713,2
14.0,1.0,14.0,0,0.742206,2
15.0,1.0,15.0,0,0.803015,2
16.0,1.0,16.0,0,5.471029,2
17.0,1.0,17.0,0,2.892137,2
18.0,1.0,18.0,0,0.759217,2
19.0,1.0,19.0,0,0.299555,2
20.0,1.0,20.0,0,1.757609,2
1.0,1.0,1.0,0,60047.213498,0
2.0,1.0,2.0,0,5.662712,0
3.0,1.0,3.0,0,1.056077,0
4.0,1.0,4.0,0,0.120487,0
5.0,1.0,5.0,0,0.21454,0
6.0,1.0,6.0,0,0.537949,0
7.0,1.0,7.0,0,2.633644,0
8.0,1.0,8.0,0,0.261376,0
9.0,1.0,9.0,0,0.182589,0
10.0,1.0,10.0,0,6.33372,2
11.0,1.0,11.0,0,0.263234,2
12.0,1.0,12.0,0,2.05312,2
13.0,1.0,13.0,0,0.132196,2
14.0,1.0,14.0,0,0.147411,2
15.0,1.0,15.0,0,0.681213,2
16.0,1.0,16.0,0,0.945773,2
17.0,1.0,17.0,0,1.545177,2
18.0,1.0,18.0,0,1.554679,2
19.0,1.0,19.0,0,1.118339,2
20.0,1.0,20.0,0,2.279,2
0.0,1.0,1.0,0,186586.178187,0
1.0,1.0,1.0,0,9118.0,0
1.0,1.0,1.0,0,14840.0,0
1.0,1.0,1.0,0,118816.454123,0
2.0,1.0,2.0,0,3.425936,0
3.0,1.0,3.0,0,0.50392,0
4.0,1.0,4.0,0,1.161844,0
5.0,1.0,5.0,0,0.745013,0
6.0,1.0,6.0,0,0.835908,0
7.0,1.0,7.0,0,3.718829,0
8.0,1.0,8.0,0,0.996894,0
9.0,1.0,9.0,0,2.395954,0
10.0,1.0,10.0,0,0.510966,2
11.0,1.0,11.0,0,2.779317,2
12.0,1.0,12.0,0,0.457458,2
13.0,1.0,13.0,0,1.661675,2
14.0,1.0,14.0,0,1.009966,2
15.0,1.0,15.0,0,2.783613,2
16.0,1.0,16.0,0,0.84285,2
17.0,1.0,17.0,0,1.886204,2
18.0,1.0,18.0,0,0.078638,2
19.0,1.0,19.0,0,0.260965,2
20.0,1.0,20.0,0,0.43744,2
0.0,1.0,1.0,0,11660.052487,0
0.0,1.0,1.0,0,75979.0,0
1.0,1.0,1.0,0,30504.0,0
1.0,1.0,1.0,0,40821.0,0
0.0,1.0,1.0,0,28983.0,0
0.0,1.0,1.0,0,50642.0,0
0.0,1.0,1.0,0,12040.0,0
0.0,1.0,1.0,0,64724.0,0
0.0,1.0,1.0,0,58613.0,0
0.0,1.0,1.0,0,7240.0,0
1.0,1.0,1.0,0,16817.0,0
0.0,1.0,1.0,0,59689.0,0
1.0,1.0,1.0,0,47594.0,0
1.0,1.0,1.0,0,130985.0,0
0.0,1.0,1.0,0,34492.0,0
1.0,1.0,1.0,0,38033.0,0
1.0,1.0,1.0,0,57715.131157,0
2.0,1.0,2.0,0,1.91118,0
3.0,1.0,3.0,0,0.815625,0
4.0,1.0,4.0,0,0.797605,0
5.0,1.0,5.0,0,0.594707,0
6.0,1.0,6.0,0,2.967162,0
7.0,1.0,7.0,0,1.133172,0
8.0,1.0,8.0,0,2.416282,0
9.0,1.0,9.0,0,2.549503,0
10.0,1.0,10.0,0,1.179222,2
11.0,1.0,11.0,0,1.454253,2
12.0,1.0,12.0,0,1.124253,2
13.0,1.0,13.0,0,0.424123,2
14.0,1.0,14.0,0,3.750377,2
15.0,1.0,15.0,0,4.871315,2
16.0,1.0,16.0,0,0.17172,2
17.0,1.0,17.0,0,0.245328,2
18.0,1.0,18.0,0,0.489419,2
19.0,1.0,19.0,0,1.420437,2
20.0,1.0,20.0,0,0.218955,2
0.0,1.0,1.0,0,1543.334205,0
1.0,1.0,1.0,0,58681.0,0
0.0,1.0,1.0,0,53269.0,0
0.0,1.0,1.0,0,21975.0,0
0.0,1.0,1.0,0,7237.0,0
1.0,1.0,1.0,0,8892.0,0
0.0,1.0,1.0,1,41544.0,2
1.0,1.0,1.0,0,15798.0,0
1.0,1.0,1.0,0,41444.0,0
1.0,1.0,1.0,0,15457.0,0
0.0,1.0,1.0,0,122306.0,0
0.0,1.0,1.0,0,201865.0,0
0.0,1.0,1.0,0,122608.0,0
1.0,1.0,1.0,0,833.0,0
1.0,1.0,1.0,0,47732.230676,0
2.0,1.0,2.0,0,1.263248,0
3.0,1.0,3.0,0,1.329409,0
4.0,1.0,4.0,0,1.321326,0
5.0,1.0,5.0,0,0.2866,0
6.0,1.0,6.0,0,0.948782,0
7.0,1.0,7.0,0,1.313174,0
8.0,1.0,8.0,0,0.043671,0
9.0,1.0,9.0,0,2.053776,0
10.0,1.0,10.0,0,2.404428,2
11.0,1.0,11.0,0,4.32515,2
12.0,1.0,12.0,0,3.376576,2
13.0,1.0,13.0,0,4.492661,2
14.0,1.0,14.0,0,0.07574,2
15.0,1.0,15.0,0,1.61654,2
16.0,1.0,16.0,0,0.226317,2
17.0,1.0,17.0,0,0.086025,2
18.0,1.0,18.0,0,0.209376,2
19.0,1.0,19.0,0,0.185207,2
20.0,1.0,20.0,0,2.554185,2
0.0,1.0,1.0,1,38595.657133,2
1.0,1.0,1.0,0,216717.0,0
0.0,1.0,1.0,0,179066.0,0
0.0,1.0,1.0,1,4071.0,2
1.0,1.0,1.0,0,19569.0,0
0.0,1.0,1.0,0,6810.0,0
1.0,1.0,1.0,0,0.0,0
2.0,1.0,2.0,0,0.461405,0
3.0,1.0,3.0,0,3.040629,0
4.0,1.0,4.0,0,0.242018,0
5.0,1.0,5.0,0,1.63316,0
6.0,1.0,6.0,0,4.599685,0
7.0,1.0,7.0,0,0.887967,0
8.0,1.0,8.0,0,1.593166,0
9.0,1.0,9.0,0,0.473111,0
10.0,1.0,10.0,0,0.489092,2
11.0,1.0,11.0,0,2.097321,2
12.0,1.0,12.0,0,0.344829,2
13.0,1.0,13.0,0,1.481481,2
14.0,1.0,14.0,0,2.901557,2
15.0,1.0,15.0,0,0.548334,2
16.0,1.0,16.0,0,2.373026,2
17.0,1.0,17.0,0,3.201673,2
18.0,1.0,18.0,0,0.465758,2
19.0,1.0,19.0,0,0.000534,2
20.0,1.0,20.0,0,1.097409,2
1.0,1.0,1.0,0,49552.352942,0
0.0,1.0,1.0,0,6020.0,0
0.0,1.0,1.0,0,78224.0,0
1.0,1.0,1.0,0,12050.0,0
0.0,1.0,1.0,0,2045.0,0
1.0,1.0,1.0,0,104361.0,0
1.0,1.0,1.0,0,21943.139861,0
2.0,1.0,2.0,0,0.038656,0
3.0,1.0,3.0,0,2.244367,0
4.0,1.0,4.0,0,1.583389,0
5.0,1.0,5.0,0,0.181676,0
6.0,1.0,6.0,0,3.126821,0
7.0,1.0,7.0,0,5.882038,0
8.0,1.0,8.0,0,0.782511,0
9.0,1.0,9.0,0,1.578423,0
10.0,1.0,10.0,0,0.28237,2
11.0,1.0,11.0,0,0.169632,2
12.0,1.0,12.0,0,3.750076,2
13.0,1.0,13.0,0,0.498767,2
14.0,1.0,14.0,0,3.210055,2
15.0,1.0,15.0,0,2.116626,2
16.0,1.0,16.0,0,0.23201,2
17.0,1.0,17.0,0,0.52947,2
18.0,1.0,18.0,0,0.630883,2
19.0,1.0,19.0,0,0.160539,2
20.0,1.0,20.0,0,0.669099,2
0.0,1.0,1.0,0,40186.192731,0
0.0,1.0,1.0,0,65107.0,0
1.0,1.0,1.0,0,14495.412908,0
2.0,1.0,2.0,0,0.076672,0
3.0,1.0,3.0,0,0.502646,0
4.0,1.0,4.0,0,1.336587,0
5.0,1.0,5.0,0,2.334694,0
6.0,1.0,6.0,0,0.398524,0
7.0,1.0,7.0,0,2.103352,0
8.0,1.0,8.0,0,2.215777,0
9.0,1.0,9.0,0,0.926,0
10.0,1.0,10.0,0,2.138481,2
11.0,1.0,11.0,0,1.175699,2
12.0,1.0,12.0,0,1.674734,2
13.0,1.0,13.0,0,2.247095,2
14.0,1.0,14.0,0,1.770408,2
15.0,1.0,15.0,0,0.542285,2
16.0,1.0,16.0,0,2.469068,2
17.0,1.0,17.0,0,0.261126,2
18.0,1.0,18.0,0,2.573841,2
19.0,1.0,19.0,0,3.987516,2
20.0,1.0,20.0,0,0.483396,2
1.0,1.0,1.0,0,27075.58603,0
2.0,1.0,2.0,0,0.453653,0
3.0,1.0,3.0,0,0.621997,0
4.0,1.0,4.0,0,0.163423,0
5.0,1.0,5.0,0,2.861852,0
6.0,1.0,6.0,0,0.010126,0
7.0,1.0,7.0,0,3.454972,0
8.0,1.0,8.0,0,1.739508,0
9.0,1.0,9.0,0,1.130804,0
10.0,1.0,10.0,0,1.972098,2
11.0,1.0,11.0,0,8.629844,2
12.0,1.0,12.0,0,1.123549,2
13.0,1.0,13.0,0,0.426302,2
14.0,1.0,14.0,0,0.206802,2
15.0,1.0,15.0,0,1.732898,2
16.0,1.0,16.0,0,0.25203,2
17.0,1.0,17.0,0,0.591725,2
18.0,1.0,18.0,0,0.696256,2
19.0,1.0,19.0,0,0.130024,2
20.0,1.0,20.0,0,2.522519,2
0.0,1.0,1.0,0,8214.062779,0
0.0,1.0,1.0,0,44015.0,0
1.0,1.0,1.0,0,72690.0,0
0.0,1.0,1.0,0,5137.0,0
1.0,1.0,1.0,0,93248.473573,0
2.0,1.0,2.0,0,2.997171,0
3.0,1.0,3.0,0,2.525766,0
4.0,1.0,4.0,0,2.590013,0
5.0,1.0,5.0,0,0.980418,0
6.0,1.0,6.0,0,3.7297,0
7.0,1.0,7.0,0,0.923419,0
8.0,1.0,8.0,0,4.196557,0
9.0,1.0,9.0,0,1.480353,0
10.0,1.0,10.0,0,1.260109,2
11.0,1.0,11.0,0,0.041658,2
12.0,1.0,12.0,0,0.682337,2
13.0,1.0,13.0,0,0.096998,2
14.0,1.0,14.0,0,0.836612,2
15.0,1.0,15.0,0,0.729534,2
16.0,1.0,16.0,0,1.736846,2
17.0,1.0,17.0,0,0.617075,2
18.0,1.0,18.0,0,0.602218,2
19.0,1.0,19.0,0,2.393151,2
20.0,1.0,20.0,0,0.479072,2
1.0,1.0,1.0,0,17421.62742,0
1.0,1.0,1.0,0,18022.230474,0
2.0,1.0,2.0,0,1.247376,0
3.0,1.0,3.0,0,1.328495,0
4.0,1.0,4.0,0,0.31145,0
5.0,1.0,5.0,0,0.606637,0
6.0,1.0,6.0,0,4.931579,0
7.0,1.0,7.0,0,0.197449,0
8.0,1.0,8.0,0,0.129413,0
9.0,1.0,9.0,0,0.139078,0
10.0,1.0,10.0,0,1.966843,2
11.0,1.0,11.0,0,2.307049,2
12.0,1.0,12.0,0,0.913014,2
13.0,1.0,13.0,0,0.27933,2
14.0,1.0,14.0,0,0.18008,2
15.0,1.0,15.0,0,1.998934,2
16.0,1.0,16.0,0,2.37561,2
17.0,1.0,17.0,0,0.112114,2
18.0,1.0,18.0,0,1.713309,2
19.0,1.0,19.0,0,3.26992,2
20.0,1.0,20.0,0,1.725347,2
0.0,1.0,1.0,0,13432.036499,0
1.0,1.0,1.0,0,35281.0,0
0.0,1.0,1.0,0,28232.0,0
1.0,1.0,1.0,0,112224.042606,0
2.0,1.0,2.0,0,0.451825,0
3.0,1.0,3.0,0,1.880794,0
4.0,1.0,4.0,0,1.997176,0
5.0,1.0,5.0,0,1.709963,0
6.0,1.0,6.0,0,5.108998,0
7.0,1.0,7.0,0,1.14072,0
8.0,1.0,8.0,0,0.076927,0
9.0,1.0,9.0,0,0.366984,0
10.0,1.0,10.0,0,2.572665,2
11.0,1.0,11.0,0,0.883109,2
12.0,1.0,12.0,0,0.008413,2
13.0,1.0,13.0,0,0.567697,2
14.0,1.0,14.0,0,0.607629,2
15.0,1.0,15.0,0,0.579492,2
16.0,1.0,16.0,0,0.758681,2
17.0,1.0,17.0,0,2.50608,2
18.0,1.0,18.0,0,1.307282,2
19.0,1.0,19.0,0,2.177895,2
20.0,1.0,20.0,0,0.631921,2
1.0,1.0,1.0,0,28776.623143,0
1.0,1.0,1.0,0,183605.555892,0
2.0,1.0,2.0,0,1.644175,0
3.0,1.0,3.0,0,0.764431,0
4.0,1.0,4.0,0,0.767129,0
5.0,1.0,5.0,0,0.297284,0
6.0,1.0,6.0,0,1.215355,0
7.0,1.0,7.0,0,2.074561,0
8.0,1.0,8.0,0,4.303138,0
9.0,1.0,9.0,0,4.127485,0
10.0,1.0,10.0,0,0.175775,2
11.0,1.0,11.0,0,0.160353,2
12.0,1.0,12.0,0,1.385716,2
13.0,1.0,13.0,0,1.16862,2
14.0,1.0,14.0,0,1.157733,2
15.0,1.0,15.0,0,0.521522,2
16.0,1.0,16.0,0,2.914536,2
17.0,1.0,17.0,0,3.503317,2
18.0,1.0,18.0,0,2.489579,2
19.0,1.0,19.0,0,0.53067,2
20.0,1.0,20.0,0,0.08536,2
0.0,1.0,1.0,0,189978.157369,0
1.0,1.0,1.0,0,31412.0,0
1.0,1.0,1.0,0,33005.0,0
0.0,1.0,1.0,0,16860.0,0
0.0,1.0,1.0,0,24556.0,0
0.0,1.0,1.0,0,93766.0,0
0.0,1.0,1.0,0,240709.0,0
0.0,1.0,1.0,0,37829.0,0
1.0,1.0,1.0,0,25475.0,0
1.0,1.0,1.0,0,53589.961509,0
2.0,1.0,2.0,0,0.745233,0
3.0,1.0,3.0,0,1.204088,0
4.0,1.0,4.0,0,1.703445,0
5.0,1.0,5.0,0,0.286747,0
6.0,1.0,6.0,0,2.266647,0
7.0,1.0,7.0,0,0.503011,0
8.0,1.0,8.0,0,0.487296,0
9.0,1.0,9.0,0,0.389565,0
10.0,1.0,10.0,0,4.67601,2
11.0,1.0,11.0,0,0.000477,2
12.0,1.0,12.0,0,2.146772,2
13.0,1.0,13.0,0,0.409162,2
14.0,1.0,14.0,0,1.088957,2
15.0,1.0,15.0,0,0.202633,2
16.0,1.0,16.0,0,0.872661,2
17.0,1.0,17.0,0,1.252246,2
18.0,1.0,18.0,0,0.788877,2
19.0,1.0,19.0,0,0.311428,2
20.0,1.0,20.0,0,1.998783,2
0.0,1.0,1.0,0,16215.704453,0
0.0,1.0,1.0,0,14639.0,0
1.0,1.0,1.0,0,80747.0,0
1.0,1.0,1.0,0,127241.0,0
1.0,1.0,1.0,0,19554.0,0
1.0,1.0,1.0,0,53281.0,0
0.0,1.0,1.0,0,34177.0,0
1.0,1.0,1.0,0,9388.0,0
0.0,1.0,1.0,1,182200.0,2
1.0,1.0,1.0,0,46523.0,0
0.0,1.0,1.0,0,26400.0,0
0.0,1.0,1.0,0,6025.0,0
1.0,1.0,1.0,0,3610.294345,0
2.0,1.0,2.0,0,1.596971,0
3.0,1.0,3.0,0,0.029327,0
4.0,1.0,4.0,0,1.924318,0
5.0,1.0,5.0,0,0.151038,0
6.0,1.0,6.0,0,0.951433,0
7.0,1.0,7.0,0,3.830572,0
8.0,1.0,8.0,0,0.858201,0
9.0,1.0,9.0,0,1.977569,0
10.0,1.0,10.0,0,0.053484,2
11.0,1.0,11.0,0,1.668736,2
12.0,1.0,12.0,0,1.003765,2
13.0,1.0,13.0,0,0.863881,2
14.0,1.0,14.0,0,0.366665,2
15.0,1.0,15.0,0,3.115289,2
16.0,1.0,16.0,0,2.473489,2
17.0,1.0,17.0,0,4.725743,2
18.0,1.0,18.0,0,0.063026,2
19.0,1.0,19.0,0,0.884479,2
20.0,1.0,20.0,0,0.129849,2
0.0,1.0,1.0,0,20288.03782,0
0.0,1.0,1.0,0,0.0,0
0.0,1.0,1.0,1,69379.0,2
1.0,1.0,1.0,0,17379.0,0
0.0,1.0,1.0,0,159585.0,0
1.0,1.0,1.0,0,86500.0,0
1.0,1.0,1.0,0,174295.0,0
0.0,1.0,1.0,0,171095.0,0
0.0,1.0,1.0,0,27982.0,0
1.0,1.0,1.0,0,77588.0,0
1.0,1.0,1.0,0,70367.0,0
0.0,1.0,1.0,0,140667.0,0
0.0,1.0,1.0,1,24188.0,2
0.0,1.0,1.0,0,69156.0,0
0.0,1.0,1.0,0,49495.0,0
0.0,1.0,1.0,0,40114.0,0
1.0,1.0,1.0,0,28130.0,0
0.0,1.0,1.0,0,5697.0,0
0.0,1.0,1.0,1,49642.0,2
0.0,1.0,1.0,0,45396.0,0
0.0,1.0,1.0,0,290819.0,0
0.0,1.0,1.0,0,86534.0,0
0.0,1.0,1.0,0,13771.0,0
0.0,1.0,1.0,1,239512.0,2
1.0,1.0,1.0,0,216580.0,0
0.0,1.0,1.0,1,138113.0,2
0.0,1.0,1.0,0,9063.0,0
1.0,1.0,1.0,0,51498.0,0
1.0,1.0,1.0,0,7110.0,0
1.0,1.0,1.0,0,4599.0,0
1.0,1.0,1.0,0,55428.0,0
0.0,1.0,1.0,0,23782.0,0
1.0,1.0,1.0,0,0.0,0
0.0,1.0,1.0,0,15908.0,0
1.0,1.0,1.0,0,102662.0,0
1.0,1.0,1.0,0,35191.0,0
1.0,1.0,1.0,0,808.0,0
0.0,1.0,1.0,0,19358.0,0
1.0,1.0,1.0,0,25722.0,0
1.0,1.0,1.0,0,116960.0,0
1.0,1.0,1.0,0,241917.0,0
1.0,1.0,1.0,0,102074.0,0
0.0,1.0,1.0,0,147900.0,0
0.0,1.0,1.0,0,19612.0,0
1.0,1.0,1.0,0,66065.0,0
1.0,1.0,1.0,0,51669.0,0
0.0,1.0,1.0,0,45406.0,0
0.0,1.0,1.0,0,310000.0,0
0.0,1.0,1.0,0,78428.0,0
1.0,1.0,1.0,0,84086.0,0
1.0,1.0,1.0,0,294203.0,0
1.0,1.0,1.0,0,80636.0,0
1.0,1.0,1.0,0,1605.0,0
0.0,1.0,1.0,0,33143.0,0
0.0,1.0,1.0,1,77523.0,2
0.0,1.0,1.0,0,158960.0,0
0.0,1.0,1.0,0,17336.0,0
1.0,1.0,1.0,0,146976.0,0
0.0,1.0,1.0,0,27588.0,0
1.0,1.0,1.0,0,69524.0,0
1.0,1.0,1.0,0,0.0,0
0.0,1.0,1.0,1,363.840022,2
0.0,1.0,2.0,1,22.177402,2
0.0,2.0,3.0,1,19.667643,2
0.0,2.0,4.0,1,10.419505,2
0.0,3.0,5.0,1,2.366235,2
0.0,3.0,6.0,1,0.304691,2
0.0,3.0,6.0,1,10.31647,2
0.0,3.0,6.0,1,19.037295,2
0.0,3.0,6.0,1,25.279968,2
0.0,3.0,7.0,1,0.608287,2
1.0,1.0,1.0,0,20330.982482,0
0.0,1.0,1.0,1,52795.866412,2
0.0,1.0,2.0,1,1.776012,2
0.0,1.0,3.0,1,2.720694,2
0.0,1.0,4.0,1,18.411985,2
0.0,1.0,5.0,1,14.180228,2
0.0,2.0,6.0,1,0.333254,2
0.0,2.0,7.0,1,0.933822,2
0.0,3.0,8.0,1,3.151978,2
0.0,3.0,8.0,1,19.495463,2
0.0,3.0,7.0,1,5.334012,2
0.0,3.0,8.0,1,4.006049,2
0.0,3.0,9.0,1,0.526953,2
0.0,3.0,10.0,1,2.565447,2
0.0,3.0,11.0,1,6.807797,2
0.0,1.0,1.0,1,4808.889894,2
0.0,1.0,1.0,0,53855.0,0
0.0,1.0,1.0,0,761.0,0
0.0,1.0,1.0,0,172196.0,0
0.0,1.0,1.0,1,45194.68732,2
0.0,2.0,2.0,1,9.26193,2
0.0,2.0,3.0,1,9.575947,2
0.0,3.0,4.0,1,3.548811,2
0.0,3.0,5.0,1,19.258582,2
0.0,3.0,6.0,1,3.853012,2
0.0,3.0,7.0,1,12.518196,2
0.0,3.0,6.0,1,15.457986,2
0.0,3.0,7.0,1,4.49838,2
0.0,3.0,6.0,1,8.425082,2
0.0,3.0,6.0,1,16.89524,2
0.0,3.0,6.0,1,13.758616,2
0.0,1.0,1.0,0,10582.260898,0
0.0,1.0,1.0,0,22428.0,0
1.0,1.0,1.0,0,39220.0,0
0.0,1.0,1.0,0,4848.0,0
0.0,1.0,1.0,1,82561.380809,2
0.0,1.0,2.0,1,23.040125,2
0.0,1.0,3.0,1,3.155436,2
0.0,2.0,4.0,1,2.255014,2
0.0,2.0,5.0,1,6.670736,2
0.0,2.0,6.0,1,16.250124,2
0.0,2.0,6.0,1,22.43914,2
0.0,2.0,7.0,1,9.209664,2
0.0,2.0,5.0,1,10.010154,2
0.0,3.0,5.0,1,4.157035,2
1.0,1.0,1.0,0,37940.431763,0
1.0,1.0,1.0,0,7318.0,0
0.0,1.0,1.0,1,130492.694155,2
0.0,2.0,2.0,1,2.743282,2
0.0,2.0,3.0,1,10.015302,2
0.0,2.0,4.0,1,2.741147,2
0.0,2.0,5.0,1,3.550949,2
0.0,2.0,6.0,1,2.430516,2
0.0,3.0,7.0,1,19.877376,2
0.0,3.0,8.0,1,16.840706,2
0.0,3.0,8.0,1,3.48873,2
0.0,3.0,8.0,1,1.786678,2
0.0,3.0,9.0,1,6.154764,2
0.0,3.0,9.0,1,5.184461,2
0.0,3.0,8.0,1,5.846793,2
0.0,3.0,8.0,1,14.578338,2
0.0,3.0,9.0,1,1.237297,2
0.0,1.0,1.0,0,42788.829506,0
0.0,1.0,1.0,0,193311.0,0
0.0,1.0,1.0,0,141821.0,0
0.0,1.0,1.0,1,71877.823429,2
0.0,2.0,2.0,1,5.708105,2
0.0,3.0,3.0,1,10.633706,2
0.0,3.0,4.0,1,0.063044,2
0.0,3.0,5.0,1,4.369935,2
0.0,3.0,6.0,1,35.835844,2
0.0,3.0,7.0,1,0.456278,2
0.0,3.0,8.0,1,0.440931,2
0.0,3.0,8.0,1,5.423207,2
0.0,3.0,8.0,1,2.992223,2
0.0,3.0,9.0,1,2.234189,2
0.0,3.0,10.0,1,3.366501,2
0.0,3.0,9.0,1,5.614606,2
0.0,3.0,9.0,1,10.962882,2
0.0,3.0,10.0,1,13.694531,2
1.0,1.0,1.0,0,43100.380589,0
0.0,1.0,1.0,0,44609.0,0
0.0,1.0,1.0,1,4376.0,2
0.0,1.0,1.0,0,14238.0,0
0.0,1.0,1.0,1,33761.945969,2
0.0,2.0,2.0,1,1.411475,2
0.0,2.0,3.0,1,20.386147,2
0.0,2.0,4.0,1,16.265716,2
0.0,3.0,5.0,1,10.516056,2
0.0,3.0,5.0,1,11.894733,2
0.0,3.0,5.0,1,7.825683,2
0.0,3.0,6.0,1,0.584971,2
0.0,3.0,7.0,1,7.091453,2
0.0,3.0,7.0,1,12.295566,2
0.0,3.0,7.0,1,15.473333,2
0.0,1.0,1.0,0,22474.308898,0
0.0,1.0,1.0,0,1161.0,0
0.0,1.0,1.0,1,53941.645934,2
0.0,1.0,2.0,1,10.195155,2
0.0,2.0,3.0,1,0.225287,2
0.0,2.0,4.0,1,12.962927,2
0.0,3.0,5.0,1,0.692496,2
0.0,3.0,6.0,1,13.325396,2
0.0,3.0,7.0,1,16.653761,2
0.0,3.0,7.0,1,9.085003,2
0.0,3.0,7.0,1,7.204644,2
0.0,3.0,5.0,1,14.703915,2
0.0,3.0,5.0,1,18.296727,2
0.0,3.0,6.0,1,5.881991,2
0.0,3.0,6.0,1,5.744651,2
0.0,3.0,7.0,1,1.661037,2
0.0,1.0,1.0,0,48586.721076,0
1.0,1.0,1.0,0,14766.0,0
0.0,1.0,1.0,0,28016.0,0
1.0,1.0,1.0,0,38482.0,0
0.0,1.0,1.0,1,104444.69914,2
0.0,1.0,2.0,1,2.884528,2
0.0,2.0,3.0,1,22.367972,2
0.0,3.0,4.0,1,21.568496,2
0.0,3.0,5.0,1,8.024244,2
0.0,3.0,3.0,1,44.004618,2
0.0,3.0,4.0,1,0.263099,2
0.0,3.0,5.0,1,2.863171,2
0.0,3.0,5.0,1,7.561524,2
0.0,3.0,5.0,1,6.130939,2
0.0,1.0,1.0,0,40157.632269,0
0.0,1.0,1.0,0,80346.0,0
1.0,1.0,1.0,0,21108.0,0
0.0,1.0,1.0,0,5362.0,0
0.0,1.0,1.0,1,62270.761648,2
0.0,2.0,2.0,1,6.021422,2
0.0,2.0,3.0,1,4.969003,2
0.0,3.0,4.0,1,33.52979,2
0.0,3.0,5.0,1,2.24962,2
0.0,3.0,6.0,1,1.945612,2
0.0,3.0,5.0,1,17.73567,2
0.0,3.0,5.0,1,6.237928,2
0.0,3.0,6.0,1,1.46626,2
0.0,3.0,7.0,1,21.844507,2
0.0,3.0,8.0,1,2.034796,2
0.0,3.0,9.0,1,3.807896,2
0.0,1.0,1.0,1,110714.365275,2
0.0,1.0,2.0,1,14.348597,2
0.0,2.0,3.0,1,7.362876,2
0.0,3.0,4.0,1,1.367455,2
0.0,3.0,5.0,1,16.623887,2
0.0,3.0,6.0,1,0.938754,2
0.0,3.0,7.0,1,0.497507,2
0.0,3.0,8.0,1,14.079062,2
0.0,3.0,8.0,1,11.508918,2
0.0,3.0,3.0,1,37.591251,2
0.0,3.0,4.0,1,1.583835,2
0.0,3.0,5.0,1,8.965564,2
0.0,3.0,5.0,1,2.85571,2
0.0,1.0,1.0,1,63310.747666,2
0.0,2.0,2.0,1,3.381423,2
0.0,2.0,3.0,1,3.09201,2
0.0,2.0,4.0,1,12.284955,2
0.0,2.0,5.0,1,13.633805,2
0.0,3.0,6.0,1,0.314071,2
0.0,3.0,7.0,1,4.535178,2
0.0,3.0,8.0,1,20.847273,2
0.0,3.0,6.0,1,13.212787,2
0.0,3.0,6.0,1,14.100032,2
0.0,3.0,5.0,1,11.463275,2
1.0,1.0,1.0,0,58420.694682,0
0.0,1.0,1.0,1,13375.686297,2
0.0,1.0,2.0,1,5.486206,2
0.0,2.0,3.0,1,22.92037,2
0.0,3.0,4.0,1,9.457943,2
0.0,3.0,5.0,1,15.837166,2
0.0,3.0,5.0,1,7.492956,2
0.0,3.0,5.0,1,10.584978,2
0.0,3.0,6.0,1,10.903353,2
0.0,3.0,5.0,1,20.259362,2
0.0,3.0,6.0,1,5.616158,2
0.0,1.0,1.0,0,35895.755211,0
0.0,1.0,1.0,1,283332.211971,2
0.0,1.0,2.0,1,1.530771,2
0.0,1.0,3.0,1,5.430979,2
0.0,2.0,4.0,1,6.012306,2
0.0,2.0,5.0,1,0.085821,2
0.0,3.0,6.0,1,3.189901,2
0.0,3.0,7.0,1,18.151902,2
0.0,3.0,8.0,1,0.26475,2
0.0,3.0,9.0,1,10.681765,2
0.0,3.0,10.0,1,14.294636,2
0.0,3.0,3.0,1,40.590517,2
0.0,3.0,4.0,1,1.717262,2
0.0,3.0,4.0,1,10.474309,2
0.0,1.0,1.0,0,164585.36311,0
0.0,1.0,1.0,0,47539.0,0
0.0,1.0,1.0,0,0.0,0
1.0,1.0,1.0,0,163713.0,0
0.0,1.0,1.0,0,131081.0,0
0.0,1.0,1.0,0,39602.0,0
1.0,1.0,1.0,0,26841.0,0
0.0,1.0,1.0,1,135105.0,2
1.0,1.0,1.0,0,25762.0,0
0.0,1.0,1.0,0,39463.0,0
0.0,1.0,1.0,0,64904.0,0
1.0,1.0,1.0,0,128133.0,0
0.0,1.0,1.0,0,40523.0,0
1.0,1.0,1.0,0,289249.0,0
1.0,1.0,1.0,0,73438.0,0
0.0,1.0,1.0,0,154605.0,0
1.0,1.0,1.0,0,12205.0,0
0.0,1.0,1.0,0,6550.0,0
1.0,1.0,1.0,0,21802.0,0
0.0,1.0,1.0,0,272131.0,0
0.0,1.0,1.0,0,70720.0,0
1.0,1.0,1.0,0,192517.0,0
0.0,1.0,1.0,0,195796.0,0
1.0,1.0,1.0,0,76782.0,0
0.0,1.0,1.0,0,1104.0,0
1.0,1.0,1.0,0,74956.0,0
0.0,1.0,1.0,1,74690.0,2
1.0,1.0,1.0,0,113110.0,0
1.0,1.0,1.0,0,107372.0,0
0.0,1.0,1.0,1,0.0,2
0.0,1.0,2.0,1,1.366661,2
0.0,1.0,3.0,1,3.526187,2
0.0,2.0,4.0,1,9.592089,2
0.0,2.0,5.0,1,0.222776,2
0.0,2.0,6.0,1,6.971862,2
0.0,2.0,7.0,1,13.130091,2
0.0,2.0,8.0,1,20.767927,2
0.0,2.0,9.0,1,2.554657,2
0.0,2.0,8.0,1,3.7176,2
0.0,2.0,5.0,1,23.716871,2
0.0,2.0,5.0,1,24.163452,2
0.0,3.0,6.0,1,0.505072,2
0.0,3.0,7.0,1,0.406941,2
0.0,3.0,8.0,1,2.990779,2
1.0,1.0,1.0,0,12521.89876,0
0.0,1.0,1.0,0,53754.0,0
1.0,1.0,1.0,0,45525.0,0
1.0,1.0,1.0,0,53755.0,0
0.0,1.0,1.0,0,21233.0,0
0.0,1.0,1.0,1,36697.489337,2
0.0,2.0,2.0,1,3.541058,2
0.0,2.0,3.0,1,12.308124,2
0.0,2.0,4.0,1,27.264328,2
0.0,2.0,3.0,1,22.886474,2
0.0,3.0,3.0,1,12.076984,2
0.0,3.0,4.0,1,14.880157,2
0.0,3.0,5.0,1,0.727453,2
0.0,3.0,6.0,1,7.158633,2
0.0,3.0,6.0,1,3.005819,2
1.0,1.0,1.0,0,61261.661633,0
0.0,1.0,1.0,0,58778.0,0
1.0,1.0,1.0,0,14505.0,0
1.0,1.0,1.0,0,77262.0,0
0.0,1.0,1.0,1,118325.05616,2
0.0,2.0,2.0,1,0.352528,2
0.0,2.0,3.0,1,1.020938,2
0.0,3.0,4.0,1,8.672956,2
0.0,3.0,5.0,1,5.20618,2
0.0,3.0,6.0,1,4.908319,2
0.0,3.0,7.0,1,14.163259,2
0.0,3.0,8.0,1,8.679761,2
0.0,3.0,9.0,1,0.525283,2
0.0,3.0,10.0,1,4.902911,2
0.0,3.0,8.0,1,14.102938,2
0.0,3.0,2.0,1,47.98313,2
0.0,3.0,3.0,1,4.211956,2
1.0,1.0,1.0,0,9855.213681,0
0.0,1.0,1.0,0,17797.0,0
0.0,1.0,1.0,1,10697.088616,2
0.0,1.0,2.0,1,6.116871,2
0.0,1.0,3.0,1,7.449049,2
0.0,2.0,4.0,1,0.384303,2
0.0,2.0,5.0,1,4.514674,2
0.0,3.0,6.0,1,3.291597,2
0.0,3.0,7.0,1,11.517545,2
0.0,3.0,8.0,1,16.724896,2
0.0,3.0,8.0,1,11.930528,2
0.0,3.0,3.0,1,34.914914,2
0.0,3.0,4.0,1,9.172835,2
0.0,3.0,4.0,1,10.154093,2
0.0,1.0,1.0,1,15538.281044,2
0.0,2.0,2.0,1,10.547465,2
0.0,2.0,3.0,1,3.212081,2
0.0,2.0,4.0,1,5.039191,2
0.0,2.0,5.0,1,0.901873,2
0.0,2.0,6.0,1,16.524132,2
0.0,2.0,7.0,1,14.067745,2
0.0,3.0,5.0,1,27.575358,2
0.0,3.0,4.0,1,2.490599,2
0.0,3.0,5.0,1,4.422245,2
0.0,3.0,5.0,1,11.783609,2
0.0,3.0,6.0,1,12.230355,2
0.0,1.0,1.0,0,19075.664382,0
1.0,1.0,1.0,0,65064.0,0
1.0,1.0,1.0,0,151631.0,0
0.0,1.0,1.0,0,59339.0,0
1.0,1.0,1.0,0,6937.0,0
0.0,1.0,1.0,1,35444.738398,2
0.0,2.0,2.0,1,1.263385,2
0.0,3.0,3.0,1,15.099949,2
0.0,3.0,4.0,1,27.406335,2
0.0,3.0,2.0,1,37.614066,2
0.0,3.0,3.0,1,0.185967,2
0.0,3.0,4.0,1,4.643819,2
0.0,3.0,5.0,1,2.405442,2
0.0,3.0,6.0,1,0.124463,2
0.0,3.0,7.0,1,0.796971,2
0.0,1.0,1.0,1,3288.428457,2
0.0,2.0,2.0,1,6.1974,2
0.0,3.0,3.0,1,4.816194,2
0.0,3.0,4.0,1,6.863911,2
0.0,3.0,5.0,1,0.755268,2
0.0,3.0,6.0,1,5.0816,2
0.0,3.0,7.0,1,12.230115,2
0.0,3.0,8.0,1,1.209779,2
0.0,3.0,9.0,1,15.112075,2
0.0,3.0,10.0,1,0.299481,2
0.0,3.0,10.0,1,7.678359,2
0.0,3.0,10.0,1,6.937348,2
0.0,3.0,7.0,1,25.039146,2
1.0,1.0,1.0,0,145528.072072,0
0.0,1.0,1.0,1,27320.590692,2
0.0,1.0,2.0,1,4.235364,2
0.0,1.0,3.0,1,24.98873,2
0.0,1.0,4.0,1,0.784391,2
0.0,1.0,3.0,1,55.109738,2
0.0,2.0,2.0,1,14.421239,2
0.0,3.0,3.0,1,3.327924,2
0.0,3.0,4.0,1,0.576731,2
0.0,3.0,5.0,1,5.605663,2
0.0,3.0,6.0,1,7.826941,2
0.0,1.0,1.0,1,84996.68261,2
0.0,2.0,2.0,1,2.058346,2
0.0,2.0,3.0,1,4.225778,2
0.0,2.0,4.0,1,1.654435,2
0.0,2.0,5.0,1,8.485357,2
0.0,2.0,6.0,1,10.803407,2
0.0,2.0,7.0,1,1.437035,2
0.0,2.0,8.0,1,5.034327,2
0.0,3.0,9.0,1,9.156523,2
0.0,3.0,10.0,1,2.270889,2
0.0,3.0,9.0,1,19.147827,2
0.0,3.0,10.0,1,1.445146,2
0.0,3.0,5.0,1,31.928623,2
0.0,3.0,6.0,1,4.844752,2
0.0,3.0,7.0,1,0.031344,2
0.0,1.0,1.0,1,53095.326188,2
0.0,1.0,1.0,1,5361.020432,2
0.0,2.0,2.0,1,8.137413,2
0.0,2.0,3.0,1,11.620511,2
0.0,2.0,4.0,1,0.66604,2
0.0,2.0,5.0,1,2.035888,2
0.0,2.0,6.0,1,2.073809,2
0.0,2.0,7.0,1,3.401382,2
0.0,3.0,8.0,1,4.194557,2
0.0,3.0,9.0,1,2.552342,2
0.0,3.0,10.0,1,10.007847,2
0.0,3.0,11.0,1,2.441501,2
0.0,3.0,12.0,1,3.269955,2
0.0,3.0,12.0,1,13.168604,2
0.0,3.0,12.0,1,6.638641,2
0.0,3.0,9.0,1,16.811049,2
0.0,3.0,1.0,1,83.092179,2
0.0,3.0,2.0,1,7.006288,2
0.0,3.0,3.0,1,3.322818,2
0.0,3.0,4.0,1,5.439237,2
0.0,3.0,5.0,1,4.291975,2
0.0,3.0,6.0,1,4.982578,2
0.0,3.0,7.0,1,0.709208,2
0.0,3.0,8.0,1,11.363594,2
0.0,3.0,9.0,1,16.259266,2
0.0,3.0,5.0,1,28.71854,2
1.0,1.0,1.0,0,54187.774346,0
0.0,1.0,1.0,0,1404.0,0
0.0,1.0,1.0,0,13373.0,0
1.0,1.0,1.0,0,109464.0,0
0.0,1.0,1.0,1,35975.77844,2
0.0,2.0,2.0,1,12.736989,2
0.0,3.0,3.0,1,0.333278,2
0.0,3.0,4.0,1,0.977518,2
0.0,3.0,5.0,1,7.910228,2
0.0,3.0,6.0,1,5.865361,2
0.0,3.0,7.0,1,5.869549,2
0.0,3.0,8.0,1,4.829909,2
0.0,3.0,9.0,1,12.18419,2
0.0,3.0,9.0,1,10.506905,2
0.0,3.0,10.0,1,9.851376,2
0.0,3.0,7.0,1,12.827428,2
0.0,3.0,7.0,1,4.5406,2
0.0,3.0,6.0,1,13.22176,2
1.0,1.0,1.0,0,52240.566469,0
1.0,1.0,1.0,0,32474.0,0
0.0,1.0,1.0,1,20152.931129,2
0.0,2.0,2.0,1,12.247634,2
0.0,2.0,3.0,1,3.469998,2
0.0,2.0,4.0,1,0.141154,2
0.0,3.0,5.0,1,2.031252,2
0.0,3.0,6.0,1,6.866333,2
0.0,3.0,7.0,1,4.234656,2
0.0,3.0,8.0,1,0.262117,2
0.0,3.0,9.0,1,10.562409,2
0.0,3.0,9.0,1,30.77053,2
0.0,3.0,5.0,1,14.740752,2
0.0,3.0,4.0,1,13.108341,2
0.0,3.0,5.0,1,0.831653,2
0.0,3.0,5.0,1,12.204843,2
0.0,1.0,1.0,1,3167.597199,2
1.0,1.0,1.0,0,29793.0,0
0.0,1.0,1.0,1,27314.903707,2
0.0,2.0,2.0,1,12.613551,2
0.0,2.0,3.0,1,15.642501,2
0.0,3.0,4.0,1,19.843156,2
0.0,3.0,5.0,1,1.793327,2
0.0,3.0,6.0,1,2.987871,2
0.0,3.0,7.0,1,1.417664,2
0.0,3.0,6.0,1,25.624419,2
0.0,3.0,7.0,1,6.526408,2
0.0,3.0,7.0,1,6.814222,2
0.0,1.0,1.0,1,48925.02377,2
0.0,2.0,2.0,1,12.354155,2
0.0,2.0,3.0,1,34.715094,2
0.0,2.0,4.0,1,2.122552,2
0.0,2.0,4.0,1,15.342655,2
0.0,2.0,4.0,1,25.07624,2
0.0,2.0,5.0,1,9.822648,2
0.0,2.0,6.0,1,0.739093,2
0.0,2.0,7.0,1,3.602904,2
0.0,2.0,8.0,1,2.310361,2
0.0,2.0,7.0,1,3.960556,2
0.0,1.0,1.0,0,6916.763146,0
0.0,1.0,1.0,1,40341.768941,2
0.0,1.0,2.0,1,5.199346,2
0.0,1.0,3.0,1,5.123788,2
0.0,2.0,4.0,1,24.321809,2
0.0,3.0,5.0,1,14.450776,2
0.0,3.0,6.0,1,8.611382,2
0.0,3.0,5.0,1,9.295946,2
0.0,3.0,6.0,1,0.58846,2
0.0,3.0,7.0,1,0.414969,2
0.0,3.0,7.0,1,5.84342,2
0.0,3.0,8.0,1,1.071195,2
0.0,3.0,9.0,1,3.396762,2
0.0,3.0,9.0,1,23.631198,2
0.0,3.0,10.0,1,6.18234,2
0.0,1.0,1.0,0,63462.099668,0
0.0,1.0,1.0,0,12685.0,0
0.0,1.0,1.0,0,12359.0,0
0.0,1.0,1.0,0,185235.0,0
1.0,1.0,1.0,0,78886.0,0
0.0,1.0,1.0,1,38405.384654,2
0.0,1.0,2.0,1,9.622484,2
0.0,1.0,3.0,1,3.657395,2
0.0,2.0,4.0,1,16.74366,2
0.0,2.0,5.0,1,0.674188,2
0.0,2.0,6.0,1,0.174163,2
0.0,2.0,7.0,1,8.832536,2
0.0,2.0,8.0,1,5.905131,2
0.0,2.0,7.0,1,26.185411,2
0.0,3.0,8.0,1,1.355021,2
0.0,3.0,8.0,1,9.257085,2
0.0,3.0,8.0,1,7.763658,2
0.0,3.0,7.0,1,1.565634,2
0.0,3.0,8.0,1,1.495131,2
0.0,3.0,9.0,1,1.0707,2
0.0,1.0,1.0,0,66964.313149,0
1.0,1.0,1.0,0,110937.0,0
1.0,1.0,1.0,0,55508.0,0
1.0,1.0,1.0,0,3935.0,0
1.0,1.0,1.0,0,150198.0,0
1.0,1.0,1.0,0,0.0,0
0.0,1.0,1.0,0,42539.0,0
1.0,1.0,1.0,0,15516.0,0
1.0,1.0,1.0,0,12443.0,0
0.0,1.0,1.0,0,43242.0,0
1.0,1.0,1.0,0,38899.0,0
0.0,1.0,1.0,0,138409.0,0
0.0,1.0,1.0,0,8698.0,0
1.0,1.0,1.0,0,31353.0,0
0.0,1.0,1.0,0,44976.0,0
0.0,1.0,1.0,0,149019.0,0
0.0,1.0,1.0,0,48154.0,0
0.0,1.0,1.0,1,7936.0,2
1.0,1.0,1.0,0,65923.0,0
1.0,1.0,1.0,0,57374.0,0
0.0,1.0,1.0,1,42581.0,2
0.0,1.0,1.0,0,95765.0,0
1.0,1.0,1.0,0,140423.0,0
0.0,1.0,1.0,0,221015.0,0
0.0,1.0,1.0,0,113519.0,0
0.0,1.0,1.0,1,102218.0,2
1.0,1.0,1.0,0,63174.0,0
0.0,1.0,1.0,0,47027.0,0
1.0,1.0,1.0,0,30996.0,0
0.0,1.0,1.0,0,44278.0,0
1.0,1.0,1.0,0,63995.0,0
1.0,1.0,1.0,0,40351.0,0
1.0,1.0,1.0,0,152512.0,0
1.0,1.0,1.0,0,82394.0,0
1.0,1.0,1.0,0,239689.0,0
1.0,1.0,1.0,0,3451.0,0
1.0,1.0,1.0,0,228684.0,0
0.0,1.0,1.0,1,37284.0,2
0.0,1.0,1.0,0,0.0,0
1.0,1.0,1.0,0,39120.0,0
0.0,1.0,1.0,0,61520.0,0
0.0,2.0,2.0,0,10.000008,0
0.0,3.0,3.0,0,3.599096,0
0.0,4.0,4.0,0,9.86943,0
0.0,5.0,5.0,0,1.294983,0
0.0,6.0,6.0,0,14.431996,0
0.0,7.0,7.0,0,5.894451,0
0.0,8.0,7.0,0,18.994237,0
0.0,9.0,8.0,0,0.228704,0
0.0,10.0,9.0,0,3.878309,0
0.0,11.0,8.0,0,15.272947,0
0.0,12.0,7.0,0,5.235676,0
0.0,13.0,6.0,0,21.139578,0
0.0,14.0,7.0,0,5.155833,0
0.0,15.0,8.0,0,1.109247,0
0.0,16.0,7.0,0,10.365998,0
0.0,17.0,7.0,0,7.074921,0
0.0,18.0,8.0,0,2.087067,1
0.0,19.0,8.0,0,11.499087,1
0.0,20.0,8.0,0,7.544162,1
0.0,21.0,9.0,0,1.268852,1
0.0,22.0,10.0,0,10.171979,1
0.0,23.0,8.0,0,19.575493,1
0.0,24.0,4.0,0,29.343207,1
0.0,25.0,3.0,0,12.264019,1
0.0,25.0,3.0,0,25.860754,1
0.0,26.0,4.0,0,7.756869,1
0.0,27.0,5.0,0,8.019062,1
0.0,28.0,5.0,0,11.312471,1
0.0,29.0,5.0,0,10.823363,1
0.0,1.0,1.0,1,26468.928201,2
1.0,1.0,1.0,0,3625.0,1
0.0,1.0,1.0,0,13819.0,1
0.0,1.0,1.0,0,146847.0,1
1.0,1.0,1.0,0,5365.0,1
0.0,1.0,1.0,0,68921.0,1
0.0,1.0,1.0,0,100383.0,1
0.0,2.0,2.0,0,8.135767,1
0.0,3.0,3.0,0,8.091581,1
0.0,4.0,4.0,0,25.089478,1
0.0,5.0,5.0,0,1.76594,1
0.0,6.0,6.0,0,14.421698,1
0.0,6.0,7.0,0,2.456639,1
0.0,7.0,7.0,0,0.088664,1
0.0,8.0,8.0,0,0.771367,1
0.0,9.0,7.0,0,29.163992,1
0.0,10.0,8.0,0,6.066773,1
0.0,11.0,7.0,0,8.203019,1
0.0,12.0,4.0,0,25.986842,1
0.0,13.0,5.0,0,1.564263,1
0.0,14.0,6.0,0,12.22493,1
0.0,15.0,7.0,0,5.553766,1
0.0,16.0,5.0,0,15.811566,1
0.0,17.0,6.0,0,0.796463,1
0.0,18.0,7.0,0,14.902616,1
0.0,19.0,8.0,0,3.037359,1
0.0,20.0,9.0,0,4.318273,1
0.0,21.0,8.0,0,8.251596,1
0.0,22.0,9.0,0,0.503756,1
0.0,23.0,10.0,0,2.608865,1
0.0,24.0,9.0,0,21.844072,1
0.0,25.0,7.0,0,20.6623,1
0.0,26.0,3.0,0,28.973043,1
0.0,26.0,3.0,0,28.705372,1
0.0,27.0,4.0,0,0.0,1
0.0,28.0,5.0,0,0.0,1
0.0,1.0,1.0,0,139881.0,1
0.0,1.0,1.0,0,65287.0,1
1.0,1.0,1.0,0,12332.0,1
1.0,1.0,1.0,0,81841.0,1
0.0,1.0,1.0,0,5020.0,1
0.0,1.0,1.0,0,24171.0,1
0.0,2.0,2.0,0,9.826977,1
0.0,3.0,3.0,0,7.167266,1
0.0,4.0,4.0,0,4.901677,1
0.0,5.0,5.0,0,8.115009,1
0.0,6.0,6.0,0,1.99716,1
0.0,7.0,4.0,0,46.937189,1
0.0,8.0,5.0,0,1.188774,1
0.0,9.0,5.0,0,3.469815,1
0.0,10.0,6.0,0,5.337126,1
0.0,11.0,7.0,0,1.028906,1
0.0,12.0,6.0,0,10.93898,1
0.0,13.0,7.0,0,3.609932,1
0.0,14.0,8.0,0,5.33443,1
0.0,15.0,9.0,0,2.284955,1
0.0,16.0,10.0,0,16.849386,1
0.0,17.0,6.0,0,23.559382,1
0.0,18.0,7.0,0,3.784218,1
0.0,19.0,5.0,0,15.13825,1
0.0,20.0,5.0,0,8.491956,1
0.0,21.0,6.0,0,6.968648,1
0.0,22.0,4.0,0,35.029521,1
0.0,23.0,5.0,0,8.306122,1
0.0,24.0,4.0,0,11.329543,1
0.0,25.0,5.0,0,3.045138,1
0.0,26.0,6.0,0,1.037513,1
0.0,26.0,6.0,0,2.004905,1
0.0,27.0,7.0,0,10.603958,1
0.0,27.0,6.0,0,41.713264,1
0.0,28.0,7.0,0,0.0,1
0.0,1.0,1.0,0,3375.0,1
0.0,2.0,2.0,0,5.072486,1
0.0,3.0,3.0,0,17.833173,1
0.0,4.0,4.0,0,8.906821,1
0.0,5.0,5.0,0,1.98858,1
0.0,6.0,6.0,0,0.03437,1
0.0,7.0,7.0,0,6.871166,1
0.0,8.0,8.0,0,16.253853,1
0.0,9.0,8.0,0,4.083845,1
0.0,10.0,8.0,0,17.95643,1
0.0,11.0,9.0,0,1.98742,1
0.0,12.0,8.0,0,11.195502,1
0.0,13.0,6.0,0,24.625785,1
0.0,14.0,5.0,0,4.89075,1
0.0,15.0,6.0,0,10.984583,1
0.0,16.0,7.0,0,1.893078,1
0.0,17.0,8.0,0,0.395912,1
0.0,18.0,6.0,0,22.645172,1
0.0,19.0,7.0,0,1.981756,1
0.0,20.0,8.0,0,1.400132,1
0.0,20.0,8.0,0,16.148394,1
0.0,21.0,8.0,0,6.072555,1
0.0,22.0,6.0,0,31.294067,1
0.0,23.0,7.0,0,0.498721,1
0.0,24.0,7.0,0,4.145202,1
0.0,25.0,4.0,0,34.599527,1
0.0,26.0,5.0,0,12.647757,1
0.0,27.0,6.0,0,7.309592,1
0.0,28.0,4.0,0,7.110704,1
0.0,28.0,5.0,0,19.172667,1
1.0,1.0,1.0,0,4864.0,1
0.0,1.0,1.0,0,37820.0,1
0.0,1.0,1.0,0,27790.0,1
0.0,1.0,1.0,0,83435.0,1
0.0,1.0,1.0,0,3617.0,1
0.0,2.0,2.0,0,8.049796,1
0.0,3.0,3.0,0,11.778229,1
0.0,4.0,4.0,0,7.835908,1
0.0,5.0,5.0,0,4.426736,1
0.0,6.0,6.0,0,4.577534,1
0.0,7.0,7.0,0,18.891674,1
0.0,8.0,7.0,0,9.711922,1
0.0,9.0,8.0,0,0.838217,1
0.0,10.0,6.0,0,24.334154,1
0.0,11.0,5.0,0,7.518011,1
0.0,12.0,6.0,0,13.749896,1
0.0,13.0,6.0,0,7.707301,1
0.0,14.0,6.0,0,6.68692,1
0.0,15.0,6.0,0,3.733312,1
0.0,16.0,7.0,0,2.210347,1
0.0,17.0,8.0,0,3.47299,1
0.0,18.0,9.0,0,6.149886,1
0.0,19.0,10.0,0,6.439766,1
0.0,20.0,7.0,0,36.784695,1
0.0,21.0,8.0,0,0.487131,1
0.0,22.0,5.0,0,12.935565,1
0.0,23.0,4.0,0,34.175898,1
0.0,24.0,3.0,0,16.269854,1
0.0,25.0,4.0,0,5.302625,1
0.0,25.0,5.0,0,3.224548,1
0.0,26.0,5.0,0,23.522502,1
0.0,26.0,5.0,0,19.184583,1
0.0,27.0,6.0,0,0.0,1
0.0,28.0,7.0,0,0.0,1
1.0,1.0,1.0,0,82655.0,1
0.0,1.0,1.0,0,119843.0,1
1.0,1.0,1.0,0,15938.0,1
0.0,1.0,1.0,1,22201.0,2
0.0,1.0,1.0,0,24792.0,1
0.0,1.0,1.0,0,38742.0,1
1.0,1.0,1.0,0,190937.0,1
0.0,1.0,1.0,0,26490.0,1
0.0,1.0,1.0,0,62652.0,1
0.0,2.0,2.0,0,13.607551,1
0.0,3.0,3.0,0,8.664736,1
0.0,4.0,4.0,0,5.172648,1
0.0,5.0,5.0,0,12.421014,1
0.0,6.0,6.0,0,2.55871,1
0.0,7.0,5.0,0,35.114026,1
0.0,8.0,4.0,0,15.71283,1
0.0,9.0,5.0,0,4.36514,1
0.0,10.0,6.0,0,1.093737,1
0.0,11.0,6.0,0,2.512399,1
0.0,12.0,6.0,0,6.859421,1
0.0,13.0,7.0,0,11.619242,1
0.0,14.0,8.0,0,8.863347,1
0.0,15.0,9.0,0,2.101269,1
0.0,16.0,9.0,0,7.438104,1
0.0,17.0,7.0,0,22.356047,1
0.0,18.0,8.0,0,0.625392,1
0.0,19.0,8.0,0,6.317741,1
0.0,20.0,5.0,0,27.575053,1
0.0,21.0,6.0,0,0.030502,1
0.0,22.0,6.0,0,9.736642,1
0.0,23.0,7.0,0,1.508046,1
0.0,24.0,8.0,0,8.723919,1
0.0,25.0,7.0,0,10.897189,1
0.0,25.0,1.0,0,74.125295,1
0.0,26.0,2.0,0,0.0,1
0.0,27.0,3.0,0,0.0,1
0.0,28.0,4.0,0,0.0,1
0.0,29.0,5.0,0,0.0,1
0.0,1.0,1.0,0,62304.0,1
1.0,1.0,1.0,0,22206.0,1
0.0,1.0,1.0,0,46848.0,1
1.0,1.0,1.0,0,91653.0,1
1.0,1.0,1.0,0,7705.0,1
1.0,1.0,1.0,0,86038.0,1
1.0,1.0,1.0,0,24255.0,1
0.0,1.0,1.0,0,73224.0,1
0.0,1.0,1.0,0,14270.0,1
1.0,1.0,1.0,0,51028.0,1
0.0,1.0,1.0,0,36153.0,1
1.0,1.0,1.0,0,44336.0,1
0.0,1.0,1.0,1,1933.0,2
0.0,1.0,1.0,0,36571.0,1
0.0,1.0,1.0,0,98808.0,1
0.0,2.0,2.0,0,6.772685,1
0.0,3.0,3.0,0,4.818339,1
0.0,4.0,4.0,0,8.39589,1
0.0,5.0,5.0,0,17.102449,1
0.0,6.0,6.0,0,6.960841,1
0.0,7.0,7.0,0,5.85665,1
0.0,8.0,8.0,0,4.158916,1
0.0,9.0,9.0,0,2.974465,1
0.0,10.0,7.0,0,17.586219,1
0.0,11.0,7.0,0,19.369045,1
0.0,12.0,8.0,0,1.269441,1
0.0,13.0,8.0,0,2.77888,1
0.0,14.0,4.0,0,43.470301,1
0.0,15.0,2.0,0,20.664217,1
0.0,16.0,3.0,0,3.735605,1
0.0,17.0,4.0,0,2.260237,1
0.0,18.0,5.0,0,16.628501,1
0.0,19.0,6.0,0,1.846694,1
0.0,20.0,7.0,0,2.83442,1
0.0,21.0,8.0,0,4.885064,1
0.0,22.0,9.0,0,1.207996,1
0.0,23.0,9.0,0,11.148147,1
0.0,24.0,10.0,0,1.660786,1
0.0,25.0,8.0,0,21.947657,1
0.0,26.0,9.0,0,9.79685,1
0.0,27.0,8.0,0,7.68428,1
0.0,28.0,8.0,0,2.511409,1
0.0,29.0,4.0,0,42.663305,1
0.0,28.0,5.0,0,7.010711,1
0.0,1.0,1.0,0,10374.0,1
1.0,1.0,1.0,0,109543.0,1
0.0,1.0,1.0,0,4910.0,1
0.0,2.0,2.0,0,11.393242,1
0.0,3.0,3.0,0,11.863973,1
0.0,4.0,4.0,0,1.527482,1
0.0,5.0,5.0,0,18.296173,1
0.0,6.0,5.0,0,18.911904,1
0.0,7.0,6.0,0,7.171889,1
0.0,8.0,7.0,0,0.476596,1
0.0,9.0,8.0,0,1.34244,1
0.0,10.0,8.0,0,2.230172,1
0.0,11.0,7.0,0,20.782857,1
0.0,12.0,8.0,0,4.106857,1
0.0,13.0,8.0,0,17.854666,1
0.0,14.0,8.0,0,7.812307,1
0.0,14.0,9.0,0,1.782261,1
0.0,15.0,10.0,0,2.153484,1
0.0,16.0,7.0,0,13.985402,1
0.0,17.0,8.0,0,1.254869,1
0.0,18.0,9.0,0,2.321672,1
0.0,19.0,9.0,0,12.523875,1
0.0,20.0,9.0,0,9.013946,1
0.0,21.0,6.0,0,34.166298,1
0.0,22.0,2.0,0,35.894331,1
0.0,23.0,3.0,0,23.972103,1
0.0,24.0,3.0,0,16.177026,1
0.0,25.0,4.0,0,3.406888,1
0.0,25.0,4.0,0,19.577287,1
0.0,26.0,5.0,0,0.0,1
0.0,27.0,6.0,0,0.0,1
0.0,28.0,7.0,0,0.0,1
0.0,1.0,1.0,0,15327.0,1
0.0,2.0,2.0,0,12.504598,1
0.0,3.0,3.0,0,9.793383,1
0.0,4.0,4.0,0,4.933889,1
0.0,5.0,5.0,0,11.663713,1
0.0,6.0,6.0,0,7.81319,1
0.0,7.0,7.0,0,12.023186,1
0.0,8.0,7.0,0,5.961524,1
0.0,9.0,8.0,0,0.698264,1
0.0,10.0,9.0,0,4.689755,1
0.0,11.0,8.0,0,13.804071,1
0.0,12.0,9.0,0,1.291292,1
0.0,13.0,5.0,0,40.166938,1
0.0,14.0,4.0,0,4.877371,1
0.0,15.0,5.0,0,2.314502,1
0.0,16.0,6.0,0,4.688933,1
0.0,17.0,7.0,0,3.103588,1
0.0,18.0,6.0,0,5.655114,1
0.0,19.0,5.0,0,45.510877,1
0.0,20.0,2.0,0,18.148857,1
0.0,21.0,3.0,0,11.76632,1
0.0,22.0,4.0,0,28.771019,1
0.0,23.0,5.0,0,0.873031,1
0.0,24.0,5.0,0,2.361628,1
0.0,25.0,6.0,0,4.753124,1
0.0,26.0,7.0,0,0.017127,1
0.0,27.0,7.0,0,18.712718,1
0.0,28.0,7.0,0,14.651866,1
0.0,28.0,8.0,0,8.450122,1
0.0,29.0,9.0,0,0.0,1
0.0,1.0,1.0,1,34211.0,2
0.0,1.0,1.0,0,47496.0,1
0.0,1.0,1.0,1,1112.0,2
0.0,1.0,1.0,0,0.0,0
0.0,1.0,1.0,1,25352.0,2
0.0,1.0,1.0,0,15389.0,0
1.0,1.0,1.0,0,115182.0,0
0.0,1.0,1.0,1,20228.0,2
0.0,1.0,1.0,0,23324.0,0
1.0,1.0,1.0,0,30382.0,0
0.0,1.0,1.0,0,14574.0,0
0.0,1.0,1.0,0,47000.0,0
1.0,1.0,1.0,0,54155.0,0
0.0,1.0,1.0,0,1951.0,0
1.0,1.0,1.0,0,12015.0,0
0.0,1.0,1.0,0,61213.0,0
0.0,1.0,1.0,1,128830.0,2
1.0,1.0,1.0,0,18635.0,0
0.0,1.0,1.0,1,427521.0,2
0.0,1.0,1.0,0,161190.0,0
0.0,1.0,1.0,1,76103.0,2
1.0,1.0,1.0,0,80631.0,0
0.0,1.0,1.0,1,98544.0,2
1.0,1.0,1.0,0,247689.0,0
1.0,1.0,1.0,0,295868.0,0
0.0,1.0,1.0,0,18473.0,0
1.0,1.0,1.0,0,7372.0,0
1.0,1.0,1.0,0,69815.0,0
0.0,1.0,1.0,1,13051.0,2
0.0,1.0,1.0,1,7456.0,2
0.0,1.0,1.0,0,5845.0,0
0.0,1.0,1.0,0,56454.0,0
1.0,1.0,1.0,0,122328.0,0
1.0,1.0,1.0,0,68922.0,0
0.0,1.0,1.0,0,0.0,0
0.0,1.0,1.0,0,119530.0,0
1.0,1.0,1.0,0,37886.0,0
1.0,1.0,1.0,0,25724.0,0
1.0,1.0,1.0,0,92643.0,0
0.0,1.0,1.0,0,42963.0,0
0.0,1.0,1.0,0,3664.0,0
1.0,1.0,1.0,0,235298.0,0
0.0,1.0,1.0,0,9801.0,0
1.0,1.0,1.0,0,31618.0,0
0.0,1.0,1.0,0,107902.0,0
1.0,1.0,1.0,0,28362.0,0
0.0,1.0,1.0,0,70339.0,0
1.0,1.0,1.0,0,162968.0,0
1.0,1.0,1.0,0,115145.0,0
1.0,1.0,1.0,0,78742.0,0
1.0,1.0,1.0,0,147586.0,0
1.0,1.0,1.0,0,38967.0,0
1.0,1.0,1.0,0,41689.0,0
0.0,1.0,1.0,0,90678.0,0
0.0,1.0,1.0,1,119381.0,2
1.0,1.0,1.0,0,116248.0,0
0.0,1.0,1.0,0,99935.0,0
0.0,1.0,1.0,0,220066.0,0
1.0,1.0,1.0,0,71307.0,0
0.0,1.0,1.0,0,11523.0,0
1.0,1.0,1.0,0,73472.0,0
0.0,1.0,1.0,0,46217.0,0
1.0,1.0,1.0,0,10694.0,0
0.0,1.0,1.0,0,0.0,0
0.0,2.0,2.0,0,5.807423,0
0.0,3.0,3.0,0,13.526307,0
0.0,4.0,4.0,0,4.211053,0
0.0,5.0,5.0,0,12.616216,0
0.0,6.0,6.0,0,1.63844,0
0.0,7.0,7.0,0,12.825958,0
0.0,8.0,7.0,0,11.552238,0
0.0,9.0,7.0,0,8.987024,0
0.0,10.0,8.0,0,3.761358,0
0.0,11.0,7.0,0,10.257937,0
0.0,12.0,8.0,0,4.228325,0
0.0,13.0,9.0,0,3.397974,0
0.0,14.0,9.0,0,4.174618,0
0.0,15.0,9.0,0,4.092187,0
0.0,16.0,7.0,0,31.253562,0
0.0,17.0,3.0,0,28.246633,0
0.0,18.0,3.0,0,2.606751,0
0.0,19.0,4.0,0,19.269078,0
0.0,20.0,5.0,0,2.737046,1
0.0,21.0,5.0,0,33.382331,1
0.0,22.0,6.0,0,1.091628,1
0.0,23.0,5.0,0,10.791854,1
0.0,24.0,5.0,0,13.020974,1
0.0,25.0,6.0,0,1.474894,1
0.0,26.0,6.0,0,11.88766,1
0.0,27.0,7.0,0,19.915586,1
0.0,28.0,8.0,0,0.271365,1
0.0,28.0,6.0,0,22.97358,1
0.0,29.0,7.0,0,0.0,1
0.0,1.0,1.0,1,140267.0,2
0.0,1.0,1.0,0,60146.0,1
0.0,2.0,2.0,0,10.500345,1
0.0,3.0,3.0,0,8.563167,1
0.0,4.0,4.0,0,8.611915,1
0.0,5.0,5.0,0,6.346351,1
0.0,6.0,6.0,0,7.06505,1
0.0,7.0,7.0,0,7.069782,1
0.0,8.0,8.0,0,0.041496,1
0.0,9.0,9.0,0,1.549057,1
0.0,10.0,8.0,0,28.797798,1
0.0,11.0,7.0,0,11.60028,1
0.0,12.0,8.0,0,2.817661,1
0.0,13.0,7.0,0,8.281516,1
0.0,14.0,5.0,0,16.251989,1
0.0,15.0,6.0,0,12.219875,1
0.0,16.0,5.0,0,21.793235,1
0.0,17.0,6.0,0,1.230495,1
0.0,18.0,6.0,0,2.194668,1
0.0,19.0,7.0,0,6.124959,1
0.0,20.0,7.0,0,14.574737,1
0.0,21.0,1.0,0,61.092465,1
0.0,22.0,2.0,0,10.370127,1
0.0,23.0,3.0,0,1.459883,1
0.0,24.0,4.0,0,10.655375,1
0.0,25.0,5.0,0,3.162984,1
0.0,26.0,6.0,0,4.207323,1
0.0,27.0,7.0,0,2.726461,1
0.0,28.0,8.0,0,0.490166,1
0.0,28.0,8.0,0,30.20084,1
0.0,29.0,9.0,0,0.0,1
0.0,1.0,1.0,1,68187.0,2
0.0,1.0,1.0,0,5861.0,1
0.0,1.0,1.0,0,43985.0,1
0.0,2.0,2.0,0,9.218068,1
0.0,3.0,3.0,0,13.316459,1
0.0,4.0,4.0,0,10.36951,1
0.0,5.0,5.0,0,3.715859,1
0.0,6.0,6.0,0,15.748431,1
0.0,7.0,7.0,0,5.907413,1
0.0,8.0,7.0,0,10.522447,1
0.0,9.0,7.0,0,1.484882,1
0.0,10.0,7.0,0,12.954209,1
0.0,11.0,7.0,0,11.031252,1
0.0,12.0,8.0,0,1.987148,1
0.0,13.0,7.0,0,20.697104,1
0.0,14.0,8.0,0,0.370806,1
0.0,15.0,8.0,0,4.262968,1
0.0,16.0,7.0,0,12.147411,1
0.0,17.0,7.0,0,13.668167,1
0.0,18.0,6.0,0,17.721167,1
0.0,19.0,7.0,0,5.394429,1
0.0,20.0,6.0,0,7.490472,1
0.0,21.0,7.0,0,2.028545,1
0.0,22.0,7.0,0,7.223107,1
0.0,23.0,7.0,0,13.67076,1
0.0,24.0,5.0,0,31.073954,1
0.0,25.0,4.0,0,10.505546,1
0.0,26.0,3.0,0,23.022705,1
0.0,27.0,4.0,0,1.772508,1
0.0,28.0,4.0,0,32.458462,1
0.0,28.0,5.0,0,0.236211,1
0.0,29.0,6.0,0,0.0,1
1.0,1.0,1.0,0,38299.0,1
1.0,1.0,1.0,0,32543.0,1
0.0,1.0,1.0,0,17722.0,1
1.0,1.0,1.0,0,101456.0,1
0.0,1.0,1.0,0,74054.0,1
0.0,2.0,2.0,0,13.525838,1
0.0,3.0,3.0,0,7.151479,1
0.0,4.0,4.0,0,4.653335,1
0.0,5.0,5.0,0,0.676075,1
0.0,6.0,6.0,0,10.146078,1
0.0,7.0,7.0,0,7.77101,1
0.0,8.0,8.0,0,11.23049,1
0.0,9.0,8.0,0,8.06962,1
0.0,10.0,7.0,0,22.038553,1
0.0,11.0,3.0,0,32.615592,1
0.0,12.0,3.0,0,11.532238,1
0.0,13.0,4.0,0,5.675632,1
0.0,14.0,5.0,0,4.417455,1
0.0,15.0,5.0,0,12.167237,1
0.0,16.0,6.0,0,6.666205,1
0.0,17.0,7.0,0,1.8683,1
0.0,18.0,8.0,0,7.230648,1
0.0,19.0,9.0,0,4.231563,1
0.0,20.0,9.0,0,7.666841,1
0.0,21.0,10.0,0,6.79072,1
0.0,22.0,10.0,0,6.334063,1
0.0,23.0,9.0,0,16.12209,1
0.0,24.0,7.0,0,17.674411,1
0.0,25.0,6.0,0,12.63535,1
0.0,26.0,6.0,0,0.94512,1
0.0,27.0,7.0,0,5.666777,1
0.0,28.0,7.0,0,4.196625,1
0.0,28.0,3.0,0,50.300655,1
0.0,29.0,4.0,0,0.0,1
0.0,1.0,1.0,0,97846.0,1
1.0,1.0,1.0,0,21628.0,1
0.0,1.0,1.0,0,7606.0,1
0.0,1.0,1.0,0,397705.0,1
0.0,2.0,2.0,0,8.697489,1
0.0,3.0,3.0,0,6.071908,1
0.0,4.0,4.0,0,27.135828,1
0.0,5.0,5.0,0,2.137684,1
0.0,6.0,6.0,0,2.395885,1
0.0,7.0,7.0,0,6.34766,1
0.0,8.0,5.0,0,23.976019,1
0.0,9.0,6.0,0,18.187505,1
0.0,10.0,7.0,0,1.302552,1
0.0,11.0,6.0,0,8.469689,1
0.0,12.0,7.0,0,0.719948,1
0.0,13.0,8.0,0,0.759208,1
0.0,14.0,7.0,0,9.294036,1
0.0,15.0,8.0,0,11.645859,1
0.0,16.0,8.0,0,14.866002,1
0.0,17.0,7.0,0,18.587956,1
0.0,18.0,7.0,0,4.524976,1
0.0,19.0,5.0,0,19.498255,1
0.0,20.0,6.0,0,1.603303,1
0.0,21.0,5.0,0,17.1393,1
0.0,22.0,5.0,0,17.24402,1
0.0,23.0,5.0,0,12.09213,1
0.0,24.0,5.0,0,13.080179,1
0.0,25.0,4.0,0,23.748078,1
0.0,26.0,5.0,0,4.753659,1
0.0,27.0,6.0,0,4.873448,1
0.0,27.0,5.0,0,20.847424,1
0.0,28.0,6.0,0,0.0,1
0.0,29.0,7.0,0,0.0,1
0.0,1.0,1.0,0,64562.0,1
1.0,1.0,1.0,0,25172.0,1
1.0,1.0,1.0,0,27328.0,1
0.0,1.0,1.0,0,75723.0,1
1.0,1.0,1.0,0,25092.0,1
1.0,1.0,1.0,0,20396.0,1
0.0,1.0,1.0,0,85343.0,1
0.0,2.0,2.0,0,7.449108,1
0.0,3.0,3.0,0,4.529687,1
0.0,4.0,4.0,0,6.202202,1
0.0,5.0,5.0,0,1.918129,1
0.0,6.0,6.0,0,13.702006,1
0.0,7.0,7.0,0,3.431417,1
0.0,8.0,8.0,0,18.873888,1
0.0,9.0,8.0,0,6.049327,1
0.0,10.0,9.0,0,3.721625,1
0.0,11.0,6.0,0,22.521074,1
0.0,12.0,7.0,0,4.239708,1
0.0,13.0,6.0,0,10.354252,1
0.0,14.0,7.0,0,1.312936,1
0.0,15.0,8.0,0,6.722539,1
0.0,16.0,9.0,0,2.396112,1
0.0,17.0,7.0,0,14.623471,1
0.0,18.0,8.0,0,4.903807,1
0.0,19.0,9.0,0,11.853147,1
0.0,20.0,6.0,0,20.89107,1
0.0,21.0,5.0,0,7.817343,1
0.0,22.0,6.0,0,3.921624,1
0.0,23.0,7.0,0,6.802397,1
0.0,24.0,7.0,0,5.025837,1
0.0,25.0,7.0,0,9.258151,1
0.0,26.0,8.0,0,2.776184,1
0.0,27.0,9.0,0,0.476927,1
0.0,28.0,1.0,0,94.199857,1
0.0,28.0,2.0,0,4.026175,1
0.0,29.0,3.0,0,0.0,1
1.0,1.0,1.0,0,161962.0,1
1.0,1.0,1.0,0,102853.0,1
0.0,1.0,1.0,0,10757.0,1
0.0,2.0,2.0,0,6.866045,1
0.0,3.0,3.0,0,16.012234,1
0.0,4.0,4.0,0,6.589439,1
0.0,5.0,5.0,0,1.449735,1
0.0,6.0,6.0,0,1.182203,1
0.0,7.0,7.0,0,8.742098,1
0.0,8.0,7.0,0,23.797433,1
0.0,9.0,7.0,0,15.290476,1
0.0,10.0,8.0,0,0.092479,1
0.0,11.0,9.0,0,0.977068,1
0.0,12.0,9.0,0,3.959694,1
0.0,13.0,5.0,0,42.64565,1
0.0,14.0,6.0,0,0.985993,1
0.0,15.0,7.0,0,1.138533,1
0.0,16.0,4.0,0,31.067128,1
0.0,17.0,5.0,0,1.305887,1
0.0,18.0,6.0,0,9.487866,1
0.0,19.0,7.0,0,0.02472,1
0.0,20.0,6.0,0,17.316992,1
0.0,21.0,6.0,0,1.051154,1
0.0,22.0,7.0,0,7.797953,1
0.0,23.0,8.0,0,4.870493,1
0.0,24.0,9.0,0,15.882689,1
0.0,25.0,8.0,0,4.638382,1
0.0,26.0,9.0,0,0.686074,1
0.0,27.0,8.0,0,24.995586,1
0.0,28.0,2.0,0,38.116929,1
0.0,29.0,3.0,0,1.321992,1
0.0,29.0,4.0,0,11.707075,1
0.0,1.0,1.0,0,17377.0,1
0.0,1.0,1.0,0,7875.0,1
0.0,1.0,1.0,1,34167.0,2
1.0,1.0,1.0,0,95743.0,1
1.0,1.0,1.0,0,11582.0,1
0.0,1.0,1.0,0,80406.0,1
1.0,1.0,1.0,0,21997.0,1
0.0,1.0,1.0,0,36324.0,1
1.0,1.0,1.0,0,73355.0,1
1.0,1.0,1.0,0,152649.0,1
0.0,1.0,1.0,0,114384.0,1
1.0,1.0,1.0,0,31781.0,1
0.0,1.0,1.0,0,87941.0,1
1.0,1.0,1.0,0,4003.0,1
1.0,1.0,1.0,0,53453.0,1
0.0,1.0,1.0,0,0.0,0
1.0,1.0,1.0,0,47236.0,0
1.0,1.0,1.0,0,27914.0,0
0.0,1.0,1.0,0,279816.0,0
1.0,1.0,1.0,0,142251.0,0
0.0,1.0,1.0,0,76497.0,0
0.0,1.0,1.0,0,167051.0,0
0.0,1.0,1.0,0,83326.0,0
0.0,1.0,1.0,0,19990.0,0
1.0,1.0,1.0,0,22101.0,0
1.0,1.0,1.0,0,56444.0,0
0.0,1.0,1.0,0,23702.0,0
1.0,1.0,1.0,0,24352.0,0
0.0,1.0,1.0,0,17693.0,0
1.0,1.0,1.0,0,59698.0,0
1.0,1.0,1.0,0,40521.0,0
0.0,1.0,1.0,0,28288.0,0
0.0,1.0,1.0,0,57587.0,0
0.0,1.0,1.0,1,7240.0,2
1.0,1.0,1.0,0,32691.0,0
1.0,1.0,1.0,0,211843.0,0
1.0,1.0,1.0,0,24880.0,0
1.0,1.0,1.0,0,210182.0,0
0.0,1.0,1.0,0,17963.0,0
1.0,1.0,1.0,0,29021.0,0
0.0,1.0,1.0,0,164506.0,0
1.0,1.0,1.0,0,124077.0,0
1.0,1.0,1.0,0,20997.0,0
0.0,1.0,1.0,1,160945.0,2
1.0,1.0,1.0,0,2401.0,0
1.0,1.0,1.0,0,138028.0,0
0.0,1.0,1.0,1,59461.0,2
0.0,1.0,1.0,0,4958.0,0
0.0,1.0,1.0,0,6523.0,0
0.0,1.0,1.0,1,23337.0,2
0.0,1.0,1.0,1,41748.0,2
1.0,1.0,1.0,0,0.0,0
0.0,1.0,1.0,0,135143.0,0
0.0,1.0,1.0,1,49925.0,2
1.0,1.0,1.0,0,42755.0,0
1.0,1.0,1.0,0,247675.0,0
0.0,1.0,1.0,0,115037.0,0
1.0,1.0,1.0,0,530.0,0
1.0,1.0,1.0,0,274622.0,0
1.0,1.0,1.0,0,268804.0,0
1.0,1.0,1.0,0,122263.0,0
1.0,1.0,1.0,0,48059.0,0
1.0,1.0,1.0,0,136039.0,0
1.0,1.0,1.0,0,26414.0,0
1.0,1.0,1.0,0,19512.0,0
0.0,1.0,1.0,0,21533.0,0
0.0,1.0,1.0,0,29143.0,0
1.0,1.0,1.0,0,187984.0,0
0.0,1.0,1.0,1,23642.0,2
1.0,1.0,1.0,0,145870.0,0
0.0,1.0,1.0,0,79420.0,0
1.0,1.0,1.0,0,190998.0,0
0.0,1.0,1.0,0,61459.0,0
0.0,1.0,1.0,0,16453.0,0
0.0,1.0,1.0,0,49470.0,0
0.0,1.0,1.0,0,17969.0,0
1.0,1.0,1.0,0,106374.0,0
0.0,1.0,1.0,0,6800.0,0
1.0,1.0,1.0,0,86688.0,0
1.0,1.0,1.0,0,0.0,0
0.0,1.0,1.0,0,2859.0,0
1.0,1.0,1.0,0,31916.0,0
0.0,1.0,1.0,0,32483.0,0
0.0,1.0,1.0,0,200975.0,0
0.0,2.0,2.0,0,11.096096,0
0.0,3.0,3.0,0,8.703588,0
0.0,4.0,4.0,0,4.454242,0
0.0,5.0,5.0,0,15.801123,0
0.0,6.0,6.0,0,11.296742,0
0.0,7.0,7.0,0,8.529437,0
0.0,8.0,7.0,0,4.243721,0
0.0,9.0,7.0,0,15.01309,0
0.0,10.0,6.0,0,6.759434,0
0.0,11.0,7.0,0,0.576319,0
0.0,12.0,7.0,0,14.92414,0
0.0,13.0,8.0,0,5.403855,0
0.0,14.0,8.0,0,6.893104,0
0.0,15.0,9.0,0,2.865474,0
0.0,16.0,9.0,0,6.965945,0
0.0,17.0,6.0,0,24.836757,0
0.0,18.0,7.0,0,12.144223,1
0.0,19.0,6.0,0,12.892799,1
0.0,20.0,6.0,0,1.942503,1
0.0,21.0,6.0,0,2.671539,1
0.0,22.0,6.0,0,7.109611,1
0.0,23.0,7.0,0,0.477701,1
0.0,24.0,8.0,0,11.563059,1
0.0,25.0,8.0,0,12.873743,1
0.0,26.0,2.0,0,51.270024,1
0.0,27.0,3.0,0,7.569683,1
0.0,28.0,3.0,0,23.060091,1
0.0,29.0,4.0,0,1.187539,1
0.0,29.0,5.0,0,6.874418,1
1.0,1.0,1.0,0,8201.0,1
0.0,1.0,1.0,0,13794.0,1
0.0,1.0,1.0,0,12152.0,1
0.0,2.0,2.0,0,5.532537,1
0.0,3.0,3.0,0,6.594099,1
0.0,4.0,4.0,0,10.625067,1
0.0,5.0,5.0,0,19.732179,1
0.0,6.0,5.0,0,19.733841,1
0.0,7.0,6.0,0,2.354342,1
0.0,8.0,6.0,0,5.894696,1
0.0,9.0,6.0,0,4.549845,1
0.0,10.0,7.0,0,1.265739,1
0.0,11.0,8.0,0,6.456036,1
0.0,12.0,8.0,0,11.727836,1
0.0,13.0,9.0,0,3.562508,1
0.0,14.0,10.0,0,4.045363,1
0.0,15.0,10.0,0,16.790464,1
0.0,16.0,6.0,0,18.689581,1
0.0,17.0,7.0,0,2.605221,1
0.0,18.0,7.0,0,7.9216,1
0.0,19.0,5.0,0,17.752328,1
0.0,20.0,5.0,0,30.432995,1
0.0,21.0,3.0,0,12.45073,1
0.0,22.0,3.0,0,17.88808,1
0.0,23.0,4.0,0,4.218243,1
0.0,24.0,5.0,0,16.650851,1
0.0,25.0,4.0,0,22.939613,1
0.0,26.0,5.0,0,11.695567,1
0.0,27.0,4.0,0,12.081514,1
0.0,27.0,5.0,0,5.809125,1
0.0,28.0,6.0,0,0.0,1
0.0,29.0,7.0,0,0.0,1
1.0,1.0,1.0,0,2228.0,1
0.0,1.0,1.0,0,123889.0,1
0.0,2.0,2.0,0,5.889717,1
0.0,3.0,3.0,0,10.288588,1
0.0,4.0,4.0,0,19.192185,1
0.0,5.0,5.0,0,2.623635,1
0.0,6.0,6.0,0,5.92944,1
0.0,7.0,7.0,0,8.88778,1
0.0,8.0,8.0,0,5.5558,1
0.0,9.0,7.0,0,16.90325,1
0.0,10.0,7.0,0,6.531757,1
0.0,11.0,8.0,0,4.138379,1
0.0,12.0,7.0,0,16.347018,1
0.0,13.0,8.0,0,0.771224,1
0.0,14.0,6.0,0,29.470729,1
0.0,15.0,6.0,0,8.322753,1
0.0,16.0,5.0,0,13.026965,1
0.0,17.0,6.0,0,1.433231,1
0.0,18.0,5.0,0,9.244329,1
0.0,19.0,6.0,0,2.06388,1
0.0,20.0,7.0,0,5.868237,1
0.0,21.0,6.0,0,28.975618,1
0.0,22.0,7.0,0,5.72018,1
0.0,23.0,8.0,0,4.743201,1
0.0,24.0,6.0,0,13.82343,1
0.0,25.0,6.0,0,6.394859,1
0.0,26.0,6.0,0,12.347373,1
0.0,27.0,7.0,0,13.936887,1
0.0,28.0,8.0,0,0.076961,1
0.0,29.0,6.0,0,18.074348,1
0.0,29.0,5.0,0,23.418246,1
1.0,1.0,1.0,0,46808.0,1
0.0,1.0,1.0,1,874.0,2
0.0,1.0,1.0,0,83890.0,1
0.0,1.0,1.0,0,17049.0,1
0.0,1.0,1.0,0,10051.0,1
0.0,2.0,2.0,0,13.563423,1
0.0,3.0,3.0,0,7.546802,1
0.0,4.0,4.0,0,17.256375,1
0.0,5.0,5.0,0,1.220729,1
0.0,6.0,6.0,0,5.572801,1
0.0,7.0,7.0,0,8.392079,1
0.0,8.0,8.0,0,0.821134,1
0.0,9.0,8.0,0,14.341255,1
0.0,10.0,9.0,0,3.744981,1
0.0,11.0,9.0,0,6.389842,1
0.0,12.0,7.0,0,24.465183,1
0.0,13.0,8.0,0,1.721062,1
0.0,14.0,8.0,0,2.352572,1
0.0,15.0,8.0,0,6.682952,1
0.0,16.0,6.0,0,22.476938,1
0.0,17.0,6.0,0,3.629287,1
0.0,18.0,7.0,0,4.994852,1
0.0,19.0,8.0,0,12.778096,1
0.0,20.0,5.0,0,19.350248,1
0.0,21.0,6.0,0,4.585368,1
0.0,22.0,7.0,0,7.139167,1
0.0,23.0,5.0,0,20.172832,1
0.0,24.0,3.0,0,37.485554,1
0.0,25.0,2.0,0,29.371928,1
0.0,26.0,3.0,0,4.318019,1
0.0,27.0,4.0,0,2.060104,1
0.0,27.0,5.0,0,17.566417,1
0.0,28.0,6.0,0,0.0,1
0.0,29.0,7.0,0,0.0,1
0.0,1.0,1.0,0,77046.0,1
0.0,1.0,1.0,0,13392.0,1
0.0,1.0,1.0,1,9269.0,2
0.0,1.0,1.0,0,162594.0,1
1.0,1.0,1.0,0,91805.0,1
0.0,1.0,1.0,0,36044.0,1
0.0,2.0,2.0,0,9.802647,1
0.0,3.0,3.0,0,2.467869,1
0.0,4.0,4.0,0,10.739941,1
0.0,5.0,5.0,0,13.923305,1
0.0,6.0,6.0,0,11.64859,1
0.0,7.0,7.0,0,8.982903,1
0.0,8.0,7.0,0,7.476609,1
0.0,9.0,7.0,0,4.838446,1
0.0,10.0,6.0,0,16.875016,1
0.0,11.0,7.0,0,0.365598,1
0.0,12.0,8.0,0,2.193808,1
0.0,13.0,9.0,0,6.119136,1
0.0,14.0,10.0,0,0.983168,1
0.0,15.0,10.0,0,7.737428,1
0.0,16.0,11.0,0,1.326016,1
0.0,17.0,11.0,0,3.411707,1
0.0,18.0,11.0,0,11.225671,1
0.0,19.0,5.0,0,37.16953,1
0.0,20.0,6.0,0,1.792835,1
0.0,21.0,7.0,0,3.352558,1
0.0,22.0,4.0,0,29.317052,1
0.0,23.0,5.0,0,1.009882,1
0.0,24.0,6.0,0,3.696011,1
0.0,25.0,4.0,0,40.738193,1
0.0,26.0,5.0,0,11.086713,1
0.0,27.0,4.0,0,5.270644,1
0.0,28.0,4.0,0,8.186042,1
0.0,28.0,4.0,0,38.262682,1
0.0,29.0,5.0,0,0.0,1
0.0,1.0,1.0,0,252623.0,1
0.0,1.0,1.0,0,16717.0,1
0.0,1.0,1.0,0,55781.0,1
1.0,1.0,1.0,0,108519.0,1
1.0,1.0,1.0,0,77672.0,1
0.0,1.0,1.0,0,163172.0,1
0.0,1.0,1.0,0,15595.0,1
0.0,1.0,1.0,0,66615.0,1
0.0,1.0,1.0,0,157886.0,1
1.0,1.0,1.0,0,8731.0,1
0.0,1.0,1.0,0,15616.0,1
0.0,2.0,2.0,0,7.412292,1
0.0,3.0,3.0,0,16.480542,1
0.0,4.0,4.0,0,8.627424,1
0.0,5.0,5.0,0,4.324984,1
0.0,6.0,6.0,0,9.612511,1
0.0,7.0,7.0,0,8.08662,1
0.0,8.0,6.0,0,25.331929,1
0.0,9.0,6.0,0,9.712717,1
0.0,10.0,7.0,0,1.354754,1
0.0,11.0,7.0,0,3.628988,1
0.0,12.0,8.0,0,0.827455,1
0.0,13.0,8.0,0,9.214363,1
0.0,14.0,8.0,0,1.857607,1
0.0,15.0,8.0,0,10.464736,1
0.0,16.0,9.0,0,7.026566,1
0.0,17.0,10.0,0,14.067012,1
0.0,18.0,10.0,0,8.350797,1
0.0,19.0,7.0,0,12.093885,1
0.0,20.0,6.0,0,10.823574,1
0.0,21.0,1.0,0,60.595934,1
0.0,22.0,2.0,0,6.395964,1
0.0,23.0,3.0,0,3.228348,1
0.0,24.0,4.0,0,3.127912,1
0.0,25.0,5.0,0,19.343135,1
0.0,26.0,6.0,0,27.032417,1
0.0,26.0,4.0,0,10.977534,1
0.0,27.0,5.0,0,0.0,1
0.0,28.0,6.0,0,0.0,1
0.0,29.0,7.0,0,0.0,1
0.0,1.0,1.0,0,756.0,1
0.0,1.0,1.0,0,14426.0,1
1.0,1.0,1.0,0,70574.0,1
0.0,1.0,1.0,0,119517.0,1
0.0,1.0,1.0,0,38510.0,1
0.0,2.0,2.0,0,5.127158,1
0.0,3.0,3.0,0,17.562534,1
0.0,4.0,4.0,0,0.829326,1
0.0,5.0,5.0,0,13.987653,1
0.0,6.0,6.0,0,21.823036,1
0.0,7.0,5.0,0,20.270828,1
0.0,8.0,6.0,0,1.194561,1
0.0,9.0,5.0,0,3.011906,1
0.0,10.0,6.0,0,1.696117,1
0.0,11.0,7.0,0,1.618286,1
0.0,12.0,7.0,0,10.467762,1
0.0,13.0,8.0,0,1.635782,1
0.0,14.0,8.0,0,37.998969,1
0.0,15.0,5.0,0,9.218198,1
0.0,16.0,5.0,0,4.511598,1
0.0,17.0,4.0,0,13.162338,1
0.0,18.0,5.0,0,10.470722,1
0.0,19.0,6.0,0,4.397271,1
0.0,20.0,7.0,0,14.814556,1
0.0,21.0,8.0,0,0.364214,1
0.0,22.0,9.0,0,1.544173,1
0.0,23.0,7.0,0,21.247846,1
0.0,24.0,7.0,0,11.369807,1
0.0,25.0,8.0,0,5.240839,1
0.0,26.0,7.0,0,12.451218,1
0.0,27.0,8.0,0,3.649332,1
0.0,28.0,6.0,0,27.273761,1
0.0,29.0,6.0,0,3.632712,1
0.0,29.0,5.0,0,19.427497,1
0.0,1.0,1.0,0,104547.0,1
0.0,2.0,2.0,0,11.381451,1
0.0,3.0,3.0,0,0.031479,1
0.0,4.0,4.0,0,20.982895,1
0.0,5.0,5.0,0,17.609556,1
0.0,6.0,6.0,0,6.460157,1
0.0,7.0,7.0,0,0.672058,1
0.0,8.0,7.0,0,10.061506,1
0.0,9.0,6.0,0,7.920987,1
0.0,10.0,6.0,0,19.754605,1
0.0,11.0,7.0,0,1.279285,1
0.0,12.0,8.0,0,1.820322,1
0.0,13.0,9.0,0,0.196374,1
0.0,14.0,6.0,0,29.200622,1
0.0,15.0,7.0,0,0.205788,1
0.0,16.0,7.0,0,22.32142,1
0.0,17.0,4.0,0,14.568117,1
0.0,18.0,5.0,0,4.895159,1
0.0,19.0,6.0,0,7.590444,1
0.0,20.0,7.0,0,6.186356,1
0.0,21.0,5.0,0,35.309626,1
0.0,22.0,6.0,0,5.527958,1
0.0,23.0,5.0,0,7.459402,1
0.0,24.0,5.0,0,10.879848,1
0.0,25.0,5.0,0,7.415161,1
0.0,26.0,4.0,0,34.671206,1
0.0,27.0,5.0,0,0.280791,1
0.0,28.0,5.0,0,15.316545,1
0.0,28.0,6.0,0,0.000882,1
0.0,29.0,7.0,0,0.0,1
1.0,1.0,1.0,0,33404.0,1
0.0,1.0,1.0,0,472.0,1
0.0,2.0,2.0,0,12.34631,1
0.0,3.0,3.0,0,0.501421,1
0.0,4.0,4.0,0,17.504518,1
0.0,5.0,5.0,0,7.93305,1
0.0,6.0,6.0,0,3.619236,1
0.0,7.0,7.0,0,4.177515,1
0.0,8.0,7.0,0,16.194525,1
0.0,9.0,8.0,0,0.275935,1
0.0,10.0,9.0,0,2.773374,1
0.0,11.0,10.0,0,4.557004,1
0.0,12.0,9.0,0,11.321653,1
0.0,13.0,10.0,0,0.030062,1
0.0,14.0,11.0,0,3.484386,1
0.0,15.0,8.0,0,35.300335,1
0.0,16.0,7.0,0,5.302843,1
0.0,17.0,7.0,0,3.564479,1
0.0,18.0,5.0,0,12.531745,1
0.0,19.0,5.0,0,10.995477,1
0.0,20.0,6.0,0,0.054771,1
0.0,21.0,7.0,0,12.244194,1
0.0,22.0,8.0,0,14.978065,1
0.0,23.0,6.0,0,18.498025,1
0.0,24.0,2.0,0,53.639434,1
0.0,25.0,2.0,0,16.553256,1
0.0,26.0,3.0,0,23.715754,1
0.0,27.0,4.0,0,6.688994,1
0.0,27.0,5.0,0,1.213639,1
0.0,28.0,6.0,0,0.0,1
0.0,29.0,7.0,0,0.0,1
1.0,1.0,1.0,0,31502.0,1
0.0,1.0,1.0,0,52176.0,1
0.0,2.0,2.0,0,13.194792,1
0.0,3.0,3.0,0,12.317564,1
0.0,4.0,4.0,0,1.672475,1
0.0,5.0,5.0,0,1.858058,1
0.0,6.0,6.0,0,8.329872,1
0.0,7.0,7.0,0,17.285158,1
0.0,8.0,7.0,0,17.055116,1
0.0,9.0,7.0,0,2.162287,1
0.0,10.0,6.0,0,15.036198,1
0.0,11.0,4.0,0,27.913111,1
0.0,12.0,5.0,0,7.776354,1
0.0,13.0,5.0,0,8.305666,1
0.0,14.0,5.0,0,2.09035,1
0.0,15.0,6.0,0,9.404138,1
0.0,16.0,7.0,0,4.470305,1
0.0,17.0,7.0,0,9.915412,1
0.0,18.0,8.0,0,0.981654,1
0.0,19.0,9.0,0,4.017318,1
0.0,20.0,8.0,0,23.796077,1
0.0,21.0,5.0,0,28.634984,1
0.0,22.0,4.0,0,5.85656,1
0.0,23.0,4.0,0,7.029535,1
0.0,24.0,4.0,0,18.770569,1
0.0,25.0,5.0,0,19.272609,1
0.0,26.0,6.0,0,4.306336,1
0.0,27.0,6.0,0,5.539698,1
0.0,27.0,5.0,0,23.007804,1
0.0,28.0,6.0,0,0.0,1
0.0,29.0,7.0,0,0.0,1
0.0,1.0,1.0,0,113025.0,1
0.0,1.0,1.0,0,0.0,0
0.0,1.0,1.0,0,12595.0,0
0.0,1.0,1.0,1,1457.204725,2
0.0,2.0,2.0,1,5.520397,2
0.0,2.0,3.0,1,4.400898,2
0.0,2.0,4.0,1,2.989046,2
0.0,3.0,5.0,1,6.481301,2
0.0,3.0,6.0,1,5.740657,2
0.0,3.0,7.0,1,1.8994,2
0.0,3.0,8.0,1,0.595723,2
0.0,3.0,9.0,1,10.463976,2
0.0,3.0,10.0,1,7.925525,2
0.0,3.0,10.0,1,19.274011,2
0.0,3.0,4.0,1,30.777748,2
0.0,3.0,4.0,1,3.091831,2
0.0,3.0,5.0,1,3.008503,2
0.0,3.0,5.0,1,11.469593,2
0.0,1.0,1.0,1,78606.051482,2
0.0,1.0,2.0,1,2.928683,2
0.0,2.0,3.0,1,0.905496,2
0.0,2.0,4.0,1,8.544797,2
0.0,2.0,5.0,1,18.067244,2
0.0,2.0,6.0,1,13.651038,2
0.0,3.0,5.0,1,19.521855,2
0.0,3.0,4.0,1,13.685436,2
0.0,3.0,5.0,1,1.770642,2
0.0,3.0,6.0,1,0.885293,2
0.0,3.0,6.0,1,15.30635,2
0.0,3.0,7.0,1,4.558932,2
0.0,3.0,7.0,1,14.032869,2
1.0,1.0,1.0,0,91457.246549,0
0.0,1.0,1.0,1,53368.409328,2
0.0,1.0,2.0,1,0.203989,2
0.0,1.0,3.0,1,2.30419,2
0.0,2.0,4.0,1,13.563443,2
0.0,2.0,5.0,1,1.516611,2
0.0,2.0,6.0,1,6.125565,2
0.0,2.0,7.0,1,2.001559,2
0.0,2.0,8.0,1,3.700927,2
0.0,2.0,6.0,1,33.267999,2
0.0,2.0,7.0,1,10.084327,2
0.0,2.0,7.0,1,3.916618,2
0.0,3.0,8.0,1,0.536977,2
0.0,3.0,8.0,1,6.344857,2
0.0,3.0,6.0,1,22.100375,2
0.0,1.0,1.0,1,14284.241708,2
0.0,2.0,2.0,1,11.384041,2
0.0,3.0,3.0,1,3.650209,2
0.0,3.0,4.0,1,6.66057,2
0.0,3.0,5.0,1,12.42403,2
0.0,3.0,6.0,1,21.002532,2
0.0,3.0,7.0,1,0.614888,2
0.0,3.0,8.0,1,3.81665,2
0.0,3.0,8.0,1,8.337051,2
0.0,3.0,6.0,1,18.19138,2
0.0,3.0,6.0,1,8.080365,2
0.0,3.0,7.0,1,1.689468,2
0.0,3.0,8.0,1,1.666943,2
1.0,1.0,1.0,0,16060.1634,0
0.0,1.0,1.0,1,178361.928199,2
0.0,1.0,2.0,1,5.640787,2
0.0,2.0,3.0,1,8.178963,2
0.0,2.0,4.0,1,4.492245,2
0.0,2.0,5.0,1,12.319802,2
0.0,2.0,6.0,1,11.823652,2
0.0,2.0,7.0,1,1.984907,2
0.0,3.0,8.0,1,7.072502,2
0.0,3.0,8.0,1,10.668849,2
0.0,3.0,8.0,1,9.124185,2
0.0,3.0,9.0,1,1.713026,2
0.0,3.0,8.0,1,9.976604,2
0.0,3.0,8.0,1,18.789336,2
0.0,3.0,6.0,1,15.302966,2
0.0,3.0,7.0,1,0.084446,2
1.0,1.0,1.0,0,17891.899531,0
0.0,1.0,1.0,1,14357.867254,2
0.0,2.0,2.0,1,4.364609,2
0.0,3.0,3.0,1,20.030116,2
0.0,3.0,4.0,1,17.908241,2
0.0,3.0,5.0,1,7.699586,2
0.0,3.0,4.0,1,22.510159,2
0.0,3.0,5.0,1,6.418844,2
0.0,3.0,6.0,1,1.719718,2
0.0,3.0,6.0,1,13.099643,2
0.0,3.0,7.0,1,2.06404,2
0.0,3.0,8.0,1,0.344324,2
0.0,3.0,9.0,1,3.952096,2
0.0,3.0,9.0,1,3.692219,2
0.0,1.0,1.0,1,2501.674211,2
0.0,2.0,2.0,1,20.095852,2
0.0,2.0,3.0,1,7.446237,2
0.0,2.0,4.0,1,9.329551,2
0.0,2.0,5.0,1,6.395493,2
0.0,2.0,6.0,1,11.897634,2
0.0,3.0,6.0,1,7.349604,2
0.0,3.0,7.0,1,5.903181,2
0.0,3.0,8.0,1,2.613883,2
0.0,3.0,8.0,1,11.522139,2
0.0,3.0,6.0,1,23.004531,2
0.0,1.0,1.0,0,51074.096835,0
0.0,1.0,1.0,0,27101.0,0
0.0,1.0,1.0,1,2038.623267,2
0.0,1.0,2.0,1,0.61831,2
0.0,1.0,3.0,1,2.780018,2
0.0,2.0,4.0,1,6.260951,2
0.0,2.0,5.0,1,3.480845,2
0.0,2.0,6.0,1,5.239399,2
0.0,2.0,7.0,1,0.172623,2
0.0,2.0,8.0,1,1.643968,2
0.0,3.0,9.0,1,7.246412,2
0.0,3.0,10.0,1,24.867357,2
0.0,3.0,10.0,1,8.14388,2
0.0,3.0,3.0,1,30.018677,2
0.0,3.0,3.0,1,22.740555,2
0.0,1.0,1.0,1,4208.520159,2
0.0,2.0,2.0,1,5.460033,2
0.0,3.0,3.0,1,22.408038,2
0.0,3.0,4.0,1,0.372588,2
0.0,3.0,5.0,1,4.700345,2
0.0,3.0,6.0,1,5.943738,2
0.0,3.0,7.0,1,19.520013,2
0.0,3.0,7.0,1,4.630499,2
0.0,3.0,7.0,1,16.181958,2
0.0,3.0,8.0,1,0.102759,2
0.0,3.0,5.0,1,19.805987,2
0.0,3.0,6.0,1,0.276037,2
0.0,3.0,7.0,1,3.797176,2
0.0,3.0,8.0,1,7.661595,2
0.0,1.0,1.0,0,1162.782813,0
0.0,2.0,1.0,0,230.0,0
0.0,1.0,1.0,1,75505.674884,2
0.0,1.0,2.0,1,2.998424,2
0.0,1.0,3.0,1,10.038701,2
0.0,1.0,4.0,1,9.230205,2
0.0,2.0,5.0,1,1.222344,2
0.0,2.0,6.0,1,1.461773,2
0.0,2.0,7.0,1,7.113116,2
0.0,3.0,8.0,1,20.000476,2
0.0,3.0,9.0,1,4.38691,2
0.0,3.0,10.0,1,1.414472,2
0.0,3.0,8.0,1,15.570681,2
0.0,3.0,9.0,1,6.39736,2
0.0,3.0,10.0,1,1.873338,2
0.0,3.0,6.0,1,34.528816,2
1.0,1.0,1.0,0,12291.0885,0
0.0,1.0,1.0,0,20434.0,0
0.0,1.0,1.0,1,78784.884558,2
0.0,1.0,2.0,1,2.895292,2
0.0,1.0,3.0,1,1.36972,2
0.0,2.0,4.0,1,10.223201,2
0.0,2.0,5.0,1,7.819444,2
0.0,2.0,6.0,1,2.165266,2
0.0,2.0,7.0,1,7.319862,2
0.0,2.0,8.0,1,0.542109,2
0.0,2.0,6.0,1,33.254612,2
0.0,3.0,7.0,1,0.419508,2
0.0,3.0,7.0,1,9.793811,2
0.0,3.0,8.0,1,1.920204,2
0.0,3.0,5.0,1,14.671699,2
0.0,3.0,6.0,1,5.343038,2
1.0,1.0,1.0,0,67626.377676,0
1.0,1.0,1.0,0,4180.0,0
0.0,1.0,1.0,0,60586.0,0
0.0,1.0,1.0,1,16010.500588,2
0.0,1.0,2.0,1,3.168221,2
0.0,1.0,3.0,1,2.599596,2
0.0,2.0,4.0,1,3.247758,2
0.0,2.0,5.0,1,0.363081,2
0.0,3.0,6.0,1,11.263269,2
0.0,3.0,7.0,1,33.388538,2
0.0,3.0,8.0,1,4.607006,2
0.0,3.0,6.0,1,8.098867,2
0.0,3.0,5.0,1,5.289111,2
0.0,1.0,1.0,0,41316.473965,0
0.0,1.0,1.0,0,45067.0,0
0.0,1.0,1.0,1,56799.332069,2
0.0,2.0,2.0,1,15.189147,2
0.0,2.0,3.0,1,9.250131,2
0.0,3.0,4.0,1,3.229361,2
0.0,3.0,5.0,1,2.258289,2
0.0,3.0,6.0,1,3.108518,2
0.0,3.0,7.0,1,2.462772,2
0.0,3.0,8.0,1,14.750562,2
0.0,3.0,8.0,1,14.809986,2
0.0,3.0,9.0,1,1.454916,2
0.0,3.0,10.0,1,3.29822,2
0.0,3.0,10.0,1,7.069134,2
0.0,3.0,5.0,1,37.676895,2
0.0,1.0,1.0,1,21239.149506,2
0.0,2.0,2.0,1,14.593968,2
0.0,3.0,3.0,1,0.393622,2
0.0,3.0,4.0,1,3.934611,2
0.0,3.0,5.0,1,1.156748,2
0.0,3.0,6.0,1,9.773229,2
0.0,3.0,7.0,1,7.32137,2
0.0,3.0,5.0,1,39.000755,2
0.0,3.0,6.0,1,0.406569,2
0.0,3.0,5.0,1,6.449686,2
0.0,3.0,4.0,1,19.351361,2
0.0,3.0,5.0,1,4.52784,2
0.0,3.0,6.0,1,4.141362,2
0.0,1.0,1.0,0,78117.909373,0
0.0,1.0,1.0,0,9942.0,0
1.0,1.0,2.0,0,13.0,0
1.0,1.0,1.0,0,3548.0,0
0.0,1.0,1.0,1,76936.009087,2
0.0,1.0,2.0,1,28.200778,2
0.0,1.0,3.0,1,16.111421,2
0.0,2.0,4.0,1,0.718033,2
0.0,2.0,5.0,1,0.173892,2
0.0,3.0,6.0,1,2.636842,2
0.0,3.0,7.0,1,10.683535,2
0.0,3.0,7.0,1,7.119303,2
0.0,3.0,8.0,1,0.68383,2
0.0,3.0,9.0,1,0.245731,2
0.0,3.0,10.0,1,0.234843,2
0.0,3.0,11.0,1,2.277629,2
0.0,3.0,12.0,1,15.498037,2
0.0,3.0,12.0,1,6.25621,2
0.0,3.0,12.0,1,13.609781,2
0.0,1.0,1.0,0,49342.541048,0
0.0,1.0,1.0,1,121598.164893,2
0.0,1.0,2.0,1,7.087382,2
0.0,2.0,3.0,1,1.746216,2
0.0,3.0,4.0,1,6.586411,2
0.0,3.0,5.0,1,4.786653,2
0.0,3.0,6.0,1,3.441382,2
0.0,3.0,7.0,1,20.643008,2
0.0,3.0,8.0,1,6.335509,2
0.0,3.0,9.0,1,3.454317,2
0.0,3.0,10.0,1,0.373446,2
0.0,3.0,10.0,1,6.841961,2
0.0,3.0,11.0,1,1.11732,2
0.0,3.0,12.0,1,3.381926,2
0.0,3.0,9.0,1,16.787279,2
0.0,3.0,8.0,1,23.543742,2
0.0,1.0,1.0,1,55245.460875,2
0.0,1.0,2.0,1,32.493506,2
0.0,2.0,3.0,1,0.446033,2
0.0,3.0,4.0,1,0.057775,2
0.0,3.0,5.0,1,8.940497,2
0.0,3.0,6.0,1,3.454628,2
0.0,3.0,7.0,1,0.8793,2
0.0,3.0,8.0,1,2.162613,2
0.0,3.0,9.0,1,5.876686,2
0.0,3.0,9.0,1,5.872275,2
0.0,3.0,10.0,1,0.122471,2
0.0,3.0,11.0,1,10.764508,2
0.0,3.0,9.0,1,26.066359,2
0.0,3.0,10.0,1,3.574469,2
0.0,3.0,10.0,1,3.272186,2
0.0,1.0,1.0,1,144233.356307,2
0.0,2.0,2.0,1,19.125203,2
0.0,2.0,3.0,1,8.1341,2
0.0,2.0,4.0,1,5.589449,2
0.0,3.0,5.0,1,13.135552,2
0.0,3.0,6.0,1,0.92531,2
0.0,3.0,7.0,1,8.105717,2
0.0,3.0,8.0,1,1.243148,2
0.0,3.0,9.0,1,0.350624,2
0.0,3.0,10.0,1,2.623309,2
0.0,3.0,10.0,1,8.776517,2
0.0,3.0,11.0,1,2.314643,2
0.0,3.0,12.0,1,1.709697,2
0.0,3.0,10.0,1,26.232284,2
0.0,3.0,11.0,1,4.540046,2
1.0,1.0,1.0,0,17989.102468,0
0.0,1.0,1.0,1,163583.403637,2
0.0,2.0,2.0,1,9.424377,2
0.0,3.0,3.0,1,16.107529,2
0.0,3.0,4.0,1,14.837695,2
0.0,3.0,5.0,1,5.256906,2
0.0,3.0,6.0,1,8.019036,2
0.0,3.0,7.0,1,5.885512,2
0.0,3.0,6.0,1,18.697918,2
0.0,3.0,6.0,1,8.50307,2
0.0,3.0,5.0,1,23.53332,2
0.0,3.0,6.0,1,1.379485,2
0.0,1.0,1.0,1,32903.303271,2
0.0,1.0,2.0,1,8.370611,2
0.0,2.0,3.0,1,17.882859,2
0.0,3.0,4.0,1,11.880439,2
0.0,3.0,5.0,1,5.869624,2
0.0,3.0,6.0,1,12.959489,2
0.0,3.0,5.0,1,16.604449,2
0.0,3.0,6.0,1,8.955187,2
0.0,3.0,6.0,1,4.080981,2
0.0,3.0,7.0,1,0.710593,2
0.0,3.0,8.0,1,1.636516,2
0.0,3.0,9.0,1,5.262668,2
0.0,3.0,9.0,1,9.360343,2
0.0,3.0,9.0,1,0.813758,2
1.0,4.0,1.0,0,137.260727,0
0.0,1.0,1.0,1,171159.958724,2
0.0,2.0,2.0,1,2.144162,2
0.0,2.0,3.0,1,2.308665,2
0.0,3.0,4.0,1,12.30364,2
0.0,3.0,5.0,1,0.213365,2
0.0,3.0,6.0,1,24.034982,2
0.0,3.0,7.0,1,0.903633,2
0.0,3.0,8.0,1,13.04974,2
0.0,3.0,9.0,1,1.403795,2
0.0,3.0,5.0,1,23.321351,2
0.0,3.0,6.0,1,11.698733,2
0.0,1.0,1.0,1,2834.373095,2
0.0,1.0,2.0,1,6.463838,2
0.0,2.0,3.0,1,0.228865,2
0.0,3.0,4.0,1,11.856321,2
0.0,3.0,5.0,1,1.443674,2
0.0,3.0,6.0,1,8.496277,2
0.0,3.0,7.0,1,16.301834,2
0.0,3.0,5.0,1,24.99213,2
0.0,3.0,6.0,1,0.199719,2
0.0,3.0,7.0,1,0.215994,2
0.0,3.0,5.0,1,21.724964,2
1.0,4.0,1.0,0,266.362499,0
1.0,1.0,1.0,0,27528.0,0
0.0,1.0,1.0,0,15683.0,0
0.0,1.0,1.0,1,16728.57196,2
0.0,2.0,2.0,1,6.313004,2
0.0,2.0,3.0,1,4.883812,2
0.0,2.0,4.0,1,0.005671,2
0.0,3.0,5.0,1,21.081361,2
0.0,3.0,6.0,1,7.060472,2
0.0,3.0,7.0,1,0.982772,2
0.0,3.0,8.0,1,1.363764,2
0.0,3.0,9.0,1,12.63539,2
0.0,3.0,10.0,1,1.077762,2
0.0,3.0,10.0,1,5.363576,2
0.0,3.0,8.0,1,18.578257,2
0.0,3.0,9.0,1,7.300658,2
0.0,3.0,10.0,1,2.222181,2
0.0,1.0,1.0,0,4179.55936,0
0.0,1.0,1.0,1,14013.426015,2
0.0,2.0,2.0,1,18.142033,2
0.0,2.0,3.0,1,16.437811,2
0.0,2.0,4.0,1,1.973882,2
0.0,2.0,4.0,1,26.152068,2
0.0,3.0,5.0,1,8.360672,2
0.0,3.0,6.0,1,5.568746,2
0.0,3.0,6.0,1,3.873216,2
0.0,3.0,7.0,1,12.226635,2
0.0,3.0,6.0,1,17.214215,2
0.0,1.0,1.0,1,33688.730291,2
0.0,2.0,2.0,1,7.395605,2
0.0,3.0,3.0,1,1.96698,2
0.0,3.0,4.0,1,10.45224,2
0.0,3.0,5.0,1,5.379822,2
0.0,3.0,6.0,1,6.400363,2
0.0,3.0,7.0,1,0.676416,2
0.0,3.0,8.0,1,6.688621,2
0.0,3.0,9.0,1,12.755361,2
0.0,3.0,10.0,1,1.497651,2
0.0,3.0,11.0,1,4.138198,2
0.0,3.0,9.0,1,14.330319,2
0.0,3.0,6.0,1,22.675892,2
0.0,3.0,6.0,1,12.927306,2
0.0,1.0,1.0,1,77668.513174,2
0.0,1.0,2.0,1,4.82839,2
0.0,1.0,3.0,1,8.967963,2
0.0,2.0,4.0,1,0.585706,2
0.0,2.0,5.0,1,3.743889,2
0.0,2.0,6.0,1,24.322542,2
0.0,2.0,7.0,1,8.00553,2
0.0,2.0,6.0,1,17.342583,2
0.0,2.0,5.0,1,6.730385,2
0.0,2.0,5.0,1,4.759726,2
0.0,2.0,6.0,1,2.829968,2
0.0,2.0,7.0,1,0.80704,2
0.0,3.0,8.0,1,4.18227,2
0.0,1.0,1.0,1,3614.540721,2
0.0,2.0,2.0,1,7.705983,2
0.0,2.0,3.0,1,15.872952,2
0.0,2.0,4.0,1,2.679107,2
0.0,2.0,5.0,1,5.094006,2
0.0,3.0,6.0,1,1.388715,2
0.0,3.0,7.0,1,1.913994,2
0.0,3.0,8.0,1,18.780114,2
0.0,3.0,7.0,1,30.047711,2
0.0,3.0,7.0,1,0.216923,2
0.0,3.0,4.0,1,12.95506,2
0.0,3.0,5.0,1,2.636183,2
0.0,3.0,6.0,1,0.536664,2
0.0,3.0,7.0,1,8.757085,2
0.0,1.0,1.0,1,41323.086626,2
0.0,1.0,2.0,1,0.472779,2
0.0,1.0,3.0,1,9.022452,2
0.0,2.0,4.0,1,1.084622,2
0.0,2.0,5.0,1,15.927503,2
0.0,2.0,6.0,1,13.507003,2
0.0,2.0,7.0,1,8.606692,2
0.0,2.0,8.0,1,9.766674,2
0.0,2.0,5.0,1,13.393229,2
0.0,2.0,6.0,1,10.457461,2
0.0,2.0,6.0,1,10.072901,2
0.0,1.0,1.0,1,24423.702825,2
0.0,1.0,2.0,1,4.725149,2
0.0,2.0,3.0,1,4.548232,2
0.0,2.0,4.0,1,0.332921,2
0.0,2.0,5.0,1,0.837012,2
0.0,2.0,6.0,1,1.061019,2
0.0,3.0,7.0,1,6.049822,2
0.0,3.0,8.0,1,14.357526,2
0.0,3.0,9.0,1,13.514423,2
0.0,3.0,5.0,1,25.961697,2
0.0,3.0,5.0,1,2.096894,2
0.0,3.0,6.0,1,0.796887,2
0.0,3.0,5.0,1,18.378353,2
0.0,3.0,6.0,1,2.868481,2
0.0,3.0,6.0,1,12.165245,2
0.0,1.0,1.0,1,34513.863132,2
0.0,2.0,2.0,1,17.698812,2
0.0,2.0,3.0,1,14.303111,2
0.0,2.0,4.0,1,5.88174,2
0.0,2.0,5.0,1,8.13233,2
0.0,2.0,6.0,1,6.778715,2
0.0,2.0,6.0,1,8.629049,2
0.0,3.0,7.0,1,2.831381,2
0.0,3.0,8.0,1,4.452446,2
0.0,3.0,9.0,1,5.394634,2
0.0,3.0,9.0,1,6.045122,2
0.0,3.0,10.0,1,4.689063,2
0.0,3.0,9.0,1,17.932708,2
0.0,3.0,10.0,1,2.565617,2
0.0,1.0,1.0,0,33517.87297,0
1.0,1.0,1.0,0,5354.0,0
0.0,1.0,1.0,1,7170.481794,2
0.0,2.0,2.0,1,11.646794,2
0.0,2.0,3.0,1,6.045927,2
0.0,2.0,4.0,1,22.605335,2
0.0,2.0,5.0,1,12.874763,2
0.0,2.0,5.0,1,6.988604,2
0.0,3.0,6.0,1,0.105536,2
0.0,3.0,7.0,1,1.757962,2
0.0,3.0,8.0,1,7.37822,2
0.0,3.0,7.0,1,22.417861,2
0.0,1.0,1.0,1,22873.639473,2
0.0,2.0,2.0,1,9.017986,2
0.0,2.0,3.0,1,6.337997,2
0.0,2.0,4.0,1,13.136949,2
0.0,2.0,5.0,1,4.335223,2
0.0,2.0,6.0,1,0.779604,2
0.0,2.0,7.0,1,14.72022,2
0.0,2.0,8.0,1,6.88472,2
0.0,2.0,6.0,1,21.27985,2
0.0,2.0,4.0,1,19.680812,2
0.0,3.0,4.0,1,16.641123,2
0.0,1.0,1.0,1,2344.274378,2
0.0,1.0,2.0,1,12.988086,2
0.0,2.0,3.0,1,12.061346,2
0.0,2.0,4.0,1,1.720596,2
0.0,2.0,5.0,1,14.084219,2
0.0,2.0,6.0,1,14.533782,2
0.0,2.0,6.0,1,7.364142,2
0.0,2.0,7.0,1,3.045848,2
0.0,2.0,7.0,1,9.288789,2
0.0,3.0,8.0,1,3.843041,2
0.0,3.0,9.0,1,2.490588,2
0.0,3.0,9.0,1,4.663015,2
0.0,3.0,9.0,1,5.17792,2
0.0,3.0,9.0,1,9.888425,2
0.0,3.0,10.0,1,5.060051,2
0.0,1.0,1.0,0,94812.759021,0
0.0,1.0,1.0,0,51719.0,0
1.0,1.0,1.0,0,8603.0,0
0.0,1.0,1.0,1,10130.0,2
0.0,1.0,1.0,1,10265.561144,2
0.0,2.0,2.0,1,8.889973,2
0.0,2.0,3.0,1,0.722329,2
0.0,2.0,4.0,1,27.567887,2
0.0,2.0,5.0,1,7.686672,2
0.0,2.0,6.0,1,2.143056,2
0.0,2.0,7.0,1,5.06869,2
0.0,3.0,7.0,1,8.956034,2
0.0,3.0,8.0,1,0.14704,2
0.0,3.0,7.0,1,26.932569,2
0.0,1.0,1.0,1,13680.958722,2
0.0,2.0,2.0,1,5.191837,2
0.0,3.0,3.0,1,23.132562,2
0.0,3.0,4.0,1,6.940415,2
0.0,3.0,5.0,1,1.39345,2
0.0,3.0,6.0,1,9.715858,2
0.0,3.0,7.0,1,12.798385,2
0.0,3.0,5.0,1,30.723277,2
0.0,3.0,6.0,1,0.160553,2
0.0,3.0,5.0,1,13.049901,2
0.0,3.0,5.0,1,15.633876,2
1.0,1.0,1.0,0,0.0,0
2.0,1.0,2.0,0,2.536326,0
3.0,1.0,3.0,0,2.689512,0
4.0,1.0,4.0,0,0.070524,0
5.0,1.0,5.0,0,0.434656,0
6.0,1.0,6.0,0,0.912351,0
7.0,1.0,7.0,0,0.241893,0
8.0,1.0,8.0,0,5.025703,0
9.0,1.0,9.0,0,2.321424,0
10.0,1.0,10.0,0,3.496881,2
11.0,1.0,11.0,0,1.425525,2
12.0,1.0,12.0,0,0.412192,2
13.0,1.0,13.0,0,0.942761,2
14.0,1.0,14.0,0,0.043324,2
15.0,1.0,15.0,0,0.698944,2
16.0,1.0,16.0,0,0.486976,2
17.0,1.0,17.0,0,1.584062,2
18.0,1.0,18.0,0,0.404845,2
19.0,1.0,19.0,0,0.160932,2
20.0,1.0,20.0,0,1.304881,2
1.0,1.0,1.0,0,95158.446339,0
0.0,1.0,1.0,0,69293.0,0
1.0,1.0,1.0,0,3651.0,0
0.0,1.0,1.0,0,10878.0,0
1.0,1.0,1.0,0,1467.756557,0
2.0,1.0,2.0,0,0.666022,0
3.0,1.0,3.0,0,3.234363,0
4.0,1.0,4.0,0,0.160094,0
5.0,1.0,5.0,0,0.220657,0
6.0,1.0,6.0,0,0.21516,0
7.0,1.0,7.0,0,0.478211,0
8.0,1.0,8.0,0,5.48565,0
9.0,1.0,9.0,0,0.083296,0
10.0,1.0,10.0,0,0.537867,2
11.0,1.0,11.0,0,0.691185,2
12.0,1.0,12.0,0,0.200812,2
13.0,1.0,13.0,0,3.631623,2
14.0,1.0,14.0,0,2.532356,2
15.0,1.0,15.0,0,0.815787,2
16.0,1.0,16.0,0,2.345233,2
17.0,1.0,17.0,0,0.696469,2
18.0,1.0,18.0,0,0.106929,2
19.0,1.0,19.0,0,0.150475,2
20.0,1.0,20.0,0,5.511314,2
1.0,1.0,1.0,0,110968.747933,0
2.0,1.0,2.0,0,0.754547,0
3.0,1.0,3.0,0,0.842954,0
4.0,1.0,4.0,0,4.144193,0
5.0,1.0,5.0,0,1.037532,0
6.0,1.0,6.0,0,0.896956,0
7.0,1.0,7.0,0,1.931923,0
8.0,1.0,8.0,0,0.711147,0
9.0,1.0,9.0,0,1.124293,0
10.0,1.0,10.0,0,0.735383,2
11.0,1.0,11.0,0,2.60953,2
12.0,1.0,12.0,0,0.041345,2
13.0,1.0,13.0,0,1.516118,2
14.0,1.0,14.0,0,0.96236,2
15.0,1.0,15.0,0,0.826024,2
16.0,1.0,16.0,0,1.57793,2
17.0,1.0,17.0,0,0.880493,2
18.0,1.0,18.0,0,0.617627,2
19.0,1.0,19.0,0,0.95075,2
20.0,1.0,20.0,0,1.309563,2
1.0,1.0,1.0,0,90905.261339,0
0.0,1.0,1.0,1,11945.0,2
1.0,1.0,1.0,0,81662.0,0
1.0,1.0,1.0,0,94010.0,0
1.0,1.0,1.0,0,146270.0,0
1.0,1.0,1.0,0,44827.0,0
1.0,1.0,1.0,0,46734.0,0
0.0,1.0,1.0,0,12106.0,0
1.0,1.0,1.0,0,18019.0,0
0.0,1.0,1.0,0,132231.0,0
1.0,1.0,1.0,0,47568.0,0
1.0,1.0,1.0,0,36386.827817,0
2.0,1.0,2.0,0,1.025816,0
3.0,1.0,3.0,0,5.941197,0
4.0,1.0,4.0,0,1.088895,0
5.0,1.0,5.0,0,0.595507,0
6.0,1.0,6.0,0,1.710817,0
7.0,1.0,7.0,0,0.195203,0
8.0,1.0,8.0,0,0.264691,0
9.0,1.0,9.0,0,0.367917,0
10.0,1.0,10.0,0,0.092301,2
11.0,1.0,11.0,0,2.065299,2
12.0,1.0,12.0,0,0.971701,2
13.0,1.0,13.0,0,2.825763,2
14.0,1.0,14.0,0,1.664833,2
15.0,1.0,15.0,0,1.751359,2
16.0,1.0,16.0,0,0.086199,2
17.0,1.0,17.0,0,1.029132,2
18.0,1.0,18.0,0,0.743148,2
19.0,1.0,19.0,0,2.02021,2
20.0,1.0,20.0,0,2.793402,2
0.0,1.0,1.0,0,487187.938793,0
0.0,1.0,1.0,0,5451.0,0
0.0,1.0,1.0,0,10088.0,0
0.0,1.0,1.0,0,10469.0,0
0.0,1.0,1.0,0,68388.0,0
1.0,1.0,1.0,0,46829.0,0
0.0,1.0,1.0,0,53703.0,0
1.0,1.0,1.0,0,37990.0,0
0.0,1.0,1.0,0,95953.0,0
0.0,1.0,1.0,0,112754.0,0
0.0,1.0,1.0,0,348564.0,0
1.0,1.0,1.0,0,35396.0,0
0.0,1.0,1.0,0,82179.0,0
1.0,1.0,1.0,0,12354.0,0
1.0,1.0,1.0,0,19532.0,0
0.0,1.0,1.0,0,51031.0,0
1.0,1.0,1.0,0,21332.0,0
0.0,1.0,1.0,0,0.0,0
1.0,1.0,1.0,0,49208.0,0
1.0,1.0,1.0,0,38803.774632,0
2.0,1.0,2.0,0,3.784003,0
3.0,1.0,3.0,0,1.324652,0
4.0,1.0,4.0,0,1.083524,0
5.0,1.0,5.0,0,0.184236,0
6.0,1.0,6.0,0,0.264027,0
7.0,1.0,7.0,0,0.134641,0
8.0,1.0,8.0,0,0.522382,0
9.0,1.0,9.0,0,1.527542,0
10.0,1.0,10.0,0,0.05849,2
11.0,1.0,11.0,0,1.097246,2
12.0,1.0,12.0,0,0.627113,2
13.0,1.0,13.0,0,2.254501,2
14.0,1.0,14.0,0,3.351631,2
15.0,1.0,15.0,0,1.612046,2
16.0,1.0,16.0,0,2.350153,2
17.0,1.0,17.0,0,0.529183,2
18.0,1.0,18.0,0,4.827851,2
19.0,1.0,19.0,0,0.060993,2
20.0,1.0,20.0,0,1.08825,2
0.0,1.0,1.0,0,42798.542904,0
1.0,1.0,1.0,0,42973.0,0
1.0,1.0,1.0,0,12457.0,0
1.0,1.0,1.0,0,29759.0,0
1.0,1.0,1.0,0,25170.0,0
1.0,1.0,1.0,0,240872.0,0
1.0,1.0,1.0,0,48647.0,0
1.0,1.0,1.0,0,109334.0,0
1.0,1.0,1.0,0,38234.340126,0
2.0,1.0,2.0,0,2.123358,0
3.0,1.0,3.0,0,0.158926,0
4.0,1.0,4.0,0,0.197184,0
5.0,1.0,5.0,0,4.825764,0
6.0,1.0,6.0,0,0.416378,0
7.0,1.0,7.0,0,0.170088,0
8.0,1.0,8.0,0,0.721721,0
9.0,1.0,9.0,0,2.099821,0
10.0,1.0,10.0,0,1.372597,2
11.0,1.0,11.0,0,1.859603,2
12.0,1.0,12.0,0,1.268421,2
13.0,1.0,13.0,0,1.813909,2
14.0,1.0,14.0,0,0.892149,2
15.0,1.0,15.0,0,0.034604,2
16.0,1.0,16.0,0,4.512714,2
17.0,1.0,17.0,0,1.715481,2
18.0,1.0,18.0,0,0.591216,2
19.0,1.0,19.0,0,0.363088,2
20.0,1.0,20.0,0,1.652485,2
0.0,1.0,1.0,0,22007.870367,0
1.0,1.0,1.0,0,11625.152066,0
2.0,1.0,2.0,0,9.372342,0
3.0,1.0,3.0,0,1.098209,0
4.0,1.0,4.0,0,0.239336,0
5.0,1.0,5.0,0,0.43717,0
6.0,1.0,6.0,0,0.375561,0
7.0,1.0,7.0,0,0.900561,0
8.0,1.0,8.0,0,0.449895,0
9.0,1.0,9.0,0,1.179532,0
10.0,1.0,10.0,0,0.10589,2
11.0,1.0,11.0,0,2.73951,2
12.0,1.0,12.0,0,1.329045,2
13.0,1.0,13.0,0,1.288518,2
14.0,1.0,14.0,0,0.766157,2
15.0,1.0,15.0,0,0.727785,2
16.0,1.0,16.0,0,1.444073,2
17.0,1.0,17.0,0,0.63656,2
18.0,1.0,18.0,0,0.741496,2
19.0,1.0,19.0,0,2.859168,2
20.0,1.0,20.0,0,1.178145,2
1.0,1.0,1.0,0,88246.986375,0
2.0,1.0,2.0,0,0.24368,0
3.0,1.0,3.0,0,1.462605,0
4.0,1.0,4.0,0,0.739838,0
5.0,1.0,5.0,0,0.769438,0
6.0,1.0,6.0,0,0.028521,0
7.0,1.0,7.0,0,1.789631,0
8.0,1.0,8.0,0,1.693499,0
9.0,1.0,9.0,0,1.613832,0
10.0,1.0,10.0,0,0.077379,2
11.0,1.0,11.0,0,1.478328,2
12.0,1.0,12.0,0,3.224418,2
13.0,1.0,13.0,0,2.474654,2
14.0,1.0,14.0,0,1.57188,2
15.0,1.0,15.0,0,0.849464,2
16.0,1.0,16.0,0,4.038636,2
17.0,1.0,17.0,0,4.955324,2
18.0,1.0,18.0,0,0.468545,2
19.0,1.0,19.0,0,0.568124,2
20.0,1.0,20.0,0,0.211097,2
1.0,1.0,1.0,0,103339.733713,0
1.0,1.0,1.0,0,43465.0,0
0.0,1.0,1.0,1,21970.0,2
1.0,1.0,1.0,0,15698.0,0
0.0,1.0,1.0,0,50907.0,0
0.0,1.0,1.0,0,108054.0,0
1.0,1.0,1.0,0,2382.0,0
1.0,1.0,1.0,0,2513.031871,0
2.0,1.0,2.0,0,1.681137,0
3.0,1.0,3.0,0,0.050589,0
4.0,1.0,4.0,0,0.990698,0
5.0,1.0,5.0,0,1.61723,0
6.0,1.0,6.0,0,6.729304,0
7.0,1.0,7.0,0,0.141005,0
8.0,1.0,8.0,0,0.218589,0
9.0,1.0,9.0,0,2.585578,0
10.0,1.0,10.0,0,2.370139,2
11.0,1.0,11.0,0,0.183959,2
12.0,1.0,12.0,0,0.058919,2
13.0,1.0,13.0,0,2.514083,2
14.0,1.0,14.0,0,1.456751,2
15.0,1.0,15.0,0,0.383924,2
16.0,1.0,16.0,0,0.080698,2
17.0,1.0,17.0,0,1.706584,2
18.0,1.0,18.0,0,1.358104,2
19.0,1.0,19.0,0,4.051273,2
20.0,1.0,20.0,0,0.542175,2
0.0,1.0,1.0,0,91774.24739,0
0.0,1.0,1.0,0,18533.0,0
1.0,1.0,1.0,0,144670.175757,0
2.0,1.0,2.0,0,0.235252,0
3.0,1.0,3.0,0,2.481174,0
4.0,1.0,4.0,0,6.228631,0
5.0,1.0,5.0,0,0.442601,0
6.0,1.0,6.0,0,0.417958,0
7.0,1.0,7.0,0,2.223255,0
8.0,1.0,8.0,0,0.134934,0
9.0,1.0,9.0,0,2.744689,0
10.0,1.0,10.0,0,0.464275,2
11.0,1.0,11.0,0,1.319658,2
12.0,1.0,12.0,0,0.328975,2
13.0,1.0,13.0,0,0.500224,2
14.0,1.0,14.0,0,1.55166,2
15.0,1.0,15.0,0,1.431043,2
16.0,1.0,16.0,0,1.112512,2
17.0,1.0,17.0,0,0.457043,2
18.0,1.0,18.0,0,0.24208,2
19.0,1.0,19.0,0,4.613704,2
20.0,1.0,20.0,0,1.421536,2
1.0,1.0,1.0,0,92956.473039,0
1.0,1.0,1.0,0,122146.0,0
1.0,1.0,1.0,0,77247.0,0
0.0,1.0,1.0,1,58116.0,2
0.0,1.0,1.0,0,80672.0,0
0.0,1.0,1.0,0,210371.0,0
1.0,1.0,1.0,0,22875.0,0
0.0,1.0,1.0,1,39688.0,2
0.0,1.0,1.0,0,2691.0,0
0.0,1.0,1.0,0,39911.0,0
0.0,1.0,1.0,0,102000.0,0
1.0,1.0,1.0,0,496.685216,0
2.0,1.0,2.0,0,3.053619,0
3.0,1.0,3.0,0,2.522139,0
4.0,1.0,4.0,0,2.23947,0
5.0,1.0,5.0,0,1.684191,0
6.0,1.0,6.0,0,0.154432,0
7.0,1.0,7.0,0,4.460253,0
8.0,1.0,8.0,0,0.308446,0
9.0,1.0,9.0,0,1.765887,0
10.0,1.0,10.0,0,3.930911,2
11.0,1.0,11.0,0,1.0029,2
12.0,1.0,12.0,0,1.01436,2
13.0,1.0,13.0,0,0.623576,2
14.0,1.0,14.0,0,0.079552,2
15.0,1.0,15.0,0,0.386843,2
16.0,1.0,16.0,0,0.817116,2
17.0,1.0,17.0,0,0.891882,2
18.0,1.0,18.0,0,0.521349,2
19.0,1.0,19.0,0,1.811848,2
20.0,1.0,20.0,0,1.581765,2
1.0,1.0,1.0,0,23828.464245,0
0.0,1.0,1.0,0,163629.0,0
1.0,1.0,1.0,0,0.0,0
1.0,1.0,1.0,0,22536.0,0
1.0,1.0,1.0,0,65673.0,0
1.0,1.0,1.0,0,52164.0,0
0.0,1.0,1.0,0,29853.0,0
1.0,1.0,1.0,0,78874.0,0
0.0,1.0,1.0,0,20075.0,0
0.0,1.0,1.0,0,21394.0,0
0.0,1.0,1.0,0,37216.0,0
0.0,1.0,1.0,0,192475.0,0
1.0,1.0,1.0,0,10963.0,0
1.0,1.0,1.0,0,63388.0,0
0.0,1.0,1.0,0,33844.0,0
0.0,1.0,1.0,0,3613.0,0
0.0,1.0,1.0,0,64916.0,0
0.0,1.0,1.0,1,176239.0,2
1.0,1.0,1.0,0,56685.0,0
0.0,1.0,1.0,0,80293.0,0
0.0,1.0,1.0,1,44042.0,2
1.0,1.0,1.0,0,181647.0,0
0.0,1.0,1.0,1,31688.0,2
0.0,1.0,1.0,0,6264.0,0
0.0,1.0,1.0,0,19153.0,0
0.0,1.0,1.0,0,21898.0,0
0.0,1.0,1.0,0,45081.0,0
0.0,1.0,1.0,0,55771.0,0
1.0,1.0,1.0,0,6099.0,0
0.0,1.0,1.0,0,16696.0,0
1.0,1.0,1.0,0,35448.0,0
1.0,1.0,1.0,0,35503.0,0
1.0,1.0,1.0,0,24155.0,0
0.0,1.0,1.0,0,435.0,0
0.0,1.0,1.0,0,3802.0,0
0.0,1.0,1.0,0,18793.0,0
0.0,1.0,1.0,0,18624.0,0
1.0,1.0,1.0,0,667.0,0
1.0,1.0,1.0,0,85616.0,0
1.0,1.0,1.0,0,36456.0,0
1.0,1.0,1.0,0,22933.0,0
1.0,1.0,1.0,0,53854.0,0
0.0,1.0,1.0,1,40076.0,2
0.0,1.0,1.0,0,20088.0,0
0.0,1.0,1.0,0,126127.0,0
0.0,1.0,1.0,0,15169.0,0
0.0,1.0,1.0,0,1149.0,0
0.0,1.0,1.0,0,82257.0,0
1.0,1.0,1.0,0,45551.0,0
0.0,1.0,1.0,0,45492.0,0
0.0,1.0,1.0,0,86124.0,0
0.0,1.0,1.0,0,53711.0,0
0.0,1.0,1.0,0,10798.0,0
0.0,1.0,1.0,1,26248.0,2
0.0,1.0,1.0,0,104747.0,0
0.0,1.0,1.0,0,25161.0,0
0.0,1.0,1.0,0,3969.0,0
0.0,1.0,1.0,0,29408.0,0
0.0,1.0,1.0,0,10350.0,0
0.0,1.0,1.0,0,0.0,0
0.0,1.0,1.0,0,18884.0,0
1.0,1.0,1.0,0,20070.0,0
1.0,1.0,1.0,0,46863.0,0
1.0,1.0,1.0,0,904.0,0
0.0,1.0,1.0,0,29123.0,0
0.0,1.0,1.0,0,2163.0,0
0.0,1.0,1.0,0,12044.0,0
1.0,1.0,1.0,0,65332.0,0
0.0,1.0,1.0,0,12679.0,0
1.0,1.0,1.0,0,2046.0,0
0.0,1.0,1.0,0,101250.0,0
0.0,1.0,1.0,0,35911.0,0
1.0,1.0,1.0,0,80519.0,0
0.0,1.0,1.0,0,30134.0,0
0.0,1.0,1.0,0,6198.0,0
1.0,1.0,1.0,0,35987.0,0
0.0,1.0,1.0,0,496.0,0
0.0,1.0,1.0,0,37319.0,0
0.0,1.0,1.0,0,7636.0,0
0.0,1.0,1.0,0,26685.0,0
0.0,1.0,1.0,0,190584.0,0
0.0,1.0,1.0,1,13066.0,2
0.0,1.0,1.0,0,30199.0,0
0.0,1.0,1.0,0,127852.0,0
0.0,1.0,1.0,0,106552.0,0
0.0,1.0,1.0,0,3103.0,0
0.0,1.0,1.0,0,2044.0,0
0.0,1.0,1.0,0,80254.0,0
0.0,1.0,1.0,0,11806.0,0
1.0,1.0,1.0,0,89240.0,0
0.0,1.0,1.0,0,19274.0,0
0.0,1.0,1.0,0,47288.0,0
0.0,1.0,1.0,1,76531.0,2
0.0,1.0,1.0,0,656.0,0
0.0,1.0,1.0,0,10553.0,0
0.0,1.0,1.0,0,26813.0,0
0.0,1.0,1.0,0,104780.0,0
0.0,1.0,1.0,0,4756.0,0
0.0,1.0,1.0,1,24250.0,2
1.0,1.0,1.0,0,42834.0,0
0.0,1.0,1.0,0,62596.0,0
1.0,1.0,1.0,0,39315.0,0
1.0,1.0,1.0,0,21257.0,0
0.0,1.0,1.0,0,52381.0,0
0.0,1.0,1.0,0,35777.0,0
0.0,1.0,1.0,0,44650.0,1
0.0,1.0,1.0,0,16628.0,1
0.0,1.0,1.0,0,90513.0,1
1.0,1.0,1.0,0,7501.0,1
0.0,1.0,1.0,0,2902.0,1
0.0,1.0,1.0,0,66309.0,1
1.0,1.0,1.0,0,14233.0,1
0.0,1.0,1.0,0,282641.0,1
0.0,1.0,1.0,0,13258.0,1
0.0,1.0,1.0,0,45685.0,1
0.0,1.0,1.0,0,0.0,0
0.0,1.0,1.0,0,15889.0,0
0.0,1.0,1.0,0,38265.0,0
1.0,1.0,1.0,0,9671.0,0
0.0,1.0,1.0,0,8348.0,0
0.0,1.0,1.0,0,113420.0,0
0.0,1.0,1.0,0,20149.0,0
1.0,1.0,1.0,0,778.0,0
0.0,1.0,1.0,0,80628.0,0
0.0,1.0,1.0,0,28084.0,0
0.0,1.0,1.0,0,123905.0,0
0.0,1.0,1.0,0,17313.0,0
1.0,1.0,1.0,0,153744.0,0
0.0,1.0,1.0,0,11190.0,0
0.0,1.0,1.0,0,104193.0,0
1.0,1.0,1.0,0,2333.0,0
0.0,1.0,1.0,0,23623.0,0
1.0,1.0,1.0,0,10729.0,0
1.0,1.0,1.0,0,18044.0,0
0.0,1.0,1.0,0,2561.0,0
0.0,1.0,1.0,0,80744.0,0
0.0,1.0,1.0,0,26272.0,0
0.0,1.0,1.0,1,98225.0,2
0.0,1.0,1.0,0,24192.0,0
0.0,1.0,1.0,0,58880.0,0
0.0,1.0,1.0,0,75159.0,0
0.0,1.0,1.0,0,13051.0,0
1.0,1.0,1.0,0,14545.0,0
1.0,1.0,1.0,0,119736.0,0
0.0,1.0,1.0,1,106267.0,2
0.0,1.0,1.0,1,46192.0,2
0.0,1.0,1.0,1,645.0,2
0.0,1.0,1.0,0,113065.0,0
1.0,1.0,1.0,0,14936.0,0
0.0,2.0,1.0,0,71.0,0
0.0,1.0,1.0,0,10900.0,0
0.0,1.0,1.0,0,43647.0,0
0.0,1.0,1.0,0,32456.0,0
1.0,1.0,1.0,0,12317.0,0
0.0,1.0,1.0,0,75850.0,0
0.0,1.0,1.0,0,49845.0,0
0.0,1.0,1.0,0,31223.0,0
0.0,1.0,1.0,0,65492.0,0
0.0,1.0,1.0,0,10695.0,0
0.0,1.0,1.0,0,12682.0,0
1.0,1.0,1.0,0,16381.0,0
1.0,1.0,2.0,0,49.0,0
0.0,1.0,1.0,0,42890.0,1
1.0,1.0,1.0,0,12667.0,1
0.0,1.0,1.0,0,49774.0,1
0.0,1.0,1.0,0,23033.0,1
0.0,1.0,1.0,0,78717.0,1
0.0,1.0,1.0,0,120617.0,1
0.0,1.0,1.0,0,45458.0,1
0.0,1.0,1.0,0,66442.0,1
0.0,1.0,1.0,1,14785.0,2
0.0,1.0,1.0,0,27600.0,1
0.0,1.0,1.0,0,16956.0,1
0.0,1.0,1.0,0,33540.0,1
0.0,1.0,1.0,0,324.0,1
1.0,1.0,1.0,0,42784.0,1
0.0,1.0,1.0,0,3681.0,1
1.0,1.0,1.0,0,38844.0,1
0.0,1.0,1.0,0,1630.0,1
0.0,1.0,1.0,0,5098.0,1
1.0,1.0,1.0,0,0.0,0
0.0,1.0,1.0,0,37684.0,0
1.0,1.0,1.0,0,47600.0,0
1.0,1.0,1.0,0,60106.0,0
1.0,1.0,1.0,0,85450.0,0
0.0,1.0,1.0,0,20777.0,0
0.0,1.0,1.0,0,53962.0,0
0.0,1.0,1.0,0,68708.0,0
0.0,1.0,1.0,0,23861.0,0
0.0,1.0,1.0,0,48655.0,0
0.0,1.0,1.0,0,65619.0,0
0.0,1.0,1.0,0,29985.0,0
0.0,1.0,1.0,0,21685.0,0
0.0,1.0,1.0,0,80119.0,0
1.0,1.0,1.0,0,115048.0,0
1.0,1.0,1.0,0,16094.0,0
0.0,1.0,1.0,0,13655.0,0
0.0,1.0,1.0,0,33065.0,0
0.0,1.0,1.0,0,49042.0,0
1.0,1.0,1.0,0,63207.0,0
0.0,1.0,1.0,1,11456.0,2
0.0,1.0,1.0,0,107165.0,0
0.0,1.0,1.0,0,52196.0,0
0.0,1.0,1.0,1,73535.0,2
0.0,1.0,1.0,0,37971.0,0
1.0,1.0,1.0,0,38076.0,0
0.0,1.0,1.0,1,58949.0,2
1.0,1.0,1.0,0,3904.0,0
0.0,1.0,1.0,0,103711.0,0
0.0,1.0,1.0,0,62755.0,0
0.0,1.0,1.0,0,17480.0,0
1.0,1.0,1.0,0,25649.0,0
1.0,1.0,1.0,0,27424.0,0
1.0,1.0,1.0,0,11671.0,0
1.0,1.0,1.0,0,69048.0,0
0.0,1.0,1.0,0,129956.0,0
0.0,1.0,1.0,0,19457.0,0
0.0,1.0,1.0,0,18258.0,0
0.0,1.0,1.0,0,8972.0,0
0.0,1.0,1.0,0,168464.0,0
0.0,1.0,1.0,0,27959.0,0
0.0,1.0,1.0,0,80571.0,1
0.0,1.0,1.0,0,22084.0,1
0.0,1.0,1.0,0,2632.0,1
0.0,1.0,1.0,0,7856.0,1
0.0,1.0,1.0,0,10351.0,1
0.0,1.0,1.0,0,27630.0,1
0.0,1.0,1.0,0,4542.0,1
0.0,1.0,1.0,0,12518.0,1
1.0,1.0,1.0,0,10829.0,1
0.0,1.0,1.0,0,169255.0,1
1.0,1.0,1.0,0,34135.0,1
0.0,1.0,1.0,1,21428.0,2
0.0,1.0,1.0,0,72242.0,1
0.0,1.0,1.0,0,0.0,0
0.0,1.0,1.0,0,62513.0,0
0.0,1.0,1.0,0,113999.0,0
0.0,1.0,1.0,0,40297.0,0
0.0,1.0,1.0,0,51993.0,0
0.0,1.0,1.0,0,1343.0,0
0.0,1.0,1.0,0,13395.0,0
1.0,1.0,1.0,0,28670.0,0
0.0,1.0,1.0,0,8315.0,0
0.0,1.0,1.0,0,4704.0,0
0.0,1.0,1.0,0,47359.0,0
0.0,1.0,1.0,0,14000.0,0
0.0,1.0,1.0,0,170672.0,0
0.0,1.0,1.0,0,29117.0,0
0.0,1.0,1.0,0,94581.0,0
0.0,1.0,1.0,0,1603.0,0
0.0,1.0,1.0,0,7749.0,0
0.0,1.0,1.0,0,18586.0,0
0.0,1.0,1.0,0,69192.0,0
0.0,1.0,1.0,0,1956.0,0
0.0,1.0,1.0,0,17806.0,0
0.0,1.0,1.0,0,23609.0,0
0.0,1.0,1.0,0,51398.0,0
0.0,1.0,1.0,0,87959.0,0
0.0,1.0,1.0,0,1163.0,0
0.0,1.0,1.0,0,8683.0,0
0.0,1.0,1.0,0,38282.0,0
0.0,1.0,1.0,0,5745.0,0
0.0,1.0,1.0,0,54814.0,0
0.0,1.0,1.0,0,41017.0,0
0.0,1.0,1.0,0,70671.0,0
0.0,1.0,1.0,0,115199.0,0
0.0,1.0,1.0,0,43256.0,0
0.0,1.0,1.0,0,11154.0,0
0.0,1.0,1.0,0,57514.0,0
1.0,1.0,1.0,0,62839.0,0
0.0,1.0,1.0,0,21652.0,0
1.0,1.0,1.0,0,23706.0,0
0.0,1.0,1.0,0,10849.0,0
0.0,1.0,1.0,0,221140.0,0
0.0,1.0,1.0,0,37176.0,0
0.0,1.0,1.0,0,23435.0,0
0.0,1.0,1.0,0,27622.0,0
0.0,1.0,1.0,0,69663.0,0
0.0,1.0,1.0,0,29993.0,0
0.0,1.0,1.0,0,39410.0,0
0.0,1.0,1.0,0,778.0,0
0.0,2.0,1.0,0,252.0,0
0.0,1.0,1.0,0,470.0,0
0.0,2.0,1.0,0,132.0,0
0.0,2.0,1.0,0,212.0,0
0.0,1.0,1.0,0,883.0,0
0.0,1.0,1.0,0,206756.0,0
1.0,1.0,1.0,0,65404.0,0
0.0,1.0,1.0,0,16216.0,0
0.0,1.0,1.0,0,470.0,0
0.0,1.0,1.0,0,403.0,0
0.0,1.0,1.0,0,9509.0,0
1.0,1.0,1.0,0,16975.0,0
0.0,1.0,1.0,0,342.0,0
0.0,1.0,1.0,0,11035.0,0
0.0,1.0,1.0,0,5446.0,0
0.0,1.0,1.0,0,24952.0,0
0.0,1.0,1.0,0,44495.0,0
0.0,2.0,1.0,0,80.0,0
0.0,1.0,1.0,0,68624.0,0
1.0,1.0,1.0,0,7819.0,0
0.0,1.0,1.0,0,41990.0,0
1.0,1.0,1.0,0,0.0,0
0.0,1.0,1.0,0,6597.0,0
0.0,1.0,1.0,0,115422.0,0
0.0,1.0,1.0,0,4389.0,0
0.0,1.0,1.0,0,91956.0,0
1.0,1.0,1.0,0,26401.0,0
0.0,1.0,1.0,0,16475.0,0
0.0,1.0,1.0,0,103623.0,0
0.0,1.0,1.0,0,25548.0,0
0.0,1.0,1.0,0,3278.0,0
0.0,1.0,1.0,0,12122.0,0
1.0,1.0,1.0,0,60932.0,0
0.0,1.0,1.0,0,20220.0,0
0.0,1.0,1.0,0,34392.0,0
0.0,1.0,1.0,0,114905.0,0
0.0,1.0,1.0,0,59294.0,0
0.0,1.0,1.0,0,7073.0,0
0.0,1.0,1.0,0,1114.0,0
0.0,1.0,1.0,0,121597.0,0
1.0,1.0,1.0,0,12957.0,0
0.0,1.0,1.0,0,21014.0,0
0.0,1.0,1.0,0,42372.0,0
0.0,1.0,1.0,0,66430.0,0
0.0,1.0,1.0,0,25122.0,0
0.0,1.0,1.0,0,42790.0,0
0.0,1.0,1.0,0,1714.0,0
0.0,1.0,1.0,0,15859.0,0
0.0,1.0,1.0,0,14571.0,0
0.0,1.0,1.0,0,32228.0,0
0.0,1.0,1.0,0,26696.0,0
0.0,1.0,1.0,0,67778.0,0
0.0,1.0,1.0,0,85239.0,0
0.0,1.0,1.0,0,91726.0,0
0.0,1.0,1.0,0,1009.0,0
0.0,1.0,1.0,0,42782.0,0
0.0,1.0,1.0,0,36466.0,0
0.0,1.0,1.0,0,3177.0,0
0.0,1.0,1.0,0,38661.0,0
0.0,1.0,1.0,0,6126.0,0
0.0,1.0,1.0,0,4733.0,0
0.0,1.0,1.0,0,5395.0,0
0.0,1.0,1.0,0,16460.0,0
0.0,1.0,1.0,0,13116.0,0
0.0,1.0,1.0,0,39215.0,0
0.0,1.0,1.0,0,50225.0,0
0.0,1.0,1.0,0,6409.0,0
0.0,1.0,1.0,0,34730.0,0
1.0,1.0,1.0,0,27443.0,0
0.0,1.0,1.0,0,12053.0,0
0.0,1.0,1.0,0,28903.0,0
0.0,1.0,1.0,0,20457.0,0
0.0,1.0,1.0,0,14495.0,0
0.0,1.0,1.0,0,5972.0,0
0.0,1.0,1.0,0,18218.0,0
0.0,1.0,1.0,0,98688.0,0
0.0,1.0,1.0,0,31898.0,0
0.0,1.0,1.0,0,19305.0,0
0.0,1.0,1.0,0,28037.0,0
0.0,1.0,1.0,0,1229.0,0
0.0,1.0,1.0,0,55852.0,0
0.0,1.0,1.0,0,34431.0,0
0.0,1.0,1.0,0,22279.0,0
0.0,1.0,1.0,0,2605.0,0
0.0,1.0,1.0,0,19628.0,0
0.0,1.0,1.0,0,39321.0,0
0.0,1.0,1.0,0,3886.0,0
0.0,1.0,1.0,0,13251.0,0
0.0,1.0,1.0,0,6173.0,0
0.0,1.0,1.0,0,9889.0,0
0.0,1.0,1.0,0,50523.0,0
0.0,2.0,2.0,0,6.0,0
1.0,1.0,1.0,0,11737.0,0
0.0,1.0,1.0,0,60381.0,0
0.0,1.0,1.0,0,18124.0,0
0.0,1.0,1.0,0,26443.0,0
0.0,1.0,1.0,0,26635.0,0
0.0,1.0,1.0,0,99098.0,0
0.0,1.0,1.0,0,0.0,0
0.0,1.0,1.0,0,68327.0,0
0.0,1.0,1.0,0,10328.0,0
0.0,1.0,1.0,0,14077.0,0
0.0,1.0,1.0,0,14877.0,0
1.0,1.0,1.0,0,3445.0,0
0.0,1.0,1.0,0,37125.0,0
0.0,1.0,1.0,0,5765.0,0
0.0,1.0,1.0,0,16513.0,0
0.0,1.0,1.0,0,20440.0,0
0.0,1.0,1.0,0,36023.0,0
0.0,1.0,1.0,0,34241.0,0
0.0,1.0,1.0,0,18640.0,0
0.0,2.0,1.0,0,166.0,0
0.0,1.0,1.0,0,29890.0,0
0.0,1.0,1.0,0,30140.0,0
0.0,1.0,1.0,0,14822.0,0
0.0,1.0,1.0,0,252759.0,0
0.0,1.0,1.0,0,36211.0,0
0.0,1.0,1.0,0,9302.0,0
0.0,1.0,1.0,0,26747.0,0
0.0,1.0,1.0,0,15064.0,0
0.0,1.0,1.0,0,11148.0,0
0.0,1.0,1.0,0,19617.0,0
0.0,1.0,1.0,0,49272.0,0
0.0,1.0,1.0,0,10457.0,0
0.0,1.0,1.0,0,19632.0,0
0.0,1.0,1.0,0,1025.0,0
0.0,1.0,1.0,0,72346.0,0
0.0,1.0,1.0,0,17500.0,0
0.0,1.0,1.0,0,26268.0,0
1.0,1.0,1.0,0,96394.0,0
0.0,1.0,1.0,0,26332.0,0
0.0,1.0,1.0,0,11116.0,0
0.0,1.0,1.0,0,6076.0,0
0.0,1.0,1.0,0,21742.0,0
0.0,1.0,1.0,0,2259.0,0
0.0,1.0,1.0,0,149752.0,0
0.0,1.0,1.0,0,47826.0,0
0.0,1.0,1.0,0,66403.0,0
0.0,1.0,1.0,0,33166.0,0
0.0,1.0,1.0,0,8107.0,0
0.0,1.0,1.0,0,4669.0,0
0.0,1.0,1.0,0,6656.0,0
0.0,1.0,1.0,0,36993.0,0
0.0,1.0,1.0,0,2829.0,0
1.0,1.0,1.0,0,11516.0,0
0.0,1.0,1.0,0,30583.0,0
0.0,1.0,1.0,0,18551.0,0
0.0,1.0,1.0,0,42044.0,0
0.0,1.0,1.0,0,13173.0,0
0.0,1.0,1.0,0,32318.0,0
0.0,1.0,1.0,0,16984.0,0
0.0,1.0,1.0,0,32367.0,0
0.0,1.0,1.0,0,6495.0,0
0.0,1.0,1.0,0,54534.0,0
0.0,1.0,1.0,0,65250.0,0
0.0,1.0,1.0,0,63661.0,0
0.0,1.0,1.0,0,55732.0,0
0.0,1.0,1.0,0,815.0,0
0.0,1.0,1.0,0,13004.0,0
0.0,1.0,1.0,0,41914.0,0
0.0,1.0,1.0,0,50922.0,0
1.0,1.0,1.0,0,54709.0,0
0.0,1.0,1.0,0,8467.0,0
0.0,1.0,1.0,0,31909.0,0
0.0,1.0,1.0,0,123430.0,0
1.0,1.0,1.0,0,2942.0,0
0.0,1.0,1.0,0,24091.0,0
0.0,1.0,1.0,0,47926.0,0
0.0,1.0,1.0,0,1400.0,0
0.0,1.0,1.0,0,30320.0,0
0.0,1.0,1.0,0,17060.0,0
0.0,1.0,1.0,0,18768.0,0
0.0,1.0,1.0,0,48230.0,0
1.0,1.0,1.0,0,26108.0,0
0.0,1.0,1.0,0,29847.0,0
0.0,1.0,1.0,0,0.0,0
0.0,1.0,1.0,0,6775.0,0
0.0,1.0,1.0,0,6151.0,0
0.0,1.0,1.0,0,14350.0,0
0.0,1.0,1.0,0,60504.0,0
0.0,1.0,1.0,0,5842.0,0
0.0,1.0,1.0,0,21757.0,0
0.0,1.0,1.0,0,39941.0,0
0.0,1.0,1.0,0,9625.0,0
0.0,1.0,1.0,0,99559.0,0
0.0,1.0,1.0,0,1552.0,0
0.0,1.0,1.0,0,42814.0,0
0.0,1.0,1.0,0,44973.0,0
0.0,1.0,1.0,0,129614.0,0
0.0,1.0,1.0,0,12305.0,0
0.0,1.0,1.0,0,26155.0,0
0.0,1.0,1.0,0,2995.0,0
0.0,1.0,1.0,0,22829.0,0
0.0,1.0,1.0,0,45070.0,0
0.0,1.0,1.0,0,108066.0,0
0.0,1.0,1.0,0,194321.0,0
0.0,1.0,1.0,0,21993.0,0
0.0,1.0,1.0,0,42073.0,0
0.0,1.0,1.0,0,440.0,0
0.0,1.0,1.0,0,126759.0,0
1.0,1.0,1.0,0,10950.0,0
0.0,1.0,1.0,0,61001.0,0
0.0,1.0,1.0,0,35861.0,0
0.0,1.0,1.0,0,3566.0,0
0.0,1.0,1.0,0,28012.0,0
1.0,1.0,1.0,0,14989.0,0
0.0,1.0,1.0,0,67972.0,0
0.0,1.0,1.0,0,46625.0,0
0.0,1.0,1.0,0,8449.0,0
0.0,1.0,1.0,0,38319.0,0
0.0,1.0,1.0,0,46002.0,0
1.0,1.0,1.0,0,7923.0,0
0.0,1.0,1.0,0,14138.0,0
0.0,1.0,1.0,0,20070.0,0
0.0,1.0,1.0,0,32017.0,0
0.0,1.0,1.0,0,14488.0,0
0.0,1.0,1.0,0,13659.0,0
1.0,1.0,1.0,0,70143.0,0
0.0,1.0,1.0,0,79165.0,0
0.0,1.0,1.0,0,29514.0,0
0.0,1.0,1.0,0,2043.0,0
0.0,1.0,1.0,0,17586.0,0
0.0,1.0,1.0,0,12859.0,0
0.0,1.0,1.0,0,57918.0,0
0.0,1.0,1.0,0,13416.0,0
0.0,1.0,1.0,0,17183.0,0
0.0,1.0,1.0,0,1888.0,0
0.0,1.0,1.0,0,3098.0,0
0.0,1.0,1.0,0,2046.0,0
0.0,1.0,1.0,0,4513.0,0
0.0,1.0,1.0,0,51654.0,0
0.0,1.0,1.0,0,67314.0,0
0.0,1.0,1.0,0,33685.0,0
0.0,1.0,1.0,0,33229.0,0
0.0,1.0,1.0,0,1770.0,0
0.0,1.0,1.0,0,7665.0,0
0.0,1.0,1.0,0,29281.0,0
0.0,1.0,1.0,0,29539.0,0
0.0,1.0,1.0,0,63967.0,0
0.0,1.0,1.0,0,3194.0,0
0.0,1.0,1.0,0,58368.0,0
0.0,1.0,1.0,0,86080.0,0
0.0,1.0,1.0,0,59310.0,0
0.0,1.0,1.0,0,14026.0,0
0.0,1.0,1.0,0,6666.0,0
1.0,1.0,1.0,0,83016.0,0
0.0,1.0,1.0,0,0.0,0
0.0,2.0,1.0,0,258.0,0
0.0,1.0,1.0,0,11677.0,0
0.0,1.0,1.0,0,6537.0,0
0.0,1.0,1.0,0,1719.0,0
0.0,1.0,1.0,0,23052.0,0
0.0,1.0,1.0,0,19344.0,0
0.0,1.0,1.0,0,39234.0,0
0.0,1.0,1.0,0,1986.0,0
0.0,1.0,1.0,0,6190.0,0
0.0,1.0,1.0,0,170411.0,0
0.0,1.0,1.0,0,31537.0,0
0.0,1.0,1.0,0,28195.0,0
0.0,1.0,1.0,0,70133.0,0
0.0,2.0,1.0,0,191.0,0
0.0,1.0,1.0,0,65798.0,0
0.0,1.0,1.0,0,24301.0,0
0.0,1.0,1.0,0,4639.0,0
0.0,1.0,1.0,0,15762.0,0
0.0,1.0,1.0,0,72294.0,0
1.0,1.0,1.0,0,22250.0,0
0.0,1.0,1.0,0,21961.0,0
0.0,1.0,1.0,0,10371.0,0
0.0,1.0,1.0,0,15738.0,0
0.0,1.0,1.0,0,12715.0,0
0.0,1.0,1.0,0,86226.0,0
0.0,1.0,1.0,0,141577.0,0
0.0,1.0,1.0,0,47897.0,0
0.0,1.0,1.0,0,36459.0,0
0.0,1.0,1.0,0,7210.0,0
0.0,1.0,1.0,0,76746.0,0
0.0,1.0,1.0,0,9150.0,0
0.0,1.0,1.0,0,6299.0,0
0.0,1.0,1.0,0,15016.0,0
0.0,1.0,1.0,0,26959.0,0
0.0,1.0,1.0,0,16560.0,0
0.0,1.0,1.0,0,7547.0,0
0.0,1.0,1.0,0,62163.0,0
0.0,1.0,1.0,0,11925.0,0
0.0,1.0,1.0,0,5751.0,0
0.0,1.0,1.0,0,112808.0,0
0.0,1.0,1.0,0,95982.0,0
0.0,1.0,1.0,0,53721.0,0
1.0,1.0,1.0,0,39717.0,0
0.0,1.0,1.0,0,7805.0,0
0.0,1.0,1.0,0,69608.0,0
0.0,1.0,1.0,0,4230.0,0
0.0,1.0,1.0,0,67012.0,0
1.0,1.0,1.0,0,26350.0,0
0.0,1.0,1.0,0,73657.0,0
0.0,1.0,1.0,0,41500.0,0
0.0,1.0,1.0,0,10749.0,0
0.0,1.0,1.0,0,36879.0,0
0.0,1.0,1.0,0,58271.0,0
0.0,1.0,1.0,0,9876.0,0
0.0,1.0,1.0,0,37350.0,0
0.0,2.0,1.0,0,203.0,0
0.0,1.0,1.0,0,54406.0,0
0.0,1.0,1.0,0,15520.0,0
0.0,1.0,1.0,0,44521.0,0
1.0,1.0,1.0,0,88956.0,0
0.0,1.0,1.0,0,12163.0,0
0.0,1.0,1.0,0,8695.0,0
0.0,1.0,1.0,0,32982.0,0
0.0,1.0,1.0,0,17533.0,0
0.0,1.0,1.0,0,21769.0,0
1.0,1.0,1.0,0,19419.0,0
0.0,1.0,1.0,0,27336.0,0
0.0,1.0,1.0,0,38111.0,0
0.0,1.0,1.0,0,59502.0,0
0.0,1.0,1.0,0,8858.0,0
0.0,1.0,1.0,0,24887.0,0
0.0,1.0,1.0,0,26728.0,0
0.0,1.0,1.0,0,4702.0,0
0.0,1.0,1.0,0,11385.0,0
0.0,1.0,1.0,0,2495.0,0
0.0,1.0,1.0,0,0.0,0
0.0,1.0,1.0,0,3223.0,0
0.0,1.0,1.0,0,55203.0,0
0.0,1.0,1.0,0,3533.0,0
0.0,1.0,1.0,0,203286.0,0
0.0,1.0,1.0,0,11210.0,0
0.0,1.0,1.0,0,83681.0,0
0.0,1.0,1.0,0,5371.0,0
0.0,1.0,1.0,0,32065.0,0
1.0,1.0,1.0,0,4651.0,0
0.0,1.0,1.0,0,888.0,0
0.0,1.0,1.0,0,65765.0,0
1.0,1.0,1.0,0,30861.0,0
0.0,1.0,1.0,0,2782.0,0
0.0,1.0,1.0,0,3000.0,0
0.0,1.0,1.0,0,65614.0,0
0.0,1.0,1.0,0,37320.0,0
1.0,1.0,1.0,0,55710.0,0
0.0,1.0,1.0,0,12377.0,0
0.0,1.0,1.0,0,24081.0,0
1.0,1.0,1.0,0,19701.0,0
0.0,1.0,1.0,0,35989.0,0
0.0,1.0,1.0,0,103435.0,0
0.0,1.0,1.0,0,11360.0,0
0.0,1.0,1.0,0,93663.0,0
0.0,1.0,1.0,0,49721.0,0
0.0,1.0,1.0,0,24841.0,0
0.0,1.0,1.0,0,8780.0,0
0.0,1.0,1.0,0,93015.0,0
0.0,1.0,1.0,0,89142.0,0
0.0,1.0,1.0,0,38551.0,0
0.0,1.0,1.0,0,84162.0,0
0.0,1.0,1.0,0,7791.0,0
0.0,1.0,1.0,0,21080.0,0
0.0,1.0,1.0,0,97466.0,0
0.0,1.0,1.0,0,42473.0,0
0.0,1.0,1.0,0,7668.0,0
0.0,1.0,1.0,0,19647.0,0
1.0,1.0,1.0,0,20840.0,0
0.0,1.0,1.0,0,99622.0,0
0.0,1.0,1.0,0,7242.0,0
0.0,1.0,1.0,0,12953.0,0
1.0,1.0,1.0,0,3964.0,0
0.0,1.0,1.0,0,16184.0,0
0.0,1.0,1.0,0,47303.0,0
0.0,1.0,1.0,0,79570.0,0
0.0,1.0,1.0,0,10769.0,0
0.0,1.0,1.0,0,63888.0,0
0.0,1.0,1.0,0,10645.0,0
0.0,1.0,1.0,0,52224.0,0
0.0,2.0,1.0,0,64.0,0
0.0,1.0,1.0,0,77153.0,0
0.0,1.0,1.0,0,31075.0,0
0.0,1.0,1.0,0,2044.0,0
0.0,1.0,1.0,0,9636.0,0
0.0,1.0,1.0,0,82674.0,0
0.0,1.0,1.0,0,5983.0,1
0.0,1.0,1.0,0,14435.0,1
1.0,1.0,1.0,0,19781.0,1
0.0,1.0,1.0,0,74706.0,1
0.0,1.0,1.0,0,17526.0,1
0.0,1.0,1.0,0,2024.0,1
0.0,1.0,1.0,0,55148.0,1
0.0,1.0,1.0,0,133734.0,1
1.0,1.0,1.0,0,29032.0,1
0.0,1.0,1.0,0,9499.0,1
0.0,1.0,1.0,0,5733.0,1
0.0,1.0,1.0,0,24244.0,1
1.0,1.0,1.0,0,0.0,0
0.0,1.0,1.0,0,7344.0,0
0.0,1.0,1.0,0,2453.0,0
0.0,1.0,1.0,0,6504.0,0
0.0,1.0,1.0,0,6538.0,0
0.0,1.0,1.0,0,28810.0,0
0.0,1.0,1.0,0,124951.0,0
0.0,1.0,1.0,0,90412.0,0
0.0,1.0,1.0,0,48218.0,0
0.0,1.0,1.0,0,4743.0,0
0.0,1.0,1.0,0,6526.0,0
0.0,1.0,1.0,0,148246.0,0
0.0,1.0,1.0,0,76922.0,0
0.0,1.0,1.0,0,7405.0,0
0.0,1.0,1.0,0,49983.0,0
0.0,1.0,1.0,0,4054.0,0
0.0,1.0,1.0,0,100097.0,0
0.0,1.0,1.0,0,85941.0,0
0.0,1.0,1.0,0,10692.0,0
0.0,1.0,1.0,0,18933.0,0
0.0,1.0,1.0,0,390.0,0
1.0,1.0,1.0,0,3365.0,0
0.0,1.0,1.0,0,9394.0,0
0.0,1.0,1.0,0,7622.0,0
0.0,1.0,1.0,0,845.0,0
0.0,1.0,1.0,0,834.0,0
0.0,1.0,1.0,0,770.0,0
0.0,1.0,1.0,0,718.0,0
0.0,1.0,1.0,0,515.0,0
0.0,1.0,1.0,0,416.0,0
0.0,1.0,1.0,0,28267.0,0
0.0,1.0,1.0,0,2584.0,0
0.0,1.0,1.0,0,2662.0,0
0.0,1.0,1.0,0,15584.0,0
0.0,1.0,1.0,0,42031.0,0
0.0,1.0,1.0,0,30384.0,0
1.0,1.0,1.0,0,25249.0,0
0.0,1.0,1.0,0,2016.0,0
0.0,1.0,1.0,0,20222.0,0
0.0,1.0,1.0,0,53273.0,0
0.0,1.0,1.0,0,41405.0,0
0.0,1.0,1.0,0,44608.0,0
0.0,1.0,1.0,0,4282.0,0
0.0,1.0,1.0,0,38874.0,0
0.0,1.0,1.0,0,25562.0,0
0.0,1.0,1.0,0,2886.0,0
1.0,1.0,1.0,0,40088.0,0
0.0,1.0,1.0,0,65091.0,0
0.0,1.0,1.0,0,38103.0,0
0.0,1.0,1.0,0,72085.0,0
0.0,1.0,1.0,0,13231.0,0
0.0,1.0,1.0,0,65291.0,0
1.0,1.0,1.0,0,47880.0,0
0.0,1.0,1.0,0,64055.0,0
0.0,1.0,1.0,0,16303.0,0
0.0,1.0,1.0,0,45072.0,0
0.0,1.0,1.0,0,142913.0,0
0.0,1.0,1.0,0,90373.0,0
0.0,1.0,1.0,0,104570.0,0
0.0,1.0,1.0,0,45127.0,0
1.0,1.0,1.0,0,19286.0,0
0.0,1.0,1.0,0,36065.0,0
0.0,1.0,1.0,0,34852.0,0
1.0,1.0,1.0,0,10890.0,0
0.0,1.0,1.0,0,41456.0,0
0.0,1.0,1.0,0,5132.0,0
1.0,1.0,1.0,0,3943.0,0
0.0,1.0,1.0,0,59666.0,0
0.0,1.0,1.0,0,40139.0,0
0.0,1.0,1.0,0,15547.0,0
0.0,1.0,1.0,0,17769.0,0
0.0,1.0,1.0,0,81579.0,0
0.0,1.0,1.0,0,67362.0,0
0.0,1.0,1.0,0,10719.0,0
0.0,1.0,1.0,0,8223.0,0
0.0,1.0,1.0,0,43437.0,0
0.0,1.0,1.0,0,4529.0,0
0.0,1.0,1.0,0,0.0,0
0.0,1.0,1.0,0,74197.0,0
0.0,1.0,1.0,0,95991.0,0
0.0,1.0,1.0,0,114701.0,0
0.0,1.0,1.0,0,20194.0,0
0.0,1.0,1.0,0,683.0,0
0.0,1.0,1.0,0,481.0,0
0.0,2.0,1.0,0,133.0,0
0.0,1.0,1.0,0,883.0,0
0.0,2.0,1.0,0,125.0,0
0.0,1.0,1.0,0,812.0,0
0.0,1.0,1.0,0,342.0,0
0.0,1.0,1.0,0,761.0,0
0.0,1.0,1.0,0,763.0,0
0.0,1.0,1.0,0,568.0,0
0.0,2.0,1.0,0,287.0,0
0.0,1.0,1.0,0,766.0,0
0.0,1.0,1.0,0,352.0,0
0.0,1.0,1.0,0,19601.0,0
0.0,1.0,1.0,0,11721.0,0
0.0,1.0,1.0,0,31160.0,0
0.0,1.0,1.0,0,22259.0,0
0.0,1.0,1.0,0,3626.0,0
0.0,2.0,1.0,0,275.0,0
0.0,1.0,1.0,0,853.0,0
0.0,1.0,1.0,0,565.0,0
0.0,1.0,1.0,0,255.0,0
0.0,2.0,1.0,0,240.0,0
0.0,1.0,1.0,0,266.0,0
0.0,1.0,1.0,0,155.0,0
0.0,1.0,1.0,0,500.0,0
0.0,1.0,1.0,0,737.0,0
0.0,1.0,1.0,0,153.0,0
0.0,1.0,1.0,0,679.0,0
0.0,1.0,1.0,0,258.0,0
0.0,1.0,1.0,0,406.0,0
0.0,1.0,1.0,0,555.0,0
0.0,2.0,1.0,0,162.0,0
0.0,1.0,1.0,0,43058.0,0
0.0,1.0,1.0,0,9264.0,0
0.0,1.0,1.0,0,20444.0,0
0.0,1.0,1.0,0,22043.0,0
0.0,1.0,1.0,0,52159.0,0
1.0,1.0,1.0,0,27972.0,0
0.0,1.0,1.0,0,21218.0,0
0.0,1.0,2.0,0,54.0,0
0.0,1.0,1.0,0,42617.0,0
0.0,1.0,1.0,0,9993.0,0
1.0,1.0,1.0,0,26872.0,0
0.0,1.0,1.0,0,88078.0,0
1.0,1.0,1.0,0,38462.0,0
0.0,1.0,1.0,0,2449.0,0
0.0,1.0,1.0,0,19033.0,0
0.0,1.0,1.0,0,27119.0,0
0.0,1.0,1.0,0,94757.0,0
0.0,1.0,1.0,0,38015.0,0
0.0,1.0,1.0,0,46994.0,0
0.0,1.0,1.0,0,11285.0,0
0.0,1.0,1.0,0,47105.0,0
0.0,1.0,1.0,0,128421.0,0
0.0,1.0,1.0,0,8194.0,0
0.0,1.0,1.0,0,28016.0,0
0.0,1.0,1.0,0,20506.0,0
0.0,1.0,1.0,0,51601.0,0
1.0,1.0,1.0,0,54318.0,0
0.0,1.0,1.0,0,121044.0,0
0.0,1.0,1.0,0,101854.0,0
0.0,1.0,1.0,0,14667.0,0
0.0,1.0,1.0,0,15565.0,0
0.0,1.0,1.0,0,45215.0,0
0.0,1.0,1.0,0,13925.0,0
1.0,1.0,1.0,0,42966.0,0
0.0,1.0,1.0,0,37211.0,0
0.0,1.0,1.0,0,2445.0,0
0.0,1.0,1.0,0,83793.0,0
0.0,1.0,1.0,0,36370.0,0
1.0,1.0,1.0,0,55605.0,0
0.0,1.0,1.0,0,6289.0,0
0.0,1.0,1.0,0,23817.0,0
0.0,1.0,1.0,0,22354.0,0
0.0,1.0,1.0,0,17641.0,0
0.0,1.0,1.0,0,30555.0,0
1.0,1.0,1.0,0,106138.0,0
0.0,1.0,1.0,0,23889.0,0
0.0,1.0,1.0,0,45577.0,0
0.0,1.0,1.0,0,26132.0,0
0.0,1.0,1.0,0,36681.0,0
0.0,1.0,1.0,0,77207.0,0
0.0,1.0,1.0,0,14847.0,0
0.0,1.0,1.0,0,69992.0,0
0.0,1.0,1.0,0,24302.0,0
0.0,1.0,1.0,0,12350.0,0
1.0,1.0,1.0,0,19503.0,0
0.0,1.0,1.0,0,0.0,0
0.0,1.0,1.0,0,8342.0,0
0.0,1.0,1.0,0,4189.0,0
0.0,1.0,1.0,0,12297.0,0
0.0,1.0,1.0,0,22043.0,0
0.0,1.0,1.0,0,20039.0,0
1.0,1.0,1.0,0,60481.0,0
0.0,1.0,1.0,0,125769.0,0
0.0,1.0,1.0,0,21947.0,0
0.0,1.0,1.0,0,16291.0,0
0.0,1.0,1.0,0,92219.0,0
0.0,1.0,1.0,0,2418.0,0
0.0,1.0,1.0,0,15863.0,0
0.0,1.0,1.0,0,17201.0,0
0.0,1.0,1.0,0,18371.0,0
0.0,1.0,1.0,0,11559.0,0
0.0,1.0,1.0,0,33766.0,0
0.0,1.0,1.0,0,24102.0,0
0.0,1.0,1.0,0,95303.0,0
0.0,1.0,1.0,0,4494.0,0
1.0,1.0,1.0,0,74792.0,0
0.0,1.0,1.0,0,45185.0,0
0.0,1.0,1.0,0,14537.0,0
0.0,1.0,1.0,0,4252.0,0
0.0,1.0,1.0,0,57584.0,0
0.0,1.0,1.0,0,3872.0,0
0.0,1.0,1.0,0,33439.0,0
0.0,1.0,1.0,0,22471.0,0
0.0,1.0,1.0,0,5460.0,0
0.0,1.0,1.0,0,10896.0,0
0.0,1.0,1.0,0,60363.0,0
0.0,1.0,1.0,0,1174.0,0
0.0,1.0,1.0,0,2888.0,0
0.0,1.0,1.0,0,16502.0,0
0.0,1.0,1.0,0,24841.0,0
0.0,1.0,1.0,0,44188.0,0
0.0,1.0,1.0,0,64091.0,0
0.0,1.0,1.0,0,195617.0,0
1.0,1.0,1.0,0,7099.0,0
1.0,1.0,1.0,0,37561.0,0
1.0,1.0,1.0,0,33769.0,0
0.0,1.0,1.0,0,6488.0,0
0.0,1.0,1.0,0,14952.0,0
0.0,1.0,1.0,0,3842.0,0
0.0,1.0,1.0,0,5062.0,0
0.0,1.0,1.0,0,9941.0,0
0.0,1.0,1.0,0,38476.0,0
0.0,1.0,1.0,0,74168.0,0
0.0,1.0,1.0,0,17976.0,0
0.0,1.0,1.0,0,40448.0,0
0.0,1.0,1.0,0,43218.0,0
0.0,1.0,1.0,0,6049.0,0
1.0,1.0,1.0,0,29982.0,0
0.0,1.0,1.0,0,24055.0,0
0.0,1.0,1.0,0,39223.0,0
0.0,1.0,1.0,0,61886.0,0
0.0,1.0,1.0,0,2429.0,0
0.0,1.0,1.0,0,19593.0,0
0.0,1.0,1.0,0,23071.0,0
0.0,1.0,1.0,0,28992.0,0
0.0,1.0,1.0,0,31260.0,0
0.0,1.0,1.0,0,44512.0,0
0.0,1.0,1.0,0,3733.0,0
1.0,1.0,1.0,0,3924.0,0
0.0,1.0,1.0,0,64174.0,0
0.0,1.0,1.0,0,18103.0,0
0.0,1.0,1.0,0,78550.0,0
0.0,1.0,1.0,0,18581.0,0
0.0,1.0,1.0,0,43041.0,0
0.0,1.0,1.0,0,11266.0,0
0.0,1.0,1.0,0,20157.0,0
0.0,1.0,1.0,0,9084.0,0
0.0,1.0,1.0,0,22582.0,0
0.0,1.0,1.0,0,2363.0,0
0.0,1.0,1.0,0,6989.0,0
0.0,1.0,1.0,0,27390.0,0
0.0,1.0,1.0,0,3117.0,0
0.0,1.0,1.0,0,15408.0,0
0.0,1.0,1.0,0,47704.0,0
0.0,1.0,1.0,0,3139.0,0
0.0,1.0,1.0,0,17985.0,0
0.0,1.0,1.0,0,26755.0,0
0.0,1.0,1.0,0,5629.0,0
0.0,1.0,1.0,0,62625.0,0
0.0,1.0,1.0,0,12247.0,0
0.0,1.0,1.0,0,0.0,0
1.0,1.0,1.0,0,22508.0,0
0.0,1.0,1.0,0,9354.0,0
0.0,1.0,1.0,0,3498.0,0
0.0,1.0,1.0,0,60943.0,0
0.0,1.0,1.0,0,11779.0,0
0.0,1.0,1.0,0,887.0,0
1.0,1.0,1.0,0,33208.0,0
0.0,1.0,1.0,0,11851.0,0
0.0,1.0,1.0,0,26172.0,0
1.0,1.0,1.0,0,3441.0,0
0.0,1.0,1.0,0,53189.0,0
0.0,1.0,1.0,0,39136.0,0
0.0,1.0,1.0,0,1240.0,0
0.0,1.0,1.0,0,19342.0,0
0.0,1.0,1.0,0,35859.0,0
0.0,1.0,1.0,0,28642.0,0
1.0,1.0,1.0,0,19311.0,0
0.0,1.0,1.0,0,96390.0,0
0.0,1.0,1.0,0,49933.0,0
0.0,1.0,1.0,0,19452.0,0
1.0,1.0,1.0,0,6971.0,0
0.0,1.0,1.0,0,49960.0,0
0.0,1.0,1.0,0,21696.0,0
0.0,1.0,1.0,0,83043.0,0
0.0,1.0,1.0,0,6893.0,0
0.0,1.0,1.0,0,51646.0,0
0.0,1.0,1.0,0,19552.0,0
0.0,1.0,1.0,0,17074.0,0
0.0,1.0,1.0,0,45037.0,0
0.0,1.0,1.0,0,28883.0,0
1.0,1.0,1.0,0,91295.0,0
0.0,1.0,1.0,0,52319.0,0
0.0,1.0,1.0,0,6313.0,0
0.0,1.0,1.0,0,2849.0,0
0.0,1.0,1.0,0,8791.0,0
0.0,1.0,1.0,0,3366.0,0
0.0,1.0,1.0,0,45223.0,0
1.0,1.0,1.0,0,33944.0,0
0.0,1.0,1.0,0,61300.0,0
0.0,1.0,1.0,0,8917.0,0
1.0,1.0,1.0,0,1391.0,0
0.0,1.0,1.0,0,48517.0,0
0.0,1.0,1.0,0,9142.0,0
0.0,1.0,1.0,0,26722.0,0
0.0,1.0,1.0,0,33325.0,0
0.0,1.0,1.0,0,30293.0,0
0.0,1.0,1.0,0,242708.0,0
0.0,1.0,1.0,0,12484.0,0
0.0,1.0,1.0,0,19668.0,0
0.0,1.0,1.0,0,41862.0,0
0.0,1.0,1.0,0,10720.0,0
0.0,1.0,1.0,0,56937.0,0
0.0,1.0,1.0,0,130817.0,0
0.0,1.0,1.0,0,78834.0,0
0.0,1.0,1.0,0,16613.0,0
0.0,1.0,1.0,0,43912.0,0
0.0,1.0,1.0,0,148023.0,0
0.0,1.0,1.0,0,3886.0,0
1.0,1.0,1.0,0,35250.0,0
0.0,1.0,1.0,0,43992.0,0
0.0,1.0,1.0,0,5312.0,0
1.0,1.0,1.0,0,26779.0,0
0.0,1.0,1.0,0,14705.0,0
0.0,1.0,1.0,0,2737.0,0
0.0,1.0,1.0,0,62354.0,0
0.0,1.0,1.0,0,27910.0,0
0.0,1.0,1.0,0,73823.0,0
0.0,1.0,1.0,0,39551.0,0
0.0,1.0,1.0,0,21637.0,0
0.0,1.0,1.0,0,40479.0,0
0.0,1.0,1.0,0,1846.0,0
0.0,1.0,1.0,0,9036.0,0
0.0,1.0,1.0,0,0.0,0
0.0,1.0,1.0,0,21399.0,0
0.0,1.0,1.0,0,35339.0,0
0.0,1.0,1.0,0,18857.0,0
0.0,1.0,1.0,0,4607.0,0
0.0,1.0,1.0,0,10610.0,0
0.0,1.0,1.0,0,14610.0,0
1.0,1.0,1.0,0,12257.0,0
0.0,1.0,1.0,0,65655.0,0
0.0,1.0,1.0,0,13985.0,0
0.0,1.0,1.0,0,5359.0,0
0.0,1.0,1.0,0,57501.0,0
0.0,1.0,1.0,0,63678.0,0
0.0,1.0,1.0,0,2555.0,0
0.0,1.0,1.0,0,58409.0,0
0.0,1.0,1.0,0,23505.0,0
0.0,1.0,1.0,0,44068.0,0
0.0,1.0,1.0,0,49190.0,0
0.0,1.0,1.0,0,67271.0,0
0.0,1.0,1.0,0,13595.0,0
0.0,1.0,1.0,0,40104.0,0
0.0,1.0,1.0,0,142210.0,0
0.0,1.0,1.0,0,2131.0,0
0.0,1.0,1.0,0,77895.0,0
1.0,1.0,1.0,0,41045.0,0
0.0,1.0,1.0,0,8005.0,0
1.0,1.0,1.0,0,23838.0,0
0.0,1.0,1.0,0,11422.0,0
0.0,1.0,1.0,0,10251.0,0
0.0,1.0,1.0,0,64766.0,0
0.0,1.0,1.0,0,33073.0,0
0.0,1.0,1.0,0,52115.0,0
0.0,1.0,1.0,0,37794.0,0
0.0,1.0,1.0,0,36694.0,0
0.0,1.0,1.0,0,52954.0,0
0.0,1.0,1.0,0,17881.0,0
0.0,1.0,1.0,0,8917.0,0
0.0,1.0,1.0,0,17602.0,0
0.0,1.0,1.0,0,30740.0,0
0.0,1.0,1.0,0,3312.0,0
1.0,1.0,1.0,0,91904.0,0
0.0,1.0,1.0,0,39670.0,0
0.0,1.0,1.0,0,48777.0,0
0.0,1.0,1.0,0,42049.0,0
1.0,1.0,1.0,0,26326.0,0
0.0,1.0,1.0,0,92538.0,0
0.0,1.0,1.0,0,35889.0,0
0.0,1.0,1.0,0,20011.0,0
0.0,1.0,1.0,0,1082.0,0
0.0,1.0,1.0,0,752.0,0
0.0,1.0,1.0,0,105129.0,0
0.0,1.0,1.0,0,141638.0,0
0.0,1.0,1.0,0,44482.0,0
0.0,1.0,1.0,0,20376.0,0
0.0,1.0,1.0,0,79350.0,0
0.0,1.0,1.0,0,28423.0,0
0.0,1.0,1.0,0,34888.0,0
0.0,1.0,1.0,0,127027.0,0
0.0,1.0,1.0,0,28538.0,0
0.0,1.0,1.0,0,24182.0,0
0.0,1.0,1.0,0,19640.0,0
0.0,1.0,1.0,0,64152.0,0
0.0,1.0,1.0,0,58388.0,0
0.0,1.0,1.0,0,1761.0,0
1.0,1.0,1.0,0,400.0,0
0.0,1.0,1.0,0,19471.0,0
0.0,1.0,1.0,0,0.0,0
0.0,1.0,1.0,0,28786.0,0
0.0,1.0,1.0,0,8917.0,0
0.0,1.0,1.0,0,1374.0,0
0.0,1.0,1.0,0,20323.0,0
0.0,1.0,1.0,0,29232.0,0
0.0,1.0,1.0,0,28949.0,0
1.0,1.0,1.0,0,17166.0,0
0.0,1.0,1.0,0,226427.0,0
0.0,1.0,1.0,0,39269.0,0
0.0,1.0,1.0,0,46998.0,0
0.0,1.0,1.0,0,37221.0,0
0.0,1.0,1.0,0,25823.0,0
0.0,1.0,1.0,0,39588.0,0
0.0,1.0,1.0,0,5805.0,0
0.0,1.0,1.0,0,4601.0,0
0.0,1.0,1.0,0,67033.0,0
0.0,1.0,1.0,0,129031.0,0
0.0,1.0,1.0,0,145043.0,0
0.0,1.0,1.0,0,16504.0,0
0.0,1.0,1.0,0,6097.0,0
0.0,1.0,1.0,0,16883.0,0
1.0,1.0,1.0,0,19883.0,0
0.0,1.0,1.0,0,40526.0,0
1.0,1.0,1.0,0,22542.0,0
0.0,1.0,1.0,0,31365.0,0
0.0,1.0,1.0,0,23852.0,0
0.0,1.0,1.0,0,105077.0,0
0.0,1.0,1.0,0,2999.0,0
0.0,1.0,1.0,0,2183.0,0
0.0,1.0,1.0,0,2756.0,0
0.0,1.0,1.0,0,4679.0,0
0.0,1.0,1.0,0,164465.0,0
0.0,1.0,1.0,0,65555.0,0
0.0,1.0,1.0,0,24359.0,0
0.0,1.0,1.0,0,42471.0,0
0.0,1.0,1.0,0,11115.0,0
0.0,1.0,1.0,0,29534.0,0
0.0,1.0,1.0,0,62614.0,0
0.0,1.0,1.0,0,5827.0,0
0.0,1.0,1.0,0,8125.0,0
0.0,1.0,1.0,0,10173.0,0
0.0,1.0,1.0,0,32740.0,0
0.0,1.0,1.0,0,199663.0,0
0.0,1.0,1.0,0,11539.0,0
0.0,1.0,1.0,0,31034.0,0
0.0,1.0,1.0,0,2028.0,0
0.0,1.0,1.0,0,16490.0,0
0.0,1.0,1.0,0,41310.0,0
0.0,1.0,1.0,0,123115.0,0
0.0,1.0,1.0,0,98811.0,0
0.0,1.0,1.0,0,40208.0,0
0.0,1.0,1.0,0,5615.0,0
0.0,1.0,1.0,0,5877.0,0
0.0,1.0,1.0,0,8872.0,0
1.0,1.0,1.0,0,12802.0,0
0.0,1.0,1.0,0,26084.0,0
0.0,1.0,1.0,0,2810.0,0
0.0,1.0,1.0,0,4293.0,0
0.0,1.0,1.0,0,1331.0,0
0.0,1.0,1.0,0,1238.0,0
0.0,1.0,1.0,0,5012.0,0
0.0,1.0,1.0,0,9382.0,0
0.0,1.0,1.0,0,6396.0,0
0.0,1.0,1.0,0,57492.0,0
1.0,1.0,1.0,0,52974.0,0
0.0,1.0,1.0,0,10041.0,0
0.0,1.0,1.0,0,10641.0,0
0.0,1.0,1.0,0,23443.0,0
0.0,1.0,1.0,0,27856.0,0
0.0,1.0,1.0,0,9217.0,0
0.0,1.0,1.0,0,6742.0,0
0.0,1.0,1.0,0,38349.0,0
0.0,1.0,1.0,0,13135.0,0
0.0,1.0,1.0,0,0.0,0
1.0,1.0,1.0,0,17527.0,0
1.0,1.0,1.0,0,1383.0,0
0.0,1.0,1.0,0,13181.0,0
0.0,1.0,1.0,0,60248.0,0
0.0,1.0,1.0,0,63890.0,0
0.0,1.0,1.0,0,33710.0,0
0.0,1.0,1.0,0,25005.0,0
0.0,1.0,1.0,0,18344.0,0
1.0,1.0,1.0,0,11937.0,0
0.0,1.0,1.0,0,16604.0,0
0.0,1.0,1.0,0,19326.0,0
0.0,1.0,1.0,0,99762.0,0
0.0,1.0,1.0,0,8313.0,0
0.0,1.0,1.0,0,64287.0,0
0.0,1.0,1.0,0,33727.0,0
1.0,1.0,1.0,0,34586.0,0
0.0,1.0,1.0,0,30120.0,0
0.0,1.0,1.0,0,157898.0,0
0.0,1.0,1.0,0,10963.0,0
0.0,1.0,1.0,0,46634.0,0
0.0,1.0,1.0,0,1420.0,0
0.0,1.0,1.0,0,42972.0,0
0.0,1.0,1.0,0,11340.0,0
0.0,1.0,1.0,0,9288.0,0
0.0,1.0,1.0,0,69706.0,0
0.0,1.0,1.0,0,2712.0,0
0.0,1.0,1.0,0,19606.0,0
0.0,1.0,1.0,0,30032.0,0
0.0,1.0,1.0,0,38572.0,0
0.0,1.0,1.0,0,40427.0,0
0.0,1.0,1.0,0,8723.0,0
0.0,1.0,1.0,0,38723.0,0
0.0,1.0,1.0,0,39781.0,0
0.0,1.0,1.0,0,7331.0,0
0.0,1.0,1.0,0,15907.0,0
0.0,1.0,1.0,0,12429.0,0
0.0,1.0,1.0,0,11410.0,0
0.0,1.0,1.0,0,74459.0,0
0.0,1.0,1.0,0,37527.0,0
0.0,1.0,1.0,0,14425.0,0
0.0,1.0,1.0,0,63949.0,0
0.0,1.0,1.0,0,8298.0,0
0.0,1.0,1.0,0,5373.0,0
0.0,1.0,1.0,0,76291.0,0
0.0,1.0,1.0,0,26168.0,0
0.0,1.0,1.0,0,39816.0,0
1.0,1.0,1.0,0,59750.0,0
0.0,1.0,1.0,0,42598.0,0
0.0,1.0,1.0,0,8536.0,0
0.0,1.0,1.0,0,22934.0,0
0.0,1.0,1.0,0,8895.0,0
0.0,1.0,1.0,0,102192.0,0
0.0,1.0,1.0,0,39446.0,0
0.0,1.0,1.0,0,46036.0,0
0.0,1.0,1.0,0,99066.0,0
0.0,1.0,1.0,0,37708.0,0
0.0,1.0,1.0,0,7320.0,0
0.0,1.0,1.0,0,32068.0,0
0.0,1.0,1.0,0,46082.0,0
0.0,1.0,1.0,0,7980.0,0
0.0,1.0,1.0,0,22031.0,0
0.0,1.0,1.0,0,8952.0,0
0.0,1.0,1.0,0,35479.0,0
1.0,1.0,1.0,0,40994.0,0
0.0,1.0,1.0,0,1517.0,0
1.0,1.0,1.0,0,29985.0,0
0.0,1.0,1.0,0,7313.0,0
0.0,1.0,1.0,0,10696.0,0
0.0,1.0,1.0,0,41726.0,0
0.0,1.0,1.0,0,37229.0,0
0.0,1.0,1.0,0,16288.0,0
0.0,1.0,1.0,0,47811.0,0
0.0,1.0,1.0,0,25802.0,0
0.0,1.0,1.0,0,26299.0,0
0.0,2.0,1.0,0,260.0,0
0.0,1.0,1.0,0,37004.0,0
1.0,1.0,1.0,0,24195.0,0
0.0,1.0,1.0,0,4429.0,0
0.0,1.0,1.0,0,39634.0,0
0.0,1.0,1.0,0,0.0,0
0.0,1.0,1.0,0,5238.0,0
0.0,1.0,1.0,0,7750.0,0
0.0,1.0,1.0,0,77937.0,0
0.0,1.0,1.0,0,1610.0,0
0.0,1.0,1.0,0,113647.0,0
0.0,1.0,1.0,0,42347.0,0
0.0,1.0,1.0,0,26008.0,0
0.0,1.0,1.0,0,35884.0,0
0.0,1.0,1.0,0,19716.0,0
0.0,1.0,1.0,0,757.0,0
1.0,1.0,1.0,0,31059.0,0
0.0,1.0,1.0,0,65408.0,0
0.0,1.0,1.0,0,10851.0,0
0.0,1.0,1.0,0,81610.0,0
0.0,1.0,1.0,0,66414.0,0
0.0,1.0,1.0,0,11375.0,0
0.0,1.0,1.0,0,10236.0,0
0.0,1.0,1.0,0,117140.0,0
0.0,1.0,1.0,0,648.0,0
0.0,1.0,1.0,0,69963.0,0
0.0,1.0,1.0,0,38718.0,0
0.0,1.0,1.0,0,2111.0,0
0.0,1.0,1.0,0,14517.0,0
0.0,1.0,1.0,0,28120.0,0
0.0,1.0,1.0,0,48455.0,0
0.0,1.0,1.0,0,4693.0,0
0.0,1.0,1.0,0,14488.0,0
0.0,1.0,1.0,0,23424.0,0
0.0,1.0,1.0,0,10967.0,0
0.0,1.0,1.0,0,13398.0,0
0.0,1.0,1.0,0,50022.0,0
0.0,1.0,1.0,0,59444.0,0
0.0,1.0,1.0,0,45230.0,0
1.0,1.0,1.0,0,37021.0,0
0.0,1.0,1.0,0,31248.0,0
0.0,1.0,1.0,0,11052.0,0
1.0,1.0,1.0,0,36451.0,0
0.0,1.0,1.0,0,57867.0,0
0.0,1.0,1.0,0,13391.0,0
0.0,1.0,1.0,0,5136.0,0
0.0,1.0,1.0,0,106937.0,0
0.0,1.0,1.0,0,9925.0,0
0.0,1.0,1.0,0,52081.0,0
0.0,1.0,1.0,0,204566.0,0
0.0,1.0,1.0,0,53500.0,0
0.0,2.0,1.0,0,269.0,0
0.0,1.0,1.0,0,15401.0,0
0.0,1.0,1.0,0,32005.0,0
0.0,1.0,1.0,0,75718.0,0
0.0,1.0,1.0,0,12249.0,0
0.0,1.0,1.0,0,7619.0,0
0.0,1.0,1.0,0,8862.0,0
0.0,1.0,1.0,0,12318.0,0
1.0,1.0,1.0,0,11335.0,0
0.0,1.0,1.0,0,3498.0,0
0.0,1.0,1.0,0,29597.0,0
0.0,2.0,1.0,0,65.0,1
0.0,1.0,1.0,0,6589.0,1
0.0,1.0,1.0,0,6362.0,1
0.0,1.0,1.0,0,85320.0,1
0.0,1.0,1.0,0,55747.0,1
0.0,1.0,1.0,0,51781.0,1
0.0,1.0,1.0,0,45766.0,1
0.0,1.0,1.0,0,15838.0,1
0.0,1.0,1.0,0,49239.0,1
0.0,1.0,1.0,0,62958.0,1
0.0,1.0,1.0,0,33833.0,1
0.0,1.0,1.0,0,30205.0,1
0.0,1.0,1.0,0,27211.0,1
0.0,1.0,1.0,0,29422.0,1
0.0,1.0,1.0,0,0.0,0
0.0,1.0,1.0,0,3273.0,0
0.0,1.0,1.0,0,6041.0,0
0.0,1.0,1.0,0,202006.0,0
0.0,1.0,1.0,0,64662.0,0
1.0,1.0,1.0,0,4061.0,0
0.0,1.0,1.0,0,19406.0,0
0.0,1.0,1.0,0,32549.0,0
1.0,1.0,1.0,0,11234.0,0
0.0,1.0,1.0,0,12495.0,0
0.0,1.0,1.0,0,1803.0,0
0.0,1.0,1.0,0,19425.0,0
0.0,1.0,1.0,0,51063.0,0
1.0,1.0,1.0,0,28112.0,0
0.0,1.0,1.0,0,1923.0,0
0.0,1.0,1.0,0,38510.0,0
0.0,1.0,1.0,0,15522.0,0
0.0,1.0,1.0,0,37628.0,0
0.0,1.0,1.0,0,4962.0,0
0.0,1.0,1.0,0,28715.0,0
0.0,1.0,1.0,0,37909.0,0
0.0,1.0,1.0,0,21451.0,0
0.0,1.0,1.0,0,79318.0,0
0.0,1.0,1.0,0,3032.0,0
0.0,1.0,1.0,0,9139.0,0
0.0,1.0,1.0,0,40655.0,0
0.0,1.0,1.0,0,5552.0,0
0.0,1.0,1.0,0,48068.0,0
0.0,1.0,1.0,0,32695.0,0
0.0,1.0,1.0,0,39843.0,0
0.0,1.0,1.0,0,9658.0,0
0.0,1.0,1.0,0,7541.0,0
0.0,1.0,1.0,0,57116.0,0
0.0,1.0,1.0,0,27532.0,0
0.0,1.0,1.0,0,32372.0,0
0.0,1.0,1.0,0,9975.0,0
0.0,1.0,1.0,0,7814.0,0
0.0,1.0,1.0,0,140322.0,0
0.0,1.0,1.0,0,18847.0,0
0.0,1.0,1.0,0,15155.0,0
0.0,1.0,1.0,0,9147.0,0
0.0,1.0,1.0,0,35050.0,0
0.0,1.0,1.0,0,16685.0,0
1.0,1.0,1.0,0,4875.0,0
1.0,1.0,1.0,0,51098.0,0
0.0,1.0,1.0,0,34382.0,0
0.0,1.0,1.0,0,25550.0,0
0.0,1.0,1.0,0,33839.0,0
0.0,1.0,1.0,0,8771.0,0
0.0,1.0,1.0,0,21497.0,0
0.0,1.0,1.0,0,74026.0,0
0.0,2.0,1.0,0,180.0,0
0.0,1.0,1.0,0,26535.0,0
0.0,1.0,1.0,0,7415.0,0
0.0,1.0,1.0,0,12993.0,0
0.0,1.0,1.0,0,173419.0,0
0.0,1.0,1.0,0,13341.0,0
0.0,1.0,1.0,0,162118.0,0
0.0,1.0,1.0,0,17926.0,0
0.0,1.0,1.0,0,6662.0,0
0.0,1.0,1.0,0,50011.0,0
0.0,1.0,1.0,0,39011.0,0
0.0,1.0,1.0,0,3190.0,0
0.0,1.0,1.0,0,53506.0,0
0.0,1.0,1.0,0,26892.0,0
0.0,1.0,1.0,0,70900.0,0
0.0,1.0,1.0,0,20205.0,0
0.0,1.0,1.0,0,13861.0,0
0.0,1.0,1.0,0,53093.0,0
0.0,1.0,1.0,0,744.0,0
0.0,1.0,1.0,0,12257.0,0
0.0,1.0,1.0,0,33168.0,0
0.0,1.0,1.0,0,54565.0,0
0.0,1.0,1.0,0,31197.0,0
0.0,1.0,1.0,0,1805.0,0
0.0,1.0,1.0,0,72452.0,0
0.0,1.0,1.0,0,15357.0,0
0.0,1.0,1.0,0,0.0,0
0.0,1.0,1.0,0,8063.0,0
0.0,1.0,1.0,0,33844.0,0
0.0,1.0,1.0,0,21241.0,0
0.0,1.0,1.0,0,6269.0,0
0.0,1.0,1.0,0,65044.0,0
0.0,1.0,1.0,0,49845.0,0
1.0,1.0,1.0,0,18162.0,0
0.0,1.0,1.0,0,7688.0,0
0.0,1.0,1.0,0,2572.0,0
0.0,1.0,1.0,0,19974.0,0
0.0,1.0,1.0,0,61929.0,0
0.0,1.0,1.0,0,518.0,0
0.0,1.0,1.0,0,10497.0,0
1.0,1.0,1.0,0,52557.0,0
0.0,1.0,1.0,0,822.0,0
0.0,1.0,1.0,0,98236.0,0
0.0,1.0,1.0,0,71266.0,0
0.0,1.0,1.0,0,28931.0,0
0.0,1.0,1.0,0,16960.0,0
0.0,1.0,1.0,0,40878.0,0
0.0,1.0,1.0,0,88125.0,0
0.0,1.0,1.0,0,123790.0,0
0.0,1.0,1.0,0,56084.0,0
0.0,1.0,1.0,0,82621.0,0
0.0,1.0,1.0,0,5753.0,0
0.0,1.0,1.0,0,70178.0,0
0.0,1.0,1.0,0,140405.0,0
1.0,1.0,1.0,0,53410.0,0
0.0,1.0,1.0,0,6977.0,0
0.0,1.0,1.0,0,38530.0,0
0.0,1.0,1.0,0,12993.0,0
0.0,1.0,1.0,0,12368.0,0
0.0,1.0,1.0,0,8571.0,0
0.0,1.0,1.0,0,46919.0,0
0.0,1.0,1.0,0,72014.0,0
0.0,1.0,1.0,0,14506.0,0
0.0,1.0,1.0,0,56719.0,0
1.0,1.0,1.0,0,39983.0,0
0.0,1.0,1.0,0,48258.0,0
0.0,1.0,1.0,0,23931.0,0
0.0,1.0,1.0,0,14531.0,0
0.0,1.0,1.0,0,17122.0,0
0.0,1.0,1.0,0,23350.0,0
0.0,1.0,1.0,0,34379.0,0
0.0,1.0,1.0,0,1737.0,0
0.0,1.0,1.0,0,44374.0,0
0.0,1.0,1.0,0,4005.0,0
0.0,1.0,1.0,0,23194.0,0
0.0,1.0,1.0,0,1652.0,0
0.0,1.0,1.0,0,48049.0,0
0.0,1.0,1.0,0,22267.0,0
0.0,1.0,1.0,0,11475.0,0
0.0,1.0,1.0,0,8378.0,0
0.0,1.0,1.0,0,25587.0,0
0.0,1.0,1.0,0,13189.0,0
0.0,1.0,1.0,0,42977.0,0
0.0,1.0,1.0,0,25749.0,0
0.0,1.0,1.0,0,70224.0,0
0.0,1.0,1.0,0,3299.0,0
0.0,1.0,1.0,0,74509.0,0
0.0,1.0,1.0,0,2154.0,0
0.0,1.0,1.0,0,140224.0,0
0.0,1.0,1.0,0,6733.0,0
0.0,1.0,1.0,0,6357.0,0
0.0,1.0,1.0,0,108103.0,0
0.0,1.0,1.0,0,31988.0,0
0.0,1.0,1.0,0,14935.0,0
0.0,1.0,1.0,0,4583.0,0
0.0,1.0,1.0,0,18967.0,0
0.0,1.0,1.0,0,22299.0,0
0.0,1.0,1.0,0,1006.0,0
0.0,1.0,1.0,0,18234.0,0
0.0,1.0,1.0,0,42409.0,0
0.0,1.0,1.0,0,9323.0,0
0.0,1.0,1.0,0,2535.0,0
0.0,1.0,1.0,0,0.0,0
0.0,1.0,1.0,0,22172.0,0
0.0,1.0,1.0,0,24377.0,0
0.0,1.0,1.0,0,7392.0,0
0.0,1.0,1.0,0,13277.0,0
0.0,1.0,1.0,0,92951.0,0
0.0,1.0,1.0,0,104302.0,0
0.0,1.0,1.0,0,38661.0,0
0.0,1.0,1.0,0,3195.0,0
0.0,1.0,1.0,0,15150.0,0
0.0,1.0,1.0,0,6766.0,0
0.0,1.0,1.0,0,23775.0,0
0.0,1.0,1.0,0,22601.0,0
0.0,1.0,1.0,0,36463.0,0
0.0,1.0,1.0,0,51400.0,0
0.0,1.0,1.0,0,33921.0,0
0.0,1.0,1.0,0,78268.0,0
0.0,1.0,1.0,0,29300.0,0
0.0,1.0,1.0,0,18143.0,0
0.0,1.0,1.0,0,10377.0,0
0.0,1.0,1.0,0,13060.0,0
0.0,1.0,1.0,0,55289.0,0
0.0,1.0,1.0,0,74566.0,0
0.0,1.0,1.0,0,9144.0,0
0.0,1.0,1.0,0,63413.0,0
0.0,1.0,1.0,0,6600.0,0
0.0,1.0,1.0,0,48856.0,0
1.0,1.0,1.0,0,13435.0,0
0.0,1.0,1.0,0,4009.0,0
0.0,1.0,1.0,0,81270.0,0
0.0,1.0,1.0,0,15350.0,0
0.0,1.0,1.0,0,66126.0,0
0.0,1.0,1.0,0,2450.0,0
0.0,1.0,1.0,0,31039.0,0
0.0,1.0,1.0,0,167195.0,0
0.0,1.0,1.0,0,35342.0,0
0.0,1.0,1.0,0,578.0,0
0.0,1.0,1.0,0,95873.0,0
0.0,1.0,1.0,0,1057.0,0
0.0,1.0,1.0,0,24208.0,0
0.0,1.0,1.0,0,64676.0,0
0.0,1.0,1.0,0,106608.0,0
0.0,1.0,1.0,0,1678.0,0
0.0,1.0,1.0,0,215014.0,0
1.0,1.0,1.0,0,23304.0,0
0.0,1.0,1.0,0,2001.0,0
0.0,1.0,1.0,0,3183.0,0
0.0,1.0,1.0,0,22864.0,0
0.0,1.0,1.0,0,22204.0,0
0.0,1.0,1.0,0,310.0,0
0.0,1.0,1.0,0,77964.0,0
0.0,1.0,1.0,0,33869.0,0
0.0,1.0,1.0,0,3786.0,0
0.0,1.0,1.0,0,34226.0,0
0.0,1.0,1.0,0,9057.0,0
0.0,1.0,1.0,0,41088.0,0
0.0,1.0,1.0,0,52755.0,0
0.0,1.0,1.0,0,67629.0,0
0.0,1.0,1.0,0,165297.0,0
0.0,1.0,1.0,0,27337.0,0
1.0,1.0,1.0,0,13993.0,0
1.0,1.0,1.0,0,22987.0,0
0.0,1.0,1.0,0,23025.0,0
0.0,1.0,1.0,0,30853.0,0
0.0,1.0,1.0,0,20205.0,0
0.0,1.0,1.0,0,15734.0,0
0.0,1.0,1.0,0,36343.0,0
0.0,1.0,1.0,0,0.0,0
0.0,1.0,1.0,0,7147.0,0
0.0,1.0,1.0,0,54236.0,0
0.0,1.0,1.0,0,45848.0,0
0.0,1.0,1.0,0,101068.0,0
0.0,1.0,1.0,0,929.0,0
0.0,1.0,1.0,0,26149.0,0
0.0,1.0,1.0,0,48126.0,0
0.0,1.0,1.0,0,138993.0,0
0.0,1.0,1.0,0,14843.0,0
0.0,1.0,1.0,0,32464.0,0
0.0,1.0,1.0,0,57039.0,0
0.0,1.0,1.0,0,27783.0,0
0.0,1.0,1.0,0,114520.0,0
0.0,1.0,1.0,0,36711.0,0
0.0,1.0,1.0,0,55323.0,0
0.0,1.0,1.0,0,13089.0,0
0.0,1.0,1.0,0,23991.0,0
0.0,1.0,1.0,0,93501.0,0
0.0,1.0,1.0,0,47237.0,0
0.0,1.0,1.0,0,63818.0,0
0.0,1.0,1.0,0,73952.0,0
1.0,1.0,1.0,0,632.0,0
0.0,1.0,1.0,0,53505.0,0
0.0,1.0,1.0,0,36949.0,0
0.0,1.0,1.0,0,385.0,0
0.0,1.0,1.0,0,19208.0,0
0.0,1.0,1.0,0,1560.0,0
0.0,1.0,1.0,0,9143.0,0
0.0,1.0,1.0,0,70810.0,0
0.0,1.0,1.0,0,36609.0,0
1.0,1.0,1.0,0,11972.0,0
0.0,1.0,1.0,0,93019.0,0
0.0,1.0,1.0,0,19759.0,0
0.0,1.0,1.0,0,2215.0,0
0.0,1.0,1.0,0,57187.0,0
0.0,1.0,1.0,0,31019.0,0
0.0,1.0,1.0,0,15681.0,0
0.0,1.0,1.0,0,14358.0,0
0.0,1.0,1.0,0,19946.0,0
0.0,1.0,1.0,0,96322.0,0
1.0,1.0,1.0,0,36534.0,0
0.0,1.0,1.0,0,72396.0,0
0.0,1.0,1.0,0,38529.0,0
0.0,1.0,1.0,0,95677.0,0
0.0,1.0,1.0,0,27887.0,0
0.0,1.0,1.0,0,8236.0,0
0.0,1.0,1.0,0,49228.0,0
0.0,1.0,1.0,0,3878.0,0
1.0,1.0,1.0,0,2216.0,0
0.0,1.0,1.0,0,12781.0,0
0.0,1.0,1.0,0,61346.0,0
1.0,1.0,1.0,0,16293.0,0
0.0,1.0,1.0,0,1968.0,0
0.0,1.0,1.0,0,8880.0,0
0.0,1.0,1.0,0,29846.0,0
0.0,1.0,1.0,0,102809.0,0
0.0,1.0,1.0,0,7777.0,0
0.0,1.0,1.0,0,6268.0,0
0.0,1.0,1.0,0,14771.0,0
0.0,1.0,1.0,0,256903.0,0
0.0,1.0,1.0,0,3193.0,0
0.0,1.0,1.0,0,0.0,0
0.0,1.0,1.0,0,4981.0,0
1.0,1.0,1.0,0,4278.0,0
0.0,1.0,1.0,0,55227.0,0
0.0,1.0,1.0,0,21005.0,0
0.0,1.0,1.0,0,38881.0,0
0.0,1.0,1.0,0,39623.0,0
0.0,1.0,1.0,0,20234.0,0
0.0,1.0,1.0,0,30687.0,0
0.0,1.0,1.0,0,47077.0,0
0.0,1.0,1.0,0,36058.0,0
0.0,1.0,1.0,0,6175.0,0
0.0,1.0,1.0,0,9903.0,0
0.0,1.0,1.0,0,20389.0,0
0.0,1.0,1.0,0,5157.0,0
0.0,1.0,1.0,0,20734.0,0
0.0,1.0,1.0,0,37521.0,0
0.0,1.0,1.0,0,3573.0,0
0.0,1.0,1.0,0,15486.0,0
0.0,1.0,1.0,0,41587.0,0
0.0,1.0,1.0,0,3162.0,0
0.0,1.0,1.0,0,43889.0,0
0.0,1.0,1.0,0,58213.0,0
1.0,1.0,1.0,0,80235.0,0
0.0,1.0,1.0,0,59661.0,0
0.0,1.0,1.0,0,6866.0,0
0.0,1.0,1.0,0,1846.0,0
0.0,1.0,1.0,0,85562.0,0
0.0,1.0,1.0,0,16352.0,0
0.0,1.0,1.0,0,12300.0,0
0.0,1.0,1.0,0,127876.0,0
0.0,1.0,1.0,0,8378.0,0
0.0,1.0,1.0,0,3793.0,0
0.0,1.0,1.0,0,35786.0,0
0.0,1.0,1.0,0,7559.0,0
1.0,1.0,1.0,0,4897.0,0
0.0,1.0,1.0,0,6489.0,0
0.0,1.0,1.0,0,21564.0,0
0.0,1.0,1.0,0,23781.0,0
0.0,1.0,1.0,0,5449.0,0
0.0,1.0,1.0,0,5188.0,0
0.0,1.0,1.0,0,21855.0,0
0.0,1.0,1.0,0,29670.0,0
1.0,1.0,1.0,0,5279.0,0
0.0,1.0,1.0,0,83533.0,0
1.0,1.0,1.0,0,4285.0,0
0.0,1.0,1.0,0,18501.0,0
0.0,1.0,1.0,0,13712.0,0
0.0,1.0,1.0,0,14416.0,0
0.0,1.0,1.0,0,10855.0,0
0.0,1.0,1.0,0,2071.0,0
0.0,1.0,1.0,0,50231.0,0
0.0,1.0,1.0,0,3750.0,0
1.0,1.0,1.0,0,12060.0,0
1.0,1.0,1.0,0,87576.0,0
0.0,1.0,1.0,0,14111.0,0
0.0,1.0,1.0,0,11675.0,0
0.0,1.0,1.0,0,106140.0,0
0.0,1.0,1.0,0,14134.0,0
0.0,1.0,1.0,0,43736.0,0
0.0,1.0,1.0,0,52816.0,0
0.0,1.0,1.0,0,39271.0,0
0.0,1.0,1.0,0,221413.0,0
0.0,1.0,1.0,0,53699.0,0
0.0,1.0,1.0,0,67939.0,0
0.0,1.0,1.0,0,1098.0,0
1.0,1.0,1.0,0,92228.0,0
0.0,1.0,1.0,0,6156.0,0
0.0,1.0,1.0,0,103193.0,0
0.0,1.0,1.0,0,38349.0,0
0.0,1.0,1.0,0,13952.0,0
0.0,1.0,1.0,0,4318.0,0
0.0,1.0,1.0,0,57019.0,0
1.0,1.0,1.0,0,34576.0,0
0.0,1.0,1.0,0,13896.0,0
0.0,1.0,1.0,0,9469.0,0
0.0,1.0,1.0,0,4194.0,0
0.0,1.0,1.0,0,11686.0,0
0.0,1.0,1.0,0,4971.0,0
0.0,1.0,1.0,0,8269.0,0
0.0,1.0,1.0,0,21878.0,0
0.0,1.0,1.0,0,58619.0,0
0.0,1.0,1.0,0,5362.0,0
0.0,1.0,1.0,0,1938.0,0
0.0,1.0,1.0,0,0.0,0
0.0,1.0,1.0,0,68197.0,0
0.0,1.0,1.0,0,49488.0,0
0.0,1.0,1.0,0,31090.0,0
0.0,1.0,1.0,0,39097.0,0
0.0,1.0,1.0,0,11492.0,0
0.0,1.0,1.0,0,90895.0,0
0.0,1.0,1.0,0,46927.0,0
0.0,1.0,1.0,0,11732.0,0
0.0,1.0,1.0,0,11561.0,0
0.0,1.0,1.0,0,2101.0,0
0.0,1.0,1.0,0,39492.0,0
0.0,1.0,1.0,0,93629.0,0
1.0,1.0,1.0,0,4810.0,0
0.0,1.0,1.0,0,5248.0,0
1.0,1.0,1.0,0,14828.0,0
0.0,1.0,1.0,0,24624.0,0
1.0,1.0,1.0,0,1245.0,0
0.0,1.0,1.0,0,24890.0,0
0.0,1.0,1.0,0,64389.0,0
0.0,1.0,1.0,0,31793.0,0
0.0,1.0,1.0,0,41644.0,0
0.0,1.0,1.0,0,31076.0,0
0.0,1.0,1.0,0,3923.0,0
0.0,1.0,1.0,0,20869.0,0
0.0,1.0,1.0,0,13820.0,0
0.0,1.0,1.0,0,34262.0,0
0.0,1.0,1.0,0,73185.0,0
0.0,1.0,1.0,0,5566.0,0
0.0,1.0,1.0,0,23323.0,0
0.0,1.0,1.0,0,33490.0,0
0.0,1.0,1.0,0,13775.0,0
0.0,1.0,1.0,0,12221.0,0
0.0,1.0,1.0,0,8603.0,0
0.0,1.0,1.0,0,119665.0,0
0.0,1.0,1.0,0,76059.0,0
0.0,1.0,1.0,0,21439.0,0
0.0,1.0,1.0,0,51666.0,0
0.0,1.0,1.0,0,20857.0,0
0.0,1.0,1.0,0,77867.0,0
1.0,1.0,1.0,0,27165.0,0
0.0,1.0,1.0,0,4534.0,0
0.0,1.0,1.0,0,78560.0,0
0.0,1.0,1.0,0,630.0,0
0.0,1.0,1.0,0,441.0,0
0.0,1.0,1.0,0,787.0,0
0.0,2.0,1.0,0,181.0,0
0.0,1.0,1.0,0,349.0,0
0.0,1.0,1.0,0,629.0,0
0.0,1.0,1.0,0,603.0,0
0.0,1.0,1.0,0,598.0,0
0.0,1.0,1.0,0,525.0,0
0.0,1.0,1.0,0,402.0,0
0.0,1.0,1.0,0,452.0,0
0.0,1.0,1.0,0,410.0,0
0.0,2.0,1.0,0,248.0,0
0.0,1.0,1.0,0,701.0,0
0.0,1.0,1.0,0,317.0,0
0.0,1.0,1.0,0,23071.0,0
0.0,1.0,1.0,0,32823.0,0
0.0,1.0,1.0,0,19225.0,0
0.0,1.0,1.0,0,6349.0,0
0.0,1.0,1.0,0,16388.0,1
0.0,1.0,1.0,0,94614.0,1
0.0,1.0,1.0,0,7004.0,1
0.0,1.0,1.0,0,25063.0,1
0.0,1.0,1.0,0,21181.0,1
0.0,1.0,1.0,0,9457.0,1
0.0,1.0,1.0,0,65218.0,1
0.0,1.0,1.0,0,781.0,1
0.0,1.0,1.0,0,486.0,1
0.0,1.0,1.0,0,625.0,1
0.0,1.0,1.0,0,380.0,1
0.0,1.0,1.0,0,891.0,1
0.0,1.0,1.0,0,779.0,1
0.0,1.0,1.0,0,748.0,1
0.0,1.0,1.0,0,141.0,1
0.0,1.0,1.0,0,535.0,1
0.0,1.0,1.0,0,68976.0,1
0.0,1.0,1.0,0,25022.0,1
0.0,1.0,1.0,0,11383.0,1
0.0,1.0,1.0,0,1099.0,1
0.0,1.0,1.0,0,17261.0,1
0.0,1.0,1.0,0,4766.0,1
0.0,1.0,1.0,0,1229.0,1
0.0,1.0,1.0,0,7566.0,1
0.0,1.0,1.0,0,37629.0,1
0.0,1.0,1.0,0,103891.0,1
0.0,1.0,1.0,0,125288.0,1
0.0,1.0,1.0,0,46824.0,1
0.0,1.0,1.0,0,103195.0,1
0.0,1.0,1.0,0,66484.0,1
0.0,1.0,1.0,0,17690.0,1
0.0,1.0,1.0,0,11272.0,1
0.0,1.0,1.0,0,21068.0,1
0.0,1.0,1.0,0,17771.0,1
0.0,1.0,1.0,0,0.0,0
1.0,1.0,1.0,0,4015.0,0
0.0,1.0,1.0,0,71630.0,0
0.0,1.0,1.0,0,13021.0,0
0.0,1.0,1.0,0,92531.0,0
0.0,1.0,1.0,0,142000.0,0
0.0,1.0,1.0,0,1140.0,0
0.0,1.0,1.0,0,17296.0,0
0.0,1.0,1.0,0,11633.0,0
0.0,1.0,1.0,0,7115.0,0
0.0,1.0,1.0,0,108820.0,0
0.0,1.0,1.0,0,12255.0,0
0.0,1.0,1.0,0,43522.0,0
0.0,1.0,1.0,0,11203.0,0
0.0,1.0,1.0,0,71088.0,0
0.0,1.0,1.0,0,23582.0,0
0.0,1.0,1.0,0,33727.0,0
0.0,1.0,1.0,0,3583.0,0
0.0,1.0,1.0,0,8497.0,0
0.0,1.0,1.0,0,2588.0,0
0.0,1.0,1.0,0,5482.0,0
0.0,2.0,1.0,0,179.0,0
1.0,1.0,1.0,0,73391.0,0
0.0,1.0,1.0,0,101911.0,0
0.0,1.0,1.0,0,21818.0,0
0.0,1.0,1.0,0,40065.0,0
0.0,1.0,1.0,0,1174.0,0
0.0,1.0,1.0,0,14302.0,0
0.0,1.0,1.0,0,16176.0,0
0.0,1.0,1.0,0,54447.0,0
1.0,1.0,1.0,0,13826.0,0
0.0,1.0,1.0,0,23041.0,0
0.0,1.0,1.0,0,12089.0,0
0.0,1.0,1.0,0,39099.0,0
1.0,1.0,1.0,0,9310.0,0
0.0,1.0,1.0,0,15536.0,0
1.0,1.0,1.0,0,9712.0,0
0.0,1.0,1.0,0,32136.0,0
0.0,1.0,1.0,0,35067.0,0
0.0,1.0,1.0,0,16482.0,0
0.0,1.0,1.0,0,24876.0,0
0.0,1.0,1.0,0,12800.0,0
0.0,1.0,1.0,0,6407.0,0
1.0,1.0,1.0,0,21210.0,0
0.0,1.0,1.0,0,17824.0,0
0.0,1.0,1.0,0,20886.0,0
0.0,1.0,1.0,0,19900.0,0
1.0,1.0,1.0,0,69618.0,0
0.0,1.0,1.0,0,26576.0,0
0.0,1.0,1.0,0,86012.0,0
1.0,1.0,1.0,0,178994.0,0
0.0,1.0,1.0,0,1568.0,0
0.0,1.0,1.0,0,9349.0,0
0.0,1.0,1.0,0,22582.0,0
0.0,1.0,2.0,0,46.0,0
0.0,1.0,1.0,0,10180.0,0
0.0,1.0,1.0,0,15692.0,0
1.0,1.0,1.0,0,18915.0,0
0.0,1.0,1.0,0,36403.0,0
0.0,1.0,1.0,0,3264.0,0
1.0,1.0,1.0,0,156871.0,0
0.0,1.0,1.0,0,28546.0,0
0.0,1.0,1.0,0,52816.0,0
0.0,1.0,1.0,0,92699.0,0
0.0,1.0,1.0,0,75899.0,0
0.0,1.0,1.0,0,15880.0,0
0.0,1.0,1.0,0,43664.0,0
0.0,1.0,1.0,0,54111.0,0
0.0,1.0,1.0,0,26888.0,0
0.0,1.0,1.0,0,10203.0,0
0.0,1.0,1.0,0,26343.0,0
0.0,1.0,1.0,0,12153.0,0
0.0,1.0,1.0,0,49681.0,0
0.0,1.0,1.0,0,158.0,0
0.0,1.0,1.0,0,3813.0,0
0.0,1.0,1.0,0,32842.0,0
0.0,1.0,1.0,0,12255.0,0
0.0,1.0,1.0,0,12891.0,0
0.0,1.0,1.0,0,0.0,0
0.0,1.0,1.0,0,117257.0,0
0.0,1.0,1.0,0,758.0,0
0.0,1.0,1.0,0,1311.0,0
0.0,1.0,1.0,0,38703.0,0
0.0,1.0,1.0,0,27483.0,0
0.0,1.0,1.0,0,27125.0,0
0.0,1.0,1.0,0,12293.0,0
0.0,1.0,1.0,0,12292.0,0
1.0,1.0,1.0,0,32205.0,0
0.0,1.0,1.0,0,47627.0,0
0.0,1.0,1.0,0,2276.0,0
0.0,1.0,1.0,0,27786.0,0
0.0,1.0,1.0,0,36636.0,0
0.0,1.0,1.0,0,2525.0,0
1.0,1.0,1.0,0,3269.0,0
0.0,1.0,1.0,0,105270.0,0
0.0,1.0,1.0,0,57495.0,0
0.0,1.0,1.0,0,1890.0,0
0.0,1.0,1.0,0,13393.0,0
0.0,1.0,1.0,0,111885.0,0
0.0,1.0,1.0,0,9935.0,0
0.0,1.0,1.0,0,64019.0,0
0.0,1.0,1.0,0,60391.0,0
0.0,1.0,1.0,0,61588.0,0
0.0,1.0,1.0,0,35943.0,0
0.0,1.0,1.0,0,34970.0,0
0.0,1.0,1.0,0,84298.0,0
0.0,1.0,1.0,0,9721.0,0
1.0,1.0,1.0,0,1374.0,0
0.0,1.0,1.0,0,21687.0,0
0.0,1.0,1.0,0,14113.0,0
0.0,1.0,1.0,0,55009.0,0
0.0,1.0,1.0,0,82223.0,0
0.0,1.0,1.0,0,216612.0,0
0.0,1.0,1.0,0,13098.0,0
1.0,1.0,1.0,0,16950.0,0
0.0,1.0,1.0,0,107004.0,0
0.0,1.0,1.0,0,24484.0,0
0.0,1.0,1.0,0,23847.0,0
0.0,1.0,1.0,0,13256.0,0
0.0,1.0,1.0,0,12966.0,0
0.0,1.0,1.0,0,59125.0,0
0.0,1.0,1.0,0,2726.0,0
0.0,1.0,1.0,0,4214.0,0
0.0,1.0,1.0,0,8921.0,0
0.0,1.0,1.0,0,19728.0,0
0.0,1.0,1.0,0,12399.0,0
0.0,1.0,1.0,0,29390.0,0
0.0,1.0,1.0,0,96576.0,0
0.0,1.0,1.0,0,45949.0,0
0.0,1.0,1.0,0,4689.0,0
0.0,1.0,1.0,0,991.0,0
0.0,1.0,1.0,0,4610.0,0
0.0,1.0,1.0,0,15206.0,0
0.0,1.0,1.0,0,26796.0,0
0.0,1.0,1.0,0,22578.0,0
1.0,1.0,1.0,0,55566.0,0
0.0,1.0,1.0,0,3731.0,0
1.0,1.0,1.0,0,32017.0,0
0.0,1.0,1.0,0,57248.0,0
0.0,1.0,1.0,0,28293.0,0
0.0,1.0,1.0,0,6121.0,0
0.0,1.0,1.0,0,19234.0,0
0.0,1.0,1.0,0,8646.0,0
0.0,1.0,1.0,0,46407.0,0
0.0,1.0,1.0,0,7160.0,0
0.0,1.0,1.0,0,98518.0,0
0.0,1.0,1.0,0,19500.0,0
0.0,1.0,1.0,0,20622.0,0
0.0,1.0,1.0,0,28733.0,0
1.0,1.0,1.0,0,48122.0,0
0.0,1.0,1.0,0,0.0,0
0.0,1.0,1.0,0,3888.0,0
1.0,1.0,1.0,0,65797.0,0
0.0,1.0,1.0,0,26759.0,0
0.0,1.0,1.0,0,12592.0,0
0.0,1.0,1.0,0,7585.0,0
0.0,1.0,1.0,0,39645.0,0
0.0,1.0,1.0,0,77339.0,0
0.0,1.0,1.0,0,29638.0,0
0.0,1.0,1.0,0,46643.0,0
0.0,1.0,1.0,0,14724.0,0
0.0,1.0,1.0,0,43731.0,0
1.0,1.0,1.0,0,33437.0,0
0.0,1.0,1.0,0,6063.0,0
0.0,1.0,1.0,0,32891.0,0
0.0,1.0,1.0,0,28168.0,0
0.0,1.0,1.0,0,33553.0,0
0.0,1.0,1.0,0,7733.0,0
0.0,1.0,1.0,0,6771.0,0
0.0,1.0,1.0,0,68459.0,0
0.0,1.0,1.0,0,114311.0,0
0.0,1.0,1.0,0,146233.0,0
0.0,1.0,1.0,0,4732.0,0
1.0,1.0,1.0,0,4342.0,0
0.0,1.0,1.0,0,7376.0,0
0.0,1.0,1.0,0,41194.0,0
0.0,1.0,1.0,0,36104.0,0
0.0,1.0,1.0,0,23598.0,0
0.0,1.0,1.0,0,15000.0,0
0.0,1.0,1.0,0,5026.0,0
0.0,1.0,1.0,0,8518.0,0
0.0,1.0,1.0,0,33925.0,0
0.0,1.0,1.0,0,33098.0,0
0.0,1.0,1.0,0,22786.0,0
0.0,1.0,1.0,0,20017.0,0
0.0,1.0,1.0,0,12881.0,0
0.0,1.0,1.0,0,54070.0,0
0.0,1.0,1.0,0,83619.0,0
0.0,1.0,1.0,0,61670.0,0
0.0,1.0,1.0,0,24671.0,0
0.0,1.0,1.0,0,9362.0,0
0.0,1.0,1.0,0,5180.0,0
0.0,1.0,1.0,0,23982.0,0
0.0,1.0,1.0,0,16684.0,0
0.0,1.0,1.0,0,22530.0,0
0.0,1.0,1.0,0,100162.0,0
1.0,1.0,1.0,0,3995.0,0
0.0,1.0,1.0,0,25703.0,0
0.0,1.0,1.0,0,45036.0,0
0.0,1.0,1.0,0,15440.0,0
0.0,1.0,1.0,0,52474.0,0
0.0,1.0,1.0,0,13918.0,0
0.0,1.0,1.0,0,61240.0,0
0.0,1.0,1.0,0,48999.0,0
0.0,1.0,1.0,0,56965.0,0
0.0,1.0,1.0,0,17031.0,0
1.0,1.0,1.0,0,25105.0,0
0.0,1.0,1.0,0,10522.0,0
0.0,1.0,1.0,0,52425.0,0
0.0,1.0,1.0,0,18230.0,0
0.0,1.0,1.0,0,19706.0,0
0.0,1.0,1.0,0,13123.0,0
0.0,1.0,1.0,0,159290.0,0
1.0,1.0,1.0,0,24676.0,0
0.0,1.0,1.0,0,26791.0,0
0.0,1.0,1.0,0,86768.0,0
1.0,1.0,1.0,0,64747.0,0
0.0,1.0,1.0,0,4470.0,0
0.0,1.0,1.0,0,4096.0,0
0.0,1.0,1.0,0,65215.0,0
0.0,1.0,1.0,0,19319.0,1
0.0,1.0,1.0,0,47621.0,1
0.0,1.0,1.0,0,32934.0,1
0.0,1.0,1.0,0,29704.0,1
0.0,1.0,1.0,0,0.0,0
0.0,1.0,1.0,0,73529.0,0
0.0,1.0,1.0,0,56847.0,0
0.0,1.0,1.0,0,20629.0,0
0.0,1.0,1.0,0,12635.0,0
0.0,1.0,1.0,0,39487.0,0
0.0,1.0,1.0,0,37715.0,0
0.0,1.0,1.0,0,24746.0,0
0.0,1.0,1.0,0,5992.0,0
0.0,1.0,1.0,0,41567.0,0
0.0,1.0,1.0,0,14926.0,0
0.0,1.0,1.0,0,40644.0,0
0.0,1.0,1.0,0,42545.0,0
0.0,1.0,1.0,0,11973.0,0
0.0,1.0,1.0,0,180823.0,0
0.0,1.0,1.0,0,32695.0,0
0.0,1.0,1.0,0,74703.0,0
0.0,1.0,1.0,0,29271.0,0
0.0,1.0,1.0,0,221.0,0
0.0,1.0,1.0,0,18922.0,0
0.0,1.0,1.0,0,28610.0,0
0.0,1.0,1.0,0,88237.0,0
0.0,1.0,1.0,0,27501.0,0
0.0,1.0,1.0,0,34491.0,0
0.0,1.0,1.0,0,10409.0,0
1.0,1.0,1.0,0,17636.0,0
0.0,1.0,1.0,0,26698.0,0
0.0,1.0,1.0,0,58563.0,0
0.0,1.0,1.0,0,22163.0,0
0.0,1.0,1.0,0,1541.0,0
0.0,1.0,1.0,0,15226.0,0
0.0,1.0,1.0,0,40161.0,0
0.0,1.0,1.0,0,9321.0,0
0.0,1.0,1.0,0,8009.0,0
0.0,1.0,1.0,0,47815.0,0
0.0,1.0,1.0,0,75626.0,0
0.0,1.0,1.0,0,80259.0,0
0.0,1.0,1.0,0,13700.0,0
0.0,1.0,1.0,0,44518.0,0
1.0,1.0,1.0,0,13289.0,0
0.0,1.0,1.0,0,16247.0,0
0.0,1.0,1.0,0,668.0,0
0.0,1.0,1.0,0,49050.0,0
0.0,1.0,1.0,0,3608.0,0
0.0,1.0,1.0,0,49346.0,0
0.0,1.0,1.0,0,58849.0,0
0.0,1.0,1.0,0,54455.0,0
0.0,1.0,1.0,0,8758.0,0
0.0,1.0,1.0,0,32811.0,0
0.0,1.0,1.0,0,5408.0,0
0.0,1.0,1.0,0,80562.0,0
0.0,1.0,1.0,0,14302.0,0
0.0,1.0,1.0,0,2108.0,0
0.0,1.0,1.0,0,35229.0,0
0.0,1.0,1.0,0,45214.0,0
0.0,1.0,1.0,0,15748.0,0
0.0,1.0,1.0,0,60490.0,0
0.0,1.0,1.0,0,85114.0,0
0.0,1.0,1.0,0,1129.0,0
0.0,1.0,1.0,0,2696.0,0
0.0,1.0,1.0,0,53266.0,0
0.0,1.0,1.0,0,14985.0,0
1.0,1.0,1.0,0,28093.0,0
0.0,1.0,1.0,0,73683.0,0
0.0,1.0,1.0,0,4722.0,0
0.0,1.0,1.0,0,73384.0,0
0.0,1.0,1.0,0,32239.0,0
0.0,1.0,1.0,0,406.0,0
0.0,1.0,1.0,0,16289.0,0
0.0,1.0,1.0,0,28746.0,0
1.0,1.0,1.0,0,3586.0,0
0.0,1.0,1.0,0,144329.0,0
0.0,1.0,1.0,0,0.0,0
0.0,1.0,1.0,0,5759.0,0
1.0,1.0,1.0,0,4651.0,0
0.0,1.0,1.0,0,7211.0,0
0.0,1.0,1.0,0,47661.0,0
0.0,1.0,1.0,0,30076.0,0
0.0,1.0,1.0,0,33697.0,0
0.0,1.0,1.0,0,38533.0,0
0.0,1.0,1.0,0,22543.0,0
0.0,1.0,1.0,0,33987.0,0
0.0,1.0,1.0,0,9969.0,0
0.0,1.0,1.0,0,10692.0,0
1.0,1.0,1.0,0,14715.0,0
0.0,1.0,1.0,0,64277.0,0
0.0,1.0,1.0,0,45521.0,0
0.0,1.0,1.0,0,23022.0,0
0.0,1.0,1.0,0,25150.0,0
0.0,1.0,1.0,0,185278.0,0
0.0,1.0,1.0,0,60224.0,0
0.0,1.0,1.0,0,11916.0,0
0.0,1.0,1.0,0,18022.0,0
0.0,1.0,1.0,0,4567.0,0
0.0,1.0,1.0,0,3670.0,0
0.0,1.0,1.0,0,5225.0,0
0.0,1.0,1.0,0,28125.0,0
0.0,1.0,1.0,0,720.0,0
0.0,1.0,1.0,0,19482.0,0
0.0,1.0,1.0,0,15457.0,0
0.0,1.0,1.0,0,126908.0,0
1.0,1.0,1.0,0,2671.0,0
0.0,1.0,1.0,0,20652.0,0
0.0,1.0,1.0,0,3959.0,0
0.0,1.0,1.0,0,23432.0,0
1.0,1.0,1.0,0,15239.0,0
0.0,1.0,1.0,0,26337.0,0
0.0,1.0,1.0,0,9545.0,0
0.0,1.0,1.0,0,2857.0,0
0.0,1.0,1.0,0,22053.0,0
0.0,1.0,1.0,0,1937.0,0
0.0,1.0,1.0,0,60707.0,0
0.0,1.0,1.0,0,46813.0,0
0.0,1.0,1.0,0,24007.0,0
0.0,1.0,1.0,0,4379.0,0
0.0,1.0,1.0,0,62974.0,0
0.0,1.0,1.0,0,15369.0,0
0.0,1.0,1.0,0,3591.0,0
0.0,1.0,1.0,0,102107.0,0
0.0,1.0,1.0,0,54031.0,0
0.0,1.0,1.0,0,33981.0,0
0.0,1.0,1.0,0,11768.0,0
0.0,1.0,1.0,0,15099.0,0
0.0,1.0,1.0,0,103676.0,0
0.0,1.0,1.0,0,8167.0,0
0.0,1.0,1.0,0,13823.0,0
1.0,1.0,1.0,0,6823.0,0
0.0,1.0,1.0,0,18551.0,0
1.0,2.0,1.0,0,153.0,0
0.0,1.0,1.0,0,2663.0,0
0.0,1.0,1.0,0,70473.0,0
0.0,1.0,1.0,0,66893.0,0
0.0,1.0,1.0,0,22522.0,0
0.0,1.0,1.0,0,6617.0,0
0.0,1.0,1.0,0,10037.0,0
0.0,1.0,1.0,0,5133.0,0
0.0,1.0,1.0,0,10561.0,1
0.0,1.0,1.0,0,69584.0,1
0.0,1.0,1.0,0,33889.0,1
0.0,1.0,1.0,0,37917.0,1
0.0,1.0,1.0,0,38982.0,1
0.0,1.0,1.0,0,23074.0,1
0.0,1.0,1.0,0,13569.0,1
0.0,1.0,1.0,0,69555.0,1
0.0,1.0,1.0,0,11212.0,1
1.0,1.0,1.0,0,1784.0,1
0.0,1.0,1.0,0,39310.0,1
0.0,1.0,1.0,0,69922.0,1
0.0,1.0,1.0,0,914.0,1
0.0,1.0,1.0,0,47477.0,1
0.0,1.0,1.0,0,69785.0,1
0.0,1.0,1.0,0,34893.0,1
0.0,1.0,1.0,0,0.0,0
0.0,1.0,1.0,0,17734.0,0
0.0,1.0,1.0,0,15246.0,0
0.0,1.0,1.0,0,19372.0,0
0.0,1.0,1.0,0,12615.0,0
0.0,1.0,1.0,0,31958.0,0
1.0,1.0,1.0,0,81093.0,0
0.0,1.0,1.0,0,81596.0,0
0.0,1.0,1.0,0,24643.0,0
0.0,1.0,1.0,0,71831.0,0
0.0,1.0,1.0,0,26439.0,0
0.0,1.0,1.0,0,67071.0,0
0.0,1.0,1.0,0,57132.0,0
0.0,1.0,1.0,0,80580.0,0
0.0,1.0,1.0,0,2817.0,0
0.0,1.0,1.0,0,24144.0,0
0.0,1.0,1.0,0,49356.0,0
1.0,1.0,1.0,0,27777.0,0
1.0,1.0,1.0,0,66269.0,0
0.0,1.0,1.0,0,83807.0,0
0.0,2.0,1.0,0,262.0,0
0.0,1.0,1.0,0,180.0,0
0.0,2.0,1.0,0,287.0,0
0.0,2.0,1.0,0,171.0,0
0.0,1.0,1.0,0,894.0,0
0.0,1.0,1.0,0,638.0,0
0.0,1.0,1.0,0,609.0,0
0.0,1.0,1.0,0,687.0,0
0.0,1.0,1.0,0,533.0,0
0.0,1.0,1.0,0,821.0,0
0.0,1.0,1.0,0,59033.0,0
0.0,1.0,1.0,0,16977.0,0
0.0,1.0,1.0,0,162447.0,0
0.0,1.0,1.0,0,636.0,0
0.0,1.0,1.0,0,230.0,0
0.0,1.0,1.0,0,895.0,0
0.0,1.0,1.0,0,784.0,0
0.0,1.0,1.0,0,446.0,0
0.0,1.0,1.0,0,51259.0,0
0.0,1.0,1.0,0,60636.0,0
0.0,1.0,1.0,0,110666.0,0
0.0,1.0,1.0,0,19737.0,0
0.0,1.0,1.0,0,42188.0,0
0.0,1.0,1.0,0,93468.0,0
0.0,1.0,1.0,0,39075.0,0
0.0,1.0,1.0,0,12771.0,0
1.0,1.0,1.0,0,19421.0,0
0.0,1.0,1.0,0,22137.0,0
0.0,1.0,1.0,0,24617.0,0
0.0,1.0,1.0,0,40008.0,0
0.0,1.0,1.0,0,25149.0,0
0.0,1.0,1.0,0,12842.0,0
0.0,1.0,1.0,0,54883.0,0
0.0,1.0,1.0,0,12985.0,0
0.0,1.0,1.0,0,44550.0,0
0.0,1.0,1.0,0,8428.0,0
0.0,1.0,1.0,0,117279.0,0
0.0,1.0,1.0,0,61225.0,0
0.0,1.0,1.0,0,65688.0,0
0.0,2.0,2.0,0,25.0,0
0.0,1.0,1.0,0,2559.0,0
0.0,1.0,1.0,0,68576.0,0
0.0,1.0,1.0,0,17502.0,0
0.0,1.0,1.0,0,69517.0,0
0.0,1.0,1.0,0,140270.0,0
0.0,1.0,1.0,0,44486.0,0
0.0,1.0,1.0,0,798.0,0
0.0,1.0,1.0,0,510.0,0
0.0,2.0,1.0,0,224.0,0
0.0,1.0,1.0,0,779.0,0
0.0,1.0,1.0,0,134.0,0
0.0,1.0,1.0,0,551.0,0
0.0,1.0,1.0,0,820.0,0
0.0,1.0,1.0,0,159.0,0
0.0,1.0,1.0,0,361.0,0
0.0,1.0,1.0,0,492.0,0
0.0,1.0,1.0,0,649.0,0
0.0,1.0,1.0,0,28880.0,0
0.0,1.0,1.0,0,6334.0,0
0.0,1.0,1.0,0,29947.0,0
1.0,1.0,1.0,0,15407.0,0
0.0,1.0,1.0,0,16162.0,0
0.0,1.0,1.0,0,68857.0,0
0.0,1.0,1.0,0,0.0,0
0.0,1.0,1.0,0,21966.0,0
0.0,1.0,1.0,0,33246.0,0
0.0,1.0,1.0,0,92775.0,0
0.0,1.0,1.0,0,1389.0,0
0.0,1.0,1.0,0,13956.0,0
0.0,1.0,1.0,0,150934.0,0
1.0,1.0,1.0,0,82067.0,0
0.0,1.0,1.0,0,32835.0,0
0.0,1.0,1.0,0,1031.0,0
0.0,1.0,1.0,0,280.0,0
0.0,1.0,1.0,0,81343.0,0
0.0,1.0,1.0,0,106218.0,0
0.0,1.0,1.0,0,40105.0,0
0.0,1.0,1.0,0,1453.0,0
0.0,1.0,1.0,0,12351.0,0
0.0,1.0,1.0,0,10595.0,0
0.0,1.0,1.0,0,4887.0,0
0.0,1.0,1.0,0,12348.0,0
0.0,1.0,1.0,0,39686.0,0
0.0,1.0,1.0,0,4453.0,0
0.0,1.0,1.0,0,15580.0,0
0.0,1.0,1.0,0,67089.0,0
0.0,1.0,1.0,0,6427.0,0
0.0,1.0,1.0,0,5110.0,0
0.0,1.0,1.0,0,13012.0,0
0.0,1.0,1.0,0,114025.0,0
0.0,1.0,1.0,0,26280.0,0
0.0,1.0,1.0,0,80798.0,0
0.0,1.0,1.0,0,127228.0,0
1.0,1.0,1.0,0,26270.0,0
1.0,1.0,1.0,0,46516.0,0
0.0,1.0,1.0,0,11330.0,0
0.0,1.0,1.0,0,151811.0,0
1.0,1.0,1.0,0,20586.0,0
0.0,1.0,1.0,0,5645.0,0
0.0,1.0,1.0,0,1887.0,0
0.0,1.0,1.0,0,52192.0,0
0.0,1.0,1.0,0,74307.0,0
0.0,1.0,1.0,0,95343.0,0
0.0,1.0,1.0,0,38162.0,0
0.0,1.0,1.0,0,9944.0,0
0.0,1.0,1.0,0,11615.0,0
0.0,1.0,1.0,0,39126.0,0
0.0,1.0,1.0,0,2582.0,0
0.0,1.0,1.0,0,43099.0,0
1.0,1.0,1.0,0,4996.0,0
0.0,1.0,1.0,0,26151.0,0
0.0,1.0,1.0,0,55715.0,0
1.0,1.0,1.0,0,8413.0,0
0.0,1.0,1.0,0,57091.0,0
0.0,1.0,1.0,0,35945.0,0
0.0,1.0,1.0,0,34600.0,0
0.0,1.0,1.0,0,30786.0,0
0.0,1.0,1.0,0,2175.0,0
1.0,1.0,1.0,0,3495.0,0
0.0,1.0,1.0,0,49311.0,0
1.0,1.0,1.0,0,90400.0,0
0.0,1.0,1.0,0,2385.0,0
0.0,1.0,1.0,0,8314.0,0
0.0,1.0,1.0,0,21155.0,0
0.0,1.0,1.0,0,87277.0,0
0.0,1.0,1.0,0,39747.0,0
0.0,1.0,1.0,0,96408.0,0
0.0,1.0,1.0,0,14976.0,0
0.0,1.0,1.0,0,2619.0,0
0.0,1.0,1.0,0,0.0,0
0.0,1.0,1.0,0,11812.0,0
0.0,1.0,1.0,0,7541.0,0
1.0,1.0,1.0,0,41235.0,0
0.0,1.0,1.0,0,37004.0,0
0.0,1.0,1.0,0,18594.0,0
0.0,1.0,1.0,0,48067.0,0
0.0,1.0,1.0,0,10052.0,0
0.0,1.0,1.0,0,13770.0,0
0.0,1.0,1.0,0,83286.0,0
0.0,1.0,1.0,0,29696.0,0
0.0,1.0,1.0,0,5780.0,0
0.0,1.0,1.0,0,63212.0,0
0.0,1.0,1.0,0,14231.0,0
0.0,1.0,1.0,0,380.0,0
0.0,1.0,1.0,0,581.0,0
0.0,1.0,1.0,0,244.0,0
0.0,1.0,1.0,0,222.0,0
0.0,1.0,1.0,0,244.0,0
0.0,1.0,1.0,0,18143.0,0
0.0,1.0,1.0,0,24781.0,0
0.0,1.0,1.0,0,12654.0,0
1.0,1.0,1.0,0,230418.0,0
1.0,1.0,1.0,0,14068.0,0
0.0,1.0,1.0,0,16071.0,0
0.0,1.0,1.0,0,13971.0,0
0.0,1.0,1.0,0,41294.0,0
0.0,1.0,1.0,0,29017.0,0
0.0,1.0,1.0,0,1762.0,0
1.0,1.0,1.0,0,103781.0,0
0.0,1.0,1.0,0,33591.0,0
0.0,1.0,1.0,0,11867.0,0
1.0,1.0,1.0,0,5817.0,0
0.0,1.0,1.0,0,104260.0,0
0.0,1.0,1.0,0,604.0,0
0.0,1.0,1.0,0,767.0,0
0.0,1.0,1.0,0,331.0,0
0.0,1.0,1.0,0,750.0,0
0.0,1.0,1.0,0,621.0,0
0.0,1.0,1.0,0,18272.0,0
0.0,1.0,1.0,0,18006.0,0
0.0,1.0,1.0,0,67927.0,0
0.0,1.0,1.0,0,10081.0,0
0.0,1.0,1.0,0,21896.0,0
0.0,1.0,1.0,0,5772.0,0
0.0,1.0,1.0,0,39220.0,0
0.0,1.0,1.0,0,98786.0,0
0.0,1.0,1.0,0,19164.0,0
0.0,1.0,1.0,0,6829.0,0
0.0,1.0,1.0,0,21700.0,0
0.0,1.0,1.0,0,37309.0,0
0.0,1.0,1.0,0,24144.0,0
0.0,1.0,1.0,0,49668.0,0
0.0,1.0,1.0,0,37226.0,0
0.0,1.0,1.0,0,51138.0,0
0.0,1.0,1.0,0,38921.0,0
0.0,1.0,1.0,0,66809.0,0
1.0,1.0,1.0,0,3999.0,0
0.0,1.0,1.0,0,25306.0,0
0.0,1.0,1.0,0,56940.0,0
1.0,1.0,1.0,0,45264.0,0
0.0,1.0,1.0,0,66612.0,0
1.0,1.0,1.0,0,4779.0,0
0.0,1.0,1.0,0,110932.0,0
0.0,1.0,1.0,0,131746.0,0
0.0,1.0,1.0,0,32983.0,0
1.0,1.0,1.0,0,12955.0,0
0.0,1.0,1.0,0,23339.0,0
0.0,1.0,1.0,0,5363.0,0
0.0,1.0,1.0,0,78001.0,0
0.0,1.0,1.0,0,53778.0,0
0.0,1.0,1.0,0,2935.0,0
0.0,1.0,1.0,0,4991.0,0
0.0,1.0,1.0,0,31091.0,0
0.0,1.0,1.0,0,40067.0,0
0.0,1.0,1.0,0,31461.0,0
0.0,1.0,1.0,0,21475.0,0
0.0,1.0,1.0,0,17672.0,0
0.0,1.0,1.0,0,19432.0,0
0.0,1.0,1.0,0,43961.0,0
1.0,1.0,1.0,0,0.0,0
1.0,1.0,1.0,0,20342.0,0
0.0,1.0,1.0,0,14521.0,0
0.0,1.0,1.0,0,28471.0,0
0.0,1.0,1.0,0,620.0,0
0.0,1.0,1.0,0,62375.0,0
0.0,1.0,1.0,0,42208.0,0
0.0,1.0,1.0,0,36399.0,0
0.0,1.0,1.0,0,83756.0,0
0.0,1.0,1.0,0,48658.0,0
0.0,1.0,1.0,0,1401.0,0
0.0,1.0,1.0,0,6856.0,0
0.0,1.0,1.0,0,21458.0,0
0.0,1.0,1.0,0,21030.0,0
0.0,1.0,1.0,0,35025.0,0
0.0,1.0,1.0,0,39577.0,0
0.0,1.0,1.0,0,14226.0,0
0.0,1.0,1.0,0,42727.0,0
0.0,1.0,1.0,0,10212.0,0
0.0,1.0,1.0,0,73850.0,0
1.0,1.0,1.0,0,2831.0,0
0.0,1.0,1.0,0,61148.0,0
0.0,1.0,1.0,0,4691.0,0
0.0,2.0,2.0,0,31.0,0
0.0,1.0,1.0,0,12784.0,0
0.0,1.0,1.0,0,26882.0,0
0.0,1.0,1.0,0,35749.0,0
0.0,1.0,1.0,0,33420.0,0
0.0,1.0,1.0,0,30956.0,0
0.0,1.0,1.0,0,13901.0,0
0.0,1.0,1.0,0,55669.0,0
0.0,1.0,1.0,0,44476.0,0
0.0,1.0,1.0,0,122021.0,0
0.0,1.0,1.0,0,52327.0,0
0.0,1.0,1.0,0,32285.0,0
0.0,1.0,1.0,0,9607.0,0
0.0,1.0,1.0,0,21947.0,0
0.0,1.0,1.0,0,1044.0,0
0.0,1.0,1.0,0,21107.0,0
0.0,1.0,1.0,0,10047.0,0
0.0,1.0,1.0,0,49787.0,0
0.0,1.0,1.0,0,30600.0,0
0.0,1.0,1.0,0,17254.0,0
0.0,1.0,1.0,0,21310.0,0
0.0,1.0,1.0,0,388.0,0
0.0,1.0,1.0,0,11867.0,0
0.0,1.0,1.0,0,5225.0,0
0.0,1.0,1.0,0,9353.0,0
1.0,1.0,1.0,0,53544.0,0
0.0,1.0,1.0,0,20087.0,0
0.0,1.0,1.0,0,24474.0,0
0.0,1.0,1.0,0,18829.0,0
0.0,1.0,1.0,0,123636.0,0
0.0,1.0,1.0,0,37614.0,0
0.0,1.0,1.0,0,29292.0,0
0.0,1.0,1.0,0,8710.0,0
1.0,1.0,1.0,0,21566.0,0
0.0,1.0,1.0,0,53731.0,0
0.0,1.0,1.0,0,9225.0,0
0.0,1.0,1.0,0,38687.0,0
0.0,1.0,1.0,0,6422.0,0
0.0,1.0,1.0,0,51811.0,0
0.0,1.0,1.0,0,15623.0,0
0.0,1.0,1.0,0,8763.0,0
0.0,1.0,1.0,0,61345.0,0
0.0,1.0,1.0,0,49205.0,0
0.0,1.0,1.0,0,5590.0,0
0.0,1.0,1.0,0,31556.0,0
1.0,1.0,1.0,0,43857.0,0
0.0,1.0,1.0,0,13737.0,0
0.0,1.0,1.0,0,62467.0,0
0.0,1.0,1.0,0,15377.0,0
0.0,1.0,1.0,0,25718.0,0
0.0,1.0,1.0,0,27329.0,0
0.0,1.0,1.0,0,29245.0,1
0.0,1.0,1.0,0,36864.0,1
0.0,1.0,1.0,0,10532.0,1
0.0,1.0,1.0,0,45104.0,1
0.0,1.0,1.0,0,42507.0,1
1.0,1.0,1.0,0,58379.0,1
0.0,1.0,1.0,0,0.0,0
0.0,1.0,1.0,0,37107.0,0
0.0,1.0,1.0,0,30618.0,0
0.0,1.0,1.0,0,12034.0,0
0.0,1.0,1.0,0,55274.0,0
0.0,1.0,1.0,0,88402.0,0
0.0,1.0,1.0,0,9750.0,0
0.0,1.0,1.0,0,17447.0,0
0.0,1.0,1.0,0,45803.0,0
0.0,1.0,1.0,0,1608.0,0
0.0,1.0,1.0,0,90742.0,0
0.0,1.0,1.0,0,4558.0,0
0.0,1.0,1.0,0,29227.0,0
0.0,1.0,1.0,0,29115.0,0
1.0,1.0,1.0,0,90123.0,0
0.0,1.0,1.0,0,8714.0,0
0.0,1.0,1.0,0,27570.0,0
0.0,1.0,1.0,0,70835.0,0
0.0,1.0,1.0,0,74780.0,0
0.0,1.0,1.0,0,19416.0,0
0.0,1.0,1.0,0,32132.0,0
0.0,1.0,1.0,0,37206.0,0
0.0,1.0,1.0,0,769.0,0
0.0,1.0,1.0,0,387.0,0
0.0,1.0,1.0,0,577.0,0
0.0,1.0,1.0,0,535.0,0
0.0,1.0,1.0,0,564.0,0
0.0,1.0,1.0,0,551.0,0
0.0,1.0,1.0,0,62897.0,0
1.0,1.0,1.0,0,80581.0,0
0.0,1.0,1.0,0,41801.0,0
0.0,1.0,1.0,0,26598.0,0
0.0,1.0,1.0,0,18044.0,0
0.0,1.0,1.0,0,2904.0,0
0.0,1.0,1.0,0,10436.0,0
0.0,1.0,1.0,0,13018.0,0
0.0,1.0,1.0,0,9559.0,0
0.0,1.0,1.0,0,2714.0,0
0.0,1.0,1.0,0,54164.0,0
0.0,1.0,1.0,0,17685.0,0
0.0,1.0,1.0,0,8601.0,0
0.0,1.0,1.0,0,18849.0,0
0.0,1.0,1.0,0,22701.0,0
0.0,1.0,1.0,0,119284.0,0
0.0,1.0,1.0,0,300.0,0
0.0,1.0,1.0,0,824.0,0
0.0,2.0,1.0,0,270.0,0
0.0,1.0,1.0,0,649.0,0
0.0,1.0,1.0,0,151.0,0
0.0,2.0,1.0,0,257.0,0
0.0,2.0,1.0,0,207.0,0
0.0,1.0,1.0,0,593.0,0
0.0,1.0,1.0,0,31912.0,0
0.0,1.0,1.0,0,26489.0,0
0.0,1.0,1.0,0,20805.0,0
0.0,1.0,1.0,0,23978.0,0
0.0,1.0,1.0,0,20669.0,0
0.0,1.0,1.0,0,7219.0,0
0.0,1.0,1.0,0,21887.0,0
0.0,1.0,1.0,0,1558.0,0
0.0,1.0,1.0,0,59177.0,0
0.0,1.0,1.0,0,22286.0,0
0.0,1.0,1.0,0,585.0,0
0.0,1.0,1.0,0,891.0,0
0.0,1.0,1.0,0,430.0,0
0.0,1.0,1.0,0,1021.0,0
1.0,1.0,1.0,0,42876.0,0
0.0,1.0,1.0,0,5460.0,0
1.0,1.0,1.0,0,8294.0,0
0.0,1.0,1.0,0,3887.0,0
0.0,1.0,1.0,0,4147.0,0
0.0,1.0,1.0,0,16043.0,0
0.0,1.0,1.0,0,66292.0,0
0.0,1.0,1.0,0,28541.0,0
0.0,1.0,1.0,0,31329.0,0
0.0,1.0,1.0,0,39683.0,0
1.0,1.0,1.0,0,35001.0,0
0.0,1.0,1.0,0,41602.0,0
0.0,1.0,1.0,0,7797.0,0
0.0,1.0,1.0,0,67078.0,0
0.0,1.0,1.0,0,24122.0,0
0.0,1.0,1.0,0,39509.0,0
1.0,1.0,1.0,0,29282.0,0
0.0,1.0,1.0,0,13795.0,0
0.0,1.0,1.0,0,40492.0,0
0.0,1.0,1.0,0,15167.0,0
0.0,1.0,1.0,0,20089.0,0
0.0,1.0,1.0,0,34407.0,0
0.0,1.0,1.0,0,12896.0,0
1.0,1.0,1.0,0,38519.0,0
0.0,1.0,1.0,0,9604.0,0
0.0,1.0,1.0,0,89301.0,0
0.0,1.0,1.0,0,2657.0,0
0.0,1.0,1.0,0,2298.0,0
0.0,1.0,1.0,0,113375.0,0
0.0,1.0,1.0,0,11464.0,0
1.0,1.0,1.0,0,20421.0,0
0.0,1.0,1.0,0,48714.0,0
0.0,1.0,1.0,0,6228.0,0
0.0,1.0,1.0,0,0.0,0
0.0,1.0,1.0,0,50817.0,0
0.0,1.0,1.0,0,146549.0,0
0.0,1.0,1.0,0,168741.0,0
0.0,1.0,1.0,0,12206.0,0
1.0,1.0,1.0,0,3277.0,0
0.0,1.0,1.0,0,81263.0,0
0.0,1.0,1.0,0,7540.0,0
0.0,1.0,1.0,0,16201.0,0
0.0,1.0,1.0,0,9535.0,0
0.0,1.0,1.0,0,18238.0,0
0.0,1.0,1.0,0,20682.0,0
0.0,1.0,1.0,0,5065.0,0
0.0,1.0,1.0,0,41435.0,0
0.0,1.0,1.0,0,27480.0,0
0.0,1.0,1.0,0,73571.0,0
0.0,1.0,1.0,0,28140.0,0
1.0,1.0,1.0,0,36636.0,0
0.0,1.0,1.0,0,11770.0,0
0.0,1.0,1.0,0,4171.0,0
0.0,1.0,1.0,0,20412.0,0
0.0,1.0,1.0,0,6866.0,0
0.0,1.0,1.0,0,64378.0,0
0.0,1.0,1.0,0,46431.0,0
0.0,1.0,1.0,0,7000.0,0
1.0,1.0,1.0,0,66737.0,0
0.0,1.0,1.0,0,59983.0,0
0.0,1.0,1.0,0,82478.0,0
0.0,1.0,1.0,0,18803.0,0
0.0,1.0,1.0,0,22419.0,0
0.0,1.0,1.0,0,48341.0,0
0.0,1.0,1.0,0,10777.0,0
1.0,1.0,1.0,0,12881.0,0
0.0,1.0,1.0,0,4377.0,0
0.0,1.0,1.0,0,8841.0,0
0.0,1.0,1.0,0,139085.0,0
1.0,1.0,1.0,0,87382.0,0
0.0,1.0,1.0,0,103290.0,0
0.0,1.0,1.0,0,66387.0,0
0.0,1.0,1.0,0,29160.0,0
0.0,1.0,1.0,0,56802.0,0
0.0,1.0,1.0,0,23753.0,0
0.0,1.0,1.0,0,69152.0,0
0.0,1.0,1.0,0,24014.0,0
0.0,1.0,1.0,0,9240.0,0
0.0,1.0,1.0,0,6023.0,0
0.0,1.0,1.0,0,20313.0,0
0.0,1.0,1.0,0,32207.0,0
0.0,1.0,1.0,0,76429.0,0
0.0,1.0,1.0,0,61604.0,0
0.0,1.0,1.0,0,99230.0,0
0.0,1.0,1.0,0,28968.0,0
0.0,1.0,1.0,0,20218.0,0
0.0,1.0,1.0,0,64318.0,0
0.0,1.0,1.0,0,13202.0,0
0.0,2.0,1.0,0,224.0,0
0.0,1.0,1.0,0,493.0,0
0.0,1.0,1.0,0,50211.0,0
0.0,1.0,1.0,0,44599.0,0
0.0,1.0,1.0,0,26271.0,0
1.0,1.0,1.0,0,56886.0,0
0.0,1.0,1.0,0,8195.0,0
0.0,1.0,1.0,0,7055.0,0
0.0,1.0,1.0,0,66174.0,0
1.0,1.0,1.0,0,0.0,0
0.0,1.0,1.0,0,7176.0,0
0.0,1.0,1.0,0,11062.0,0
0.0,1.0,1.0,0,89680.0,0
0.0,1.0,1.0,0,227264.0,0
0.0,1.0,1.0,0,9491.0,0
0.0,1.0,1.0,0,15600.0,0
0.0,1.0,1.0,0,28042.0,0
1.0,1.0,1.0,0,1098.0,0
0.0,1.0,1.0,0,29081.0,0
0.0,1.0,1.0,0,12159.0,0
0.0,1.0,1.0,0,68910.0,0
0.0,1.0,1.0,0,30444.0,0
0.0,1.0,1.0,0,24444.0,0
0.0,1.0,1.0,0,59119.0,0
0.0,1.0,1.0,0,55285.0,0
0.0,1.0,1.0,0,56730.0,0
0.0,1.0,1.0,0,15773.0,0
0.0,1.0,1.0,0,23642.0,0
0.0,1.0,1.0,0,5526.0,0
0.0,1.0,1.0,0,36002.0,0
0.0,1.0,1.0,0,44307.0,0
0.0,1.0,1.0,0,4136.0,0
0.0,1.0,1.0,0,67665.0,0
0.0,1.0,1.0,0,19534.0,0
0.0,1.0,1.0,0,105742.0,0
0.0,1.0,1.0,0,8821.0,0
1.0,1.0,1.0,0,6892.0,0
0.0,1.0,1.0,0,12579.0,0
0.0,1.0,1.0,0,3550.0,0
0.0,1.0,1.0,0,981.0,0
0.0,1.0,1.0,0,36709.0,0
1.0,1.0,1.0,0,5283.0,0
1.0,1.0,1.0,0,11536.0,0
0.0,1.0,1.0,0,896.0,0
0.0,1.0,1.0,0,22623.0,0
0.0,1.0,1.0,0,30374.0,0
0.0,1.0,1.0,0,3210.0,0
1.0,1.0,1.0,0,37527.0,0
0.0,1.0,1.0,0,52701.0,0
0.0,1.0,1.0,0,22829.0,0
0.0,1.0,1.0,0,1671.0,0
0.0,1.0,1.0,0,20988.0,0
0.0,1.0,1.0,0,28478.0,0
1.0,1.0,1.0,0,818.0,0
0.0,1.0,1.0,0,29052.0,0
0.0,1.0,1.0,0,13940.0,0
0.0,1.0,1.0,0,10337.0,0
0.0,1.0,1.0,0,26830.0,0
0.0,1.0,1.0,0,1564.0,0
0.0,1.0,1.0,0,42175.0,0
0.0,1.0,1.0,0,5113.0,0
0.0,1.0,1.0,0,9699.0,0
0.0,1.0,1.0,0,57294.0,0
0.0,1.0,1.0,0,8146.0,0
0.0,1.0,1.0,0,16828.0,0
0.0,1.0,1.0,0,60883.0,0
0.0,1.0,1.0,0,47309.0,0
0.0,1.0,1.0,0,36793.0,0
0.0,1.0,1.0,0,19353.0,0
0.0,1.0,1.0,0,8553.0,0
0.0,1.0,1.0,0,1103.0,0
0.0,1.0,1.0,0,79260.0,0
0.0,1.0,1.0,0,1248.0,0
0.0,1.0,1.0,0,52561.0,0
0.0,1.0,1.0,0,5412.0,0
0.0,1.0,1.0,0,51171.0,0
0.0,1.0,1.0,0,4011.0,0
0.0,1.0,1.0,0,65063.0,0
0.0,1.0,1.0,0,68466.0,0
0.0,1.0,1.0,0,63869.0,0
0.0,1.0,1.0,0,3683.0,0
0.0,1.0,1.0,0,7810.0,0
0.0,1.0,1.0,0,31859.0,0
0.0,1.0,1.0,0,85267.0,0
0.0,1.0,1.0,0,77710.0,0
0.0,1.0,1.0,0,4365.0,0
0.0,1.0,1.0,0,41626.0,0
0.0,1.0,1.0,0,36703.0,0
0.0,1.0,1.0,0,48311.0,0
0.0,1.0,1.0,0,15043.0,0
0.0,1.0,1.0,0,20140.0,0
0.0,1.0,1.0,0,28814.0,0
0.0,1.0,1.0,0,17310.0,0
0.0,1.0,1.0,0,0.0,0
0.0,1.0,1.0,0,9208.0,0
0.0,1.0,1.0,0,22915.0,0
0.0,1.0,1.0,0,11754.0,0
0.0,1.0,1.0,0,21856.0,0
0.0,1.0,1.0,0,35107.0,0
0.0,1.0,1.0,0,26779.0,0
0.0,1.0,1.0,0,2458.0,0
0.0,1.0,1.0,0,3989.0,0
0.0,1.0,1.0,0,3844.0,0
0.0,1.0,1.0,0,71005.0,0
0.0,1.0,1.0,0,3328.0,0
0.0,1.0,1.0,0,6987.0,0
0.0,1.0,1.0,0,8561.0,0
0.0,1.0,1.0,0,49521.0,0
0.0,1.0,1.0,0,107467.0,0
0.0,1.0,1.0,0,4473.0,0
0.0,1.0,1.0,0,21738.0,0
0.0,1.0,1.0,0,21022.0,0
0.0,1.0,1.0,0,1980.0,0
0.0,1.0,1.0,0,19705.0,0
0.0,1.0,1.0,0,10108.0,0
0.0,1.0,1.0,0,28723.0,0
0.0,1.0,1.0,0,25310.0,0
0.0,1.0,1.0,0,40099.0,0
0.0,2.0,2.0,0,28.0,0
0.0,1.0,1.0,0,40633.0,0
1.0,2.0,1.0,0,278.0,0
0.0,1.0,1.0,0,48045.0,0
0.0,1.0,1.0,0,12522.0,0
0.0,1.0,1.0,0,1999.0,0
0.0,1.0,1.0,0,33232.0,0
0.0,1.0,1.0,0,42380.0,0
1.0,1.0,1.0,0,6875.0,0
0.0,1.0,1.0,0,38536.0,0
0.0,1.0,1.0,0,3995.0,0
0.0,1.0,1.0,0,12474.0,0
0.0,1.0,1.0,0,5081.0,0
0.0,1.0,1.0,0,23562.0,0
0.0,1.0,1.0,0,10597.0,0
0.0,1.0,1.0,0,18605.0,0
0.0,1.0,1.0,0,12676.0,0
0.0,1.0,1.0,0,39394.0,0
0.0,1.0,1.0,0,24249.0,0
0.0,1.0,1.0,0,11578.0,0
0.0,1.0,1.0,0,34899.0,0
0.0,1.0,1.0,0,58924.0,0
1.0,1.0,1.0,0,21222.0,0
0.0,1.0,1.0,0,3999.0,0
0.0,1.0,1.0,0,50092.0,0
1.0,1.0,1.0,0,15215.0,0
1.0,1.0,1.0,0,8566.0,0
0.0,1.0,1.0,0,146852.0,0
0.0,1.0,1.0,0,3811.0,0
0.0,1.0,1.0,0,34436.0,0
0.0,1.0,1.0,0,15708.0,0
0.0,1.0,1.0,0,50232.0,0
0.0,1.0,1.0,0,30542.0,0
1.0,1.0,1.0,0,28206.0,0
0.0,1.0,1.0,0,50813.0,0
0.0,1.0,1.0,0,59015.0,0
0.0,1.0,1.0,0,24417.0,0
0.0,1.0,1.0,0,164622.0,0
1.0,1.0,1.0,0,105017.0,0
0.0,1.0,1.0,0,23594.0,0
0.0,1.0,1.0,0,44568.0,0
0.0,1.0,1.0,0,43126.0,0
0.0,1.0,1.0,0,4034.0,0
0.0,1.0,1.0,0,13006.0,0
0.0,1.0,1.0,0,50907.0,0
0.0,1.0,1.0,0,54205.0,0
0.0,1.0,1.0,0,65122.0,0
0.0,1.0,1.0,0,4826.0,0
0.0,1.0,1.0,0,100922.0,0
0.0,1.0,1.0,0,11146.0,0
0.0,1.0,1.0,0,27369.0,0
0.0,1.0,1.0,0,18592.0,0
0.0,1.0,1.0,0,326.0,0
0.0,1.0,1.0,0,18303.0,0
0.0,1.0,1.0,0,13574.0,0
0.0,1.0,1.0,0,15973.0,0
0.0,1.0,1.0,0,44155.0,0
1.0,1.0,1.0,0,12093.0,0
0.0,1.0,1.0,0,6466.0,0
0.0,1.0,1.0,0,3246.0,0
0.0,1.0,1.0,0,21764.0,0
0.0,1.0,1.0,0,0.0,0
0.0,1.0,1.0,0,29604.0,0
0.0,1.0,1.0,0,54860.0,0
0.0,1.0,1.0,0,90956.0,0
0.0,1.0,1.0,0,18541.0,0
0.0,1.0,1.0,0,34182.0,0
0.0,1.0,1.0,0,44419.0,0
0.0,1.0,1.0,0,14797.0,0
0.0,1.0,1.0,0,6246.0,0
0.0,1.0,1.0,0,26933.0,0
0.0,1.0,1.0,0,14459.0,0
0.0,1.0,1.0,0,74352.0,0
0.0,1.0,1.0,0,21378.0,0
0.0,1.0,1.0,0,780.0,0
0.0,1.0,1.0,0,32010.0,0
1.0,1.0,1.0,0,6213.0,0
0.0,1.0,1.0,0,23283.0,0
0.0,1.0,1.0,0,44681.0,0
0.0,1.0,1.0,0,3213.0,0
0.0,1.0,1.0,0,37668.0,0
0.0,1.0,1.0,0,164.0,0
0.0,1.0,1.0,0,554.0,0
0.0,1.0,1.0,0,339.0,0
0.0,1.0,1.0,0,130751.0,0
0.0,1.0,1.0,0,14796.0,0
0.0,1.0,1.0,0,38044.0,0
0.0,1.0,1.0,0,46731.0,0
0.0,1.0,1.0,0,28993.0,0
0.0,1.0,1.0,0,4234.0,0
0.0,1.0,1.0,0,43142.0,0
0.0,1.0,1.0,0,50091.0,0
0.0,1.0,1.0,0,106414.0,0
0.0,1.0,1.0,0,118994.0,0
0.0,1.0,1.0,0,77407.0,0
0.0,1.0,1.0,0,38442.0,0
0.0,1.0,1.0,0,7256.0,0
0.0,1.0,1.0,0,58753.0,0
0.0,1.0,1.0,0,34147.0,0
0.0,1.0,1.0,0,10488.0,0
0.0,1.0,1.0,0,80542.0,0
0.0,1.0,1.0,0,34111.0,0
0.0,1.0,1.0,0,2406.0,0
0.0,1.0,1.0,0,9109.0,0
0.0,1.0,1.0,0,8664.0,0
0.0,1.0,1.0,0,23428.0,0
1.0,1.0,1.0,0,16224.0,0
0.0,1.0,1.0,0,2215.0,0
0.0,1.0,1.0,0,75552.0,0
0.0,1.0,1.0,0,24232.0,0
0.0,1.0,1.0,0,13497.0,0
0.0,1.0,1.0,0,36972.0,0
0.0,1.0,1.0,0,40913.0,0
0.0,1.0,1.0,0,10805.0,0
0.0,1.0,1.0,0,1174.0,0
0.0,1.0,1.0,0,27717.0,0
0.0,1.0,1.0,0,28431.0,0
0.0,1.0,1.0,0,3597.0,0
0.0,1.0,1.0,0,13182.0,0
0.0,1.0,1.0,0,63447.0,0
1.0,1.0,1.0,0,75418.0,0
0.0,1.0,1.0,0,18988.0,0
1.0,1.0,1.0,0,17394.0,0
0.0,1.0,1.0,0,106590.0,0
0.0,1.0,1.0,0,5067.0,0
0.0,1.0,1.0,0,80511.0,0
0.0,1.0,1.0,0,46196.0,0
0.0,1.0,1.0,0,14079.0,0
0.0,1.0,1.0,0,2133.0,0
0.0,1.0,1.0,0,6890.0,0
0.0,1.0,1.0,0,46042.0,0
0.0,1.0,1.0,0,30166.0,0
0.0,1.0,1.0,0,12855.0,0
0.0,1.0,1.0,0,18592.0,0
0.0,1.0,1.0,0,13970.0,0
0.0,1.0,1.0,0,8190.0,0
0.0,1.0,1.0,0,14829.0,0
0.0,1.0,1.0,0,47203.0,1
0.0,1.0,1.0,0,14686.0,1
0.0,1.0,1.0,0,0.0,0
0.0,1.0,1.0,0,11771.0,0
0.0,1.0,1.0,0,38789.0,0
0.0,1.0,1.0,0,13203.0,0
0.0,1.0,1.0,0,5270.0,0
0.0,1.0,1.0,0,20905.0,0
0.0,1.0,1.0,0,23823.0,0
0.0,1.0,1.0,0,25309.0,0
0.0,1.0,1.0,0,44291.0,0
0.0,1.0,1.0,0,1968.0,0
0.0,1.0,1.0,0,6487.0,0
0.0,1.0,1.0,0,4489.0,0
0.0,1.0,1.0,0,40590.0,0
0.0,1.0,1.0,0,74349.0,0
0.0,1.0,1.0,0,78796.0,0
0.0,1.0,1.0,0,52047.0,0
0.0,1.0,1.0,0,14027.0,0
1.0,1.0,1.0,0,22979.0,0
0.0,1.0,1.0,0,42852.0,0
0.0,1.0,1.0,0,74291.0,0
0.0,1.0,1.0,0,88521.0,0
0.0,1.0,1.0,0,42185.0,0
0.0,1.0,1.0,0,16363.0,0
0.0,1.0,1.0,0,78156.0,0
0.0,1.0,1.0,0,38647.0,0
0.0,1.0,1.0,0,28715.0,0
0.0,1.0,1.0,0,30520.0,0
0.0,1.0,1.0,0,55574.0,0
0.0,1.0,1.0,0,12724.0,0
1.0,1.0,1.0,0,7555.0,0
0.0,1.0,1.0,0,16102.0,0
0.0,1.0,1.0,0,90589.0,0
0.0,1.0,1.0,0,87629.0,0
0.0,1.0,1.0,0,2560.0,0
0.0,1.0,1.0,0,31624.0,0
0.0,1.0,1.0,0,55339.0,0
0.0,1.0,1.0,0,1059.0,0
0.0,1.0,1.0,0,97388.0,0
0.0,1.0,1.0,0,5059.0,0
0.0,1.0,1.0,0,11593.0,0
0.0,1.0,1.0,0,89119.0,0
0.0,1.0,1.0,0,66744.0,0
0.0,1.0,1.0,0,1179.0,0
0.0,1.0,1.0,0,50615.0,0
0.0,1.0,1.0,0,84287.0,0
0.0,1.0,1.0,0,27597.0,0
1.0,1.0,1.0,0,18747.0,0
0.0,1.0,1.0,0,105365.0,0
0.0,1.0,1.0,0,2836.0,0
0.0,1.0,1.0,0,18020.0,0
0.0,1.0,1.0,0,14102.0,0
0.0,1.0,1.0,0,20334.0,0
0.0,1.0,1.0,0,101721.0,0
0.0,1.0,1.0,0,26599.0,0
0.0,1.0,1.0,0,41708.0,0
0.0,1.0,1.0,0,634.0,0
0.0,1.0,1.0,0,6245.0,0
0.0,1.0,1.0,0,72194.0,0
0.0,1.0,1.0,0,4650.0,0
0.0,1.0,1.0,0,442.0,0
0.0,1.0,1.0,0,42780.0,0
1.0,1.0,1.0,0,67778.0,0
0.0,1.0,1.0,0,5335.0,0
0.0,1.0,1.0,0,70683.0,0
0.0,1.0,1.0,0,11100.0,0
0.0,1.0,1.0,0,3528.0,0
0.0,1.0,1.0,0,12646.0,0
0.0,1.0,1.0,0,5964.0,0
0.0,1.0,1.0,0,19275.0,0
1.0,1.0,1.0,0,45633.0,0
0.0,1.0,1.0,0,28096.0,0
0.0,1.0,1.0,0,68673.0,0
0.0,1.0,1.0,0,9299.0,0
0.0,1.0,1.0,0,24263.0,0
0.0,1.0,1.0,0,2081.0,0
0.0,1.0,1.0,0,1600.0,0
0.0,1.0,1.0,0,0.0,0
0.0,1.0,1.0,0,43884.0,0
1.0,1.0,1.0,0,11536.0,0
0.0,1.0,1.0,0,40382.0,0
0.0,1.0,1.0,0,16964.0,0
0.0,1.0,1.0,0,4704.0,0
0.0,1.0,1.0,0,88978.0,0
0.0,1.0,1.0,0,8921.0,0
0.0,1.0,1.0,0,111547.0,0
0.0,1.0,1.0,0,64981.0,0
0.0,1.0,1.0,0,42238.0,0
0.0,1.0,1.0,0,121482.0,0
0.0,1.0,1.0,0,4829.0,0
0.0,1.0,1.0,0,169019.0,0
0.0,1.0,1.0,0,38018.0,0
0.0,1.0,1.0,0,35918.0,0
1.0,1.0,1.0,0,6796.0,0
0.0,1.0,1.0,0,38150.0,0
1.0,1.0,1.0,0,34301.0,0
0.0,1.0,1.0,0,66598.0,0
0.0,1.0,1.0,0,11186.0,0
1.0,1.0,1.0,0,47988.0,0
1.0,1.0,1.0,0,50888.0,0
0.0,1.0,1.0,0,25450.0,0
0.0,1.0,1.0,0,6678.0,0
0.0,1.0,1.0,0,81688.0,0
0.0,1.0,1.0,0,19990.0,0
0.0,1.0,1.0,0,14744.0,0
1.0,1.0,1.0,0,816.0,0
1.0,1.0,1.0,0,30910.0,0
0.0,1.0,1.0,0,54835.0,0
0.0,1.0,1.0,0,38564.0,0
1.0,1.0,1.0,0,25568.0,0
1.0,1.0,1.0,0,5441.0,0
0.0,1.0,1.0,0,52147.0,0
0.0,1.0,1.0,0,83617.0,0
0.0,1.0,1.0,0,58137.0,0
0.0,1.0,1.0,0,1192.0,0
0.0,1.0,1.0,0,16740.0,0
0.0,1.0,1.0,0,16885.0,0
0.0,1.0,1.0,0,26826.0,0
0.0,1.0,1.0,0,3943.0,0
0.0,1.0,1.0,0,74775.0,0
0.0,1.0,1.0,0,22007.0,0
0.0,1.0,1.0,0,22520.0,0
0.0,1.0,1.0,0,13750.0,0
0.0,1.0,1.0,0,17946.0,0
0.0,1.0,1.0,0,73197.0,0
0.0,1.0,1.0,0,48594.0,0
0.0,1.0,1.0,0,1004.0,0
0.0,1.0,1.0,0,20902.0,0
0.0,1.0,1.0,0,39811.0,0
0.0,1.0,1.0,0,13962.0,0
0.0,1.0,1.0,0,70467.0,0
0.0,1.0,1.0,0,403.0,0
0.0,1.0,1.0,0,3520.0,0
0.0,1.0,1.0,0,99735.0,0
0.0,1.0,1.0,0,47403.0,0
0.0,1.0,1.0,0,71171.0,0
0.0,1.0,1.0,0,9139.0,0
0.0,1.0,1.0,0,12258.0,0
0.0,1.0,1.0,0,49871.0,0
0.0,1.0,1.0,0,10420.0,0
0.0,1.0,1.0,0,7735.0,0
0.0,1.0,1.0,0,8243.0,0
0.0,1.0,1.0,0,274.0,0
1.0,1.0,1.0,0,25582.0,0
0.0,1.0,1.0,0,42250.0,0
0.0,1.0,1.0,0,59479.0,0
1.0,1.0,1.0,0,15444.0,0
0.0,1.0,1.0,0,0.0,0
0.0,1.0,1.0,0,29428.0,0
0.0,1.0,1.0,0,54087.0,0
0.0,1.0,1.0,0,49964.0,0
0.0,1.0,1.0,0,9937.0,0
0.0,1.0,1.0,0,27459.0,0
0.0,1.0,1.0,0,39381.0,0
0.0,1.0,1.0,0,17751.0,0
0.0,1.0,1.0,0,36338.0,0
0.0,1.0,1.0,0,80452.0,0
0.0,1.0,1.0,0,41234.0,0
0.0,1.0,1.0,0,42235.0,0
1.0,1.0,1.0,0,95124.0,0
0.0,1.0,1.0,0,13713.0,0
0.0,1.0,1.0,0,20654.0,0
0.0,1.0,1.0,0,4227.0,0
0.0,1.0,1.0,0,55975.0,0
0.0,1.0,1.0,0,5788.0,0
0.0,1.0,1.0,0,28298.0,0
1.0,1.0,1.0,0,44534.0,0
0.0,1.0,1.0,0,52311.0,0
0.0,1.0,1.0,0,7034.0,0
0.0,1.0,1.0,0,1306.0,0
0.0,1.0,1.0,0,5663.0,0
0.0,1.0,1.0,0,102199.0,0
0.0,1.0,1.0,0,39725.0,0
0.0,1.0,1.0,0,62593.0,0
0.0,1.0,1.0,0,63678.0,0
0.0,1.0,1.0,0,25280.0,0
0.0,1.0,1.0,0,4563.0,0
0.0,1.0,1.0,0,71283.0,0
0.0,1.0,1.0,0,124475.0,0
0.0,1.0,1.0,0,3238.0,0
0.0,1.0,1.0,0,17075.0,0
0.0,1.0,1.0,0,23783.0,0
0.0,1.0,1.0,0,6105.0,0
0.0,1.0,1.0,0,13424.0,0
0.0,1.0,1.0,0,25359.0,0
0.0,1.0,1.0,0,5541.0,0
0.0,1.0,1.0,0,16828.0,0
0.0,1.0,1.0,0,7867.0,0
0.0,1.0,1.0,0,19125.0,0
0.0,1.0,1.0,0,2656.0,0
0.0,1.0,1.0,0,23196.0,0
0.0,1.0,1.0,0,36604.0,0
0.0,1.0,1.0,0,19923.0,0
0.0,1.0,1.0,0,71152.0,0
0.0,1.0,1.0,0,49916.0,0
0.0,1.0,1.0,0,5670.0,0
0.0,1.0,1.0,0,28162.0,0
0.0,1.0,1.0,0,37519.0,0
0.0,1.0,1.0,0,15573.0,0
0.0,1.0,1.0,0,51073.0,0
0.0,1.0,1.0,0,39972.0,0
0.0,1.0,1.0,0,16023.0,0
0.0,1.0,1.0,0,60356.0,0
1.0,1.0,1.0,0,15370.0,0
0.0,1.0,1.0,0,39575.0,0
0.0,1.0,1.0,0,49079.0,0
0.0,1.0,1.0,0,65216.0,0
0.0,1.0,1.0,0,76314.0,0
0.0,1.0,1.0,0,49760.0,0
0.0,1.0,1.0,0,587.0,0
0.0,1.0,1.0,0,84190.0,0
1.0,1.0,1.0,0,39901.0,0
0.0,1.0,1.0,0,3906.0,0
0.0,1.0,1.0,0,4176.0,0
0.0,1.0,1.0,0,1553.0,0
0.0,1.0,1.0,0,58640.0,0
0.0,1.0,1.0,0,14169.0,0
0.0,1.0,1.0,0,31571.0,0
0.0,1.0,1.0,0,27566.0,0
0.0,1.0,1.0,0,35333.0,0
0.0,1.0,1.0,0,24407.0,0
0.0,1.0,1.0,0,534.0,0
0.0,1.0,1.0,0,10856.0,0
0.0,1.0,1.0,0,75175.0,0
0.0,1.0,1.0,0,0.0,0
0.0,1.0,1.0,0,76770.0,0
0.0,1.0,1.0,0,14638.0,0
0.0,1.0,1.0,0,54229.0,0
0.0,1.0,1.0,0,65522.0,0
0.0,1.0,1.0,0,2460.0,0
0.0,1.0,2.0,0,13.0,0
0.0,1.0,1.0,0,32423.0,0
0.0,1.0,1.0,0,4496.0,0
0.0,1.0,1.0,0,5378.0,0
0.0,1.0,1.0,0,6599.0,0
0.0,2.0,1.0,0,176.0,0
0.0,1.0,1.0,0,927.0,0
0.0,1.0,1.0,0,4267.0,0
0.0,1.0,1.0,0,93448.0,0
0.0,1.0,1.0,0,11039.0,0
0.0,1.0,1.0,0,39027.0,0
0.0,1.0,1.0,0,352.0,0
0.0,1.0,1.0,0,25351.0,0
0.0,1.0,1.0,0,2005.0,0
1.0,1.0,1.0,0,23183.0,0
1.0,1.0,1.0,0,1060.0,0
0.0,1.0,1.0,0,11230.0,0
0.0,1.0,1.0,0,6975.0,0
0.0,1.0,1.0,0,17648.0,0
1.0,1.0,1.0,0,164669.0,0
0.0,1.0,1.0,0,1769.0,0
0.0,1.0,1.0,0,55443.0,0
0.0,1.0,1.0,0,24545.0,0
0.0,1.0,1.0,0,40164.0,0
0.0,1.0,1.0,0,82672.0,0
0.0,1.0,1.0,0,224101.0,0
0.0,1.0,1.0,0,78468.0,0
0.0,1.0,1.0,0,2307.0,0
0.0,1.0,1.0,0,14755.0,0
0.0,1.0,1.0,0,14796.0,0
1.0,1.0,1.0,0,19766.0,0
0.0,1.0,1.0,0,24488.0,0
0.0,1.0,1.0,0,1068.0,0
1.0,1.0,1.0,0,40020.0,0
1.0,1.0,1.0,0,23149.0,0
1.0,1.0,1.0,0,44563.0,0
0.0,1.0,1.0,0,18045.0,0
0.0,1.0,1.0,0,19526.0,0
0.0,1.0,1.0,0,198908.0,0
0.0,1.0,1.0,0,19311.0,0
0.0,1.0,1.0,0,70814.0,0
0.0,1.0,1.0,0,19590.0,0
0.0,1.0,1.0,0,7297.0,0
0.0,1.0,1.0,0,655.0,0
0.0,1.0,1.0,0,9304.0,0
0.0,1.0,1.0,0,68631.0,0
0.0,1.0,1.0,0,6050.0,0
0.0,1.0,1.0,0,7438.0,0
0.0,1.0,1.0,0,70595.0,0
0.0,1.0,1.0,0,2000.0,0
1.0,1.0,1.0,0,11350.0,0
0.0,1.0,1.0,0,2497.0,0
0.0,1.0,1.0,0,142663.0,0
0.0,1.0,1.0,0,201480.0,0
0.0,1.0,1.0,0,71913.0,0
0.0,1.0,1.0,0,10976.0,0
0.0,1.0,1.0,0,27815.0,0
0.0,1.0,1.0,0,4044.0,0
0.0,1.0,1.0,0,26649.0,0
0.0,1.0,1.0,0,14701.0,0
0.0,1.0,1.0,0,0.0,0
0.0,1.0,1.0,0,11967.0,0
0.0,1.0,1.0,0,28347.0,0
0.0,1.0,1.0,0,29595.0,0
0.0,1.0,1.0,0,21176.0,0
0.0,1.0,1.0,0,106865.0,0
0.0,1.0,1.0,0,53765.0,0
0.0,1.0,1.0,0,46629.0,0
0.0,1.0,1.0,0,103087.0,0
1.0,1.0,1.0,0,6032.0,0
0.0,1.0,1.0,0,1318.0,0
0.0,1.0,1.0,0,2721.0,0
0.0,1.0,1.0,0,4364.0,0
0.0,1.0,1.0,0,13011.0,0
0.0,1.0,1.0,0,9270.0,0
0.0,1.0,1.0,0,5089.0,0
0.0,1.0,1.0,0,52063.0,0
0.0,1.0,1.0,0,27179.0,0
0.0,1.0,1.0,0,8019.0,0
0.0,1.0,1.0,0,5397.0,0
0.0,1.0,1.0,0,24981.0,0
0.0,1.0,1.0,0,765.0,0
0.0,1.0,1.0,0,2217.0,0
0.0,1.0,1.0,0,21972.0,0
0.0,1.0,1.0,0,4852.0,0
1.0,1.0,1.0,0,76009.0,0
0.0,1.0,1.0,0,2086.0,0
0.0,1.0,1.0,0,20879.0,0
0.0,1.0,1.0,0,1808.0,0
0.0,1.0,1.0,0,16477.0,0
0.0,1.0,1.0,0,1861.0,0
0.0,1.0,1.0,0,25090.0,0
0.0,1.0,1.0,0,117381.0,0
0.0,1.0,1.0,0,6976.0,0
0.0,1.0,1.0,0,10312.0,0
0.0,1.0,1.0,0,40426.0,0
0.0,1.0,1.0,0,1522.0,0
0.0,1.0,1.0,0,20326.0,0
0.0,1.0,1.0,0,24675.0,0
0.0,1.0,1.0,0,58321.0,0
0.0,1.0,1.0,0,51634.0,0
0.0,1.0,1.0,0,1123.0,0
0.0,1.0,1.0,0,26741.0,0
0.0,1.0,1.0,0,2132.0,0
0.0,1.0,1.0,0,7372.0,0
0.0,1.0,1.0,0,826.0,0
0.0,1.0,1.0,0,11758.0,0
0.0,1.0,1.0,0,23110.0,0
1.0,1.0,1.0,0,7683.0,0
0.0,1.0,1.0,0,4022.0,0
0.0,1.0,1.0,0,7534.0,0
0.0,1.0,1.0,0,4259.0,0
0.0,1.0,1.0,0,93360.0,0
0.0,1.0,1.0,0,87617.0,0
1.0,1.0,1.0,0,8029.0,0
0.0,1.0,1.0,0,40453.0,0
0.0,1.0,1.0,0,94541.0,0
1.0,1.0,1.0,0,10842.0,0
0.0,1.0,1.0,0,13452.0,0
0.0,1.0,1.0,0,12694.0,0
0.0,1.0,1.0,0,105227.0,0
0.0,1.0,1.0,0,14858.0,0
0.0,1.0,1.0,0,11318.0,0
0.0,1.0,1.0,0,54168.0,0
0.0,1.0,1.0,0,69032.0,0
0.0,1.0,1.0,0,50125.0,1
0.0,1.0,1.0,0,105573.0,1
0.0,1.0,1.0,0,2158.0,1
0.0,1.0,1.0,0,20087.0,1
0.0,1.0,1.0,0,39249.0,1
0.0,1.0,1.0,0,14063.0,1
0.0,1.0,1.0,0,26235.0,1
0.0,1.0,1.0,0,58184.0,1
0.0,1.0,1.0,0,50588.0,1
0.0,1.0,1.0,0,28942.0,1
0.0,1.0,1.0,0,11925.0,1
0.0,1.0,1.0,0,19098.0,1
0.0,1.0,1.0,0,1926.0,1
0.0,1.0,1.0,0,1355.0,1
0.0,1.0,1.0,0,23234.0,1
0.0,1.0,1.0,0,23631.0,1
0.0,1.0,1.0,0,6384.0,1
0.0,1.0,1.0,0,56668.0,1
0.0,1.0,1.0,0,30583.0,1
0.0,1.0,1.0,0,21067.0,1
0.0,1.0,1.0,0,11482.0,1
0.0,1.0,1.0,0,93236.0,1
0.0,1.0,1.0,0,55028.0,1
1.0,1.0,1.0,0,0.0,0
0.0,1.0,1.0,0,62442.0,0
0.0,1.0,1.0,0,11501.0,0
0.0,1.0,1.0,0,15588.0,0
0.0,1.0,1.0,0,85653.0,0
0.0,1.0,1.0,0,31495.0,0
0.0,1.0,1.0,0,33937.0,0
0.0,1.0,1.0,0,89443.0,0
0.0,1.0,1.0,0,57274.0,0
0.0,1.0,1.0,0,6202.0,0
0.0,1.0,1.0,0,27524.0,0
0.0,1.0,1.0,0,16370.0,0
0.0,1.0,1.0,0,75023.0,0
0.0,1.0,1.0,0,19675.0,0
0.0,1.0,1.0,0,1451.0,0
0.0,1.0,1.0,0,9062.0,0
0.0,2.0,1.0,0,298.0,0
0.0,1.0,1.0,0,138324.0,0
0.0,1.0,1.0,0,79335.0,0
0.0,1.0,1.0,0,67639.0,0
0.0,1.0,1.0,0,717.0,0
0.0,1.0,1.0,0,221945.0,0
0.0,1.0,1.0,0,42636.0,0
1.0,1.0,1.0,0,37995.0,0
0.0,1.0,1.0,0,59189.0,0
0.0,1.0,1.0,0,2377.0,0
0.0,1.0,1.0,0,25882.0,0
0.0,1.0,1.0,0,21869.0,0
0.0,1.0,1.0,0,192802.0,0
0.0,1.0,1.0,0,91111.0,0
0.0,1.0,1.0,0,95071.0,0
0.0,1.0,1.0,0,71550.0,0
0.0,1.0,1.0,0,160512.0,0
0.0,1.0,1.0,0,9005.0,0
0.0,1.0,1.0,0,50766.0,0
0.0,1.0,1.0,0,16551.0,0
1.0,1.0,1.0,0,22354.0,0
1.0,1.0,1.0,0,2276.0,0
0.0,1.0,1.0,0,24846.0,0
0.0,1.0,1.0,0,145346.0,0
0.0,1.0,1.0,0,18314.0,0
0.0,1.0,1.0,0,12235.0,0
0.0,1.0,1.0,0,90551.0,0
0.0,1.0,1.0,0,15328.0,0
0.0,1.0,1.0,0,20087.0,0
0.0,1.0,1.0,0,734.0,0
0.0,1.0,1.0,0,64268.0,0
0.0,1.0,1.0,0,59307.0,0
1.0,1.0,1.0,0,79839.0,0
0.0,1.0,1.0,0,0.0,0
0.0,1.0,1.0,0,16931.0,0
0.0,1.0,1.0,0,79550.0,0
0.0,1.0,1.0,0,35122.0,0
0.0,1.0,1.0,0,6378.0,0
0.0,1.0,1.0,0,7175.0,0
0.0,1.0,1.0,0,190124.0,0
0.0,1.0,1.0,0,48300.0,0
0.0,1.0,1.0,0,145354.0,0
0.0,1.0,1.0,0,11014.0,0
0.0,1.0,1.0,0,28400.0,0
0.0,1.0,1.0,0,79843.0,0
0.0,1.0,1.0,0,6946.0,0
0.0,1.0,1.0,0,46186.0,0
0.0,1.0,1.0,0,218019.0,0
1.0,1.0,1.0,0,45180.0,0
0.0,1.0,1.0,0,4590.0,0
0.0,1.0,1.0,0,48502.0,0
0.0,1.0,1.0,0,34267.0,0
0.0,1.0,1.0,0,17041.0,0
0.0,1.0,1.0,0,98583.0,0
0.0,1.0,1.0,0,101098.0,0
0.0,1.0,1.0,0,50617.0,0
0.0,1.0,1.0,0,2696.0,0
0.0,1.0,1.0,0,9904.0,0
1.0,1.0,1.0,0,74639.0,0
0.0,1.0,1.0,0,62850.0,0
0.0,1.0,1.0,0,7889.0,0
0.0,1.0,1.0,0,33682.0,0
0.0,1.0,1.0,0,715.0,0
0.0,1.0,1.0,0,749.0,0
0.0,1.0,1.0,0,852.0,0
0.0,1.0,1.0,0,731.0,0
0.0,1.0,1.0,0,680.0,0
0.0,1.0,1.0,0,795.0,0
0.0,1.0,1.0,0,30236.0,0
0.0,1.0,1.0,0,23253.0,0
0.0,1.0,1.0,0,1581.0,0
1.0,1.0,1.0,0,23221.0,0
0.0,1.0,1.0,0,43129.0,0
0.0,1.0,1.0,0,53718.0,0
0.0,1.0,1.0,0,22470.0,0
0.0,1.0,1.0,0,10912.0,0
0.0,1.0,1.0,0,107624.0,0
0.0,1.0,1.0,0,16170.0,0
0.0,1.0,1.0,0,6954.0,0
0.0,1.0,1.0,0,1387.0,0
0.0,1.0,1.0,0,643.0,0
0.0,1.0,1.0,0,447.0,0
0.0,1.0,1.0,0,389.0,0
0.0,1.0,1.0,0,656.0,0
1.0,1.0,1.0,0,40362.0,0
0.0,1.0,1.0,0,2632.0,0
0.0,1.0,1.0,0,5718.0,0
0.0,1.0,1.0,0,50313.0,0
0.0,1.0,1.0,0,782.0,0
0.0,2.0,1.0,0,164.0,0
0.0,1.0,1.0,0,713.0,0
0.0,1.0,1.0,0,466.0,0
0.0,1.0,1.0,0,622.0,0
0.0,1.0,1.0,0,651.0,0
0.0,2.0,1.0,0,257.0,0
0.0,1.0,1.0,0,734.0,0
0.0,1.0,1.0,0,738.0,0
0.0,1.0,1.0,0,352.0,0
0.0,1.0,1.0,0,669.0,0
0.0,1.0,1.0,0,555.0,0
0.0,1.0,1.0,0,477.0,0
0.0,1.0,1.0,0,16840.0,0
0.0,1.0,1.0,0,3120.0,0
0.0,1.0,1.0,0,42956.0,0
0.0,1.0,1.0,0,39240.0,0
1.0,1.0,1.0,0,748.0,0
0.0,1.0,1.0,0,101268.0,0
0.0,1.0,1.0,0,9920.0,0
0.0,1.0,1.0,0,7127.0,0
0.0,1.0,1.0,0,4163.0,0
0.0,1.0,1.0,0,10731.0,0
0.0,1.0,1.0,0,69556.0,0
0.0,1.0,1.0,0,36383.0,1
0.0,1.0,1.0,0,112011.0,1
0.0,1.0,1.0,0,946.0,1
0.0,1.0,1.0,0,17770.0,1
1.0,1.0,1.0,0,15053.0,1
0.0,1.0,1.0,0,13397.0,1
0.0,1.0,1.0,0,183.0,1
0.0,1.0,1.0,0,147.0,1
0.0,1.0,1.0,0,784.0,1
0.0,1.0,1.0,0,153.0,1
0.0,1.0,1.0,0,392.0,1
0.0,2.0,2.0,0,33.0,1
0.0,1.0,1.0,0,612.0,1
0.0,1.0,1.0,0,879.0,1
0.0,1.0,1.0,0,429.0,1
1.0,1.0,1.0,0,0.0,0
0.0,1.0,1.0,0,29504.0,0
0.0,1.0,1.0,0,149754.0,0
0.0,1.0,1.0,0,18122.0,0
1.0,1.0,1.0,0,125362.0,0
0.0,1.0,1.0,0,143684.0,0
0.0,1.0,1.0,0,22659.0,0
0.0,1.0,1.0,0,32143.0,0
0.0,1.0,1.0,0,64662.0,0
0.0,1.0,1.0,0,2232.0,0
0.0,1.0,1.0,0,9173.0,0
0.0,1.0,1.0,0,9466.0,0
0.0,1.0,1.0,0,3411.0,0
0.0,1.0,1.0,0,69334.0,0
0.0,1.0,1.0,0,44356.0,0
0.0,1.0,1.0,0,50963.0,0
0.0,1.0,1.0,0,58525.0,0
0.0,1.0,1.0,0,116885.0,0
0.0,1.0,1.0,0,81549.0,0
0.0,1.0,1.0,0,9892.0,0
0.0,1.0,1.0,0,11287.0,0
0.0,1.0,1.0,0,31319.0,0
0.0,1.0,1.0,0,72933.0,0
0.0,1.0,1.0,0,18481.0,0
0.0,1.0,1.0,0,63535.0,0
0.0,1.0,1.0,0,83299.0,0
0.0,1.0,1.0,0,28376.0,0
0.0,1.0,1.0,0,68127.0,0
0.0,1.0,1.0,0,8844.0,0
0.0,1.0,1.0,0,80416.0,0
0.0,1.0,1.0,0,16975.0,0
0.0,1.0,1.0,0,25619.0,0
0.0,1.0,1.0,0,15648.0,0
0.0,1.0,1.0,0,52845.0,0
0.0,1.0,1.0,0,4762.0,0
0.0,1.0,1.0,0,13232.0,0
0.0,1.0,1.0,0,31116.0,0
0.0,1.0,1.0,0,568.0,0
0.0,1.0,1.0,0,24428.0,0
0.0,1.0,1.0,0,21156.0,0
0.0,1.0,1.0,0,27590.0,0
0.0,1.0,1.0,0,150723.0,0
1.0,1.0,1.0,0,21706.0,0
0.0,1.0,1.0,0,5995.0,0
0.0,1.0,1.0,0,42475.0,0
0.0,1.0,1.0,0,13031.0,0
0.0,1.0,1.0,0,236709.0,0
0.0,1.0,1.0,0,13908.0,0
0.0,1.0,1.0,0,63650.0,0
0.0,1.0,1.0,0,59555.0,0
0.0,1.0,1.0,0,31249.0,0
0.0,1.0,1.0,0,83234.0,0
0.0,2.0,1.0,0,188.0,0
0.0,1.0,1.0,0,838.0,0
0.0,1.0,1.0,0,395.0,0
0.0,1.0,1.0,0,322.0,0
0.0,1.0,1.0,0,495.0,0
0.0,1.0,1.0,0,60745.0,0
0.0,1.0,1.0,0,32335.0,0
0.0,1.0,1.0,0,10360.0,0
0.0,1.0,1.0,0,2434.0,0
0.0,1.0,1.0,0,0.0,0
0.0,1.0,1.0,0,37731.0,0
0.0,1.0,1.0,0,73056.0,0
1.0,1.0,1.0,0,16459.0,0
0.0,1.0,1.0,0,85153.0,0
1.0,1.0,1.0,0,66742.0,0
0.0,1.0,1.0,0,11258.0,0
0.0,1.0,1.0,0,976.0,0
0.0,1.0,1.0,0,12008.0,0
0.0,1.0,1.0,0,1844.0,0
0.0,1.0,1.0,0,37249.0,0
0.0,1.0,1.0,0,16557.0,0
0.0,1.0,1.0,0,9238.0,0
0.0,1.0,1.0,0,110262.0,0
0.0,1.0,1.0,0,2724.0,0
0.0,1.0,1.0,0,9326.0,0
0.0,1.0,1.0,0,12349.0,0
1.0,1.0,1.0,0,67591.0,0
0.0,1.0,1.0,0,92104.0,0
0.0,1.0,1.0,0,47609.0,0
0.0,1.0,1.0,0,10753.0,0
0.0,1.0,1.0,0,26970.0,0
1.0,1.0,1.0,0,21036.0,0
0.0,1.0,1.0,0,4759.0,0
0.0,1.0,1.0,0,20222.0,0
0.0,1.0,1.0,0,86027.0,0
0.0,1.0,1.0,0,66160.0,0
1.0,1.0,1.0,0,82373.0,0
1.0,1.0,1.0,0,611.0,0
0.0,1.0,1.0,0,26437.0,0
0.0,1.0,1.0,0,45029.0,0
0.0,1.0,1.0,0,16279.0,0
0.0,1.0,1.0,0,22908.0,0
0.0,1.0,1.0,0,5030.0,0
0.0,1.0,1.0,0,61817.0,0
0.0,1.0,1.0,0,303.0,0
0.0,1.0,1.0,0,5490.0,0
0.0,1.0,1.0,0,39064.0,0
0.0,1.0,1.0,0,419.0,0
0.0,1.0,1.0,0,1528.0,0
0.0,1.0,1.0,0,19086.0,0
0.0,1.0,1.0,0,41240.0,0
0.0,1.0,1.0,0,2635.0,0
0.0,1.0,1.0,0,22134.0,0
0.0,1.0,1.0,0,74056.0,0
0.0,1.0,1.0,0,35443.0,0
0.0,1.0,1.0,0,10421.0,0
0.0,1.0,1.0,0,12930.0,0
0.0,1.0,1.0,0,13144.0,0
0.0,1.0,1.0,0,9345.0,0
1.0,1.0,1.0,0,77766.0,0
0.0,1.0,1.0,0,43538.0,0
0.0,1.0,1.0,0,17997.0,0
1.0,1.0,1.0,0,9740.0,0
0.0,1.0,1.0,0,3607.0,0
0.0,1.0,1.0,0,7346.0,0
0.0,1.0,1.0,0,8814.0,0
1.0,1.0,1.0,0,22593.0,0
0.0,1.0,1.0,0,25274.0,0
0.0,1.0,1.0,0,12148.0,0
0.0,1.0,1.0,0,46175.0,0
0.0,1.0,1.0,0,189704.0,0
0.0,1.0,1.0,0,71571.0,0
0.0,1.0,1.0,0,13940.0,0
1.0,1.0,1.0,0,27465.0,0
0.0,1.0,1.0,0,11816.0,0
0.0,1.0,1.0,0,800.0,0
0.0,1.0,1.0,0,32272.0,0
0.0,1.0,1.0,0,14116.0,0
0.0,1.0,1.0,0,49147.0,0
0.0,1.0,1.0,0,3062.0,0
0.0,1.0,1.0,0,34412.0,0
0.0,1.0,1.0,0,35563.0,0
0.0,1.0,1.0,0,28117.0,0
0.0,1.0,1.0,0,25562.0,0
0.0,1.0,1.0,0,12218.0,0
0.0,1.0,1.0,0,61572.0,0
0.0,1.0,1.0,0,91953.0,0
0.0,1.0,1.0,0,0.0,0
0.0,1.0,1.0,0,59627.0,0
0.0,1.0,1.0,0,23654.0,0
0.0,1.0,1.0,0,4467.0,0
0.0,1.0,1.0,0,3717.0,0
0.0,1.0,1.0,0,10008.0,0
0.0,1.0,1.0,0,7322.0,0
0.0,1.0,1.0,0,7253.0,0
0.0,1.0,1.0,0,61693.0,0
0.0,1.0,1.0,0,32889.0,0
0.0,1.0,1.0,0,5570.0,0
0.0,1.0,1.0,0,13626.0,0
0.0,1.0,1.0,0,5809.0,0
0.0,1.0,1.0,0,15591.0,0
0.0,1.0,1.0,0,44629.0,0
0.0,1.0,1.0,0,37470.0,0
0.0,1.0,1.0,0,12244.0,0
0.0,1.0,1.0,0,43830.0,0
0.0,1.0,1.0,0,13999.0,0
0.0,1.0,1.0,0,31987.0,0
0.0,1.0,1.0,0,1780.0,0
0.0,1.0,1.0,0,8758.0,0
0.0,1.0,1.0,0,58280.0,0
0.0,1.0,1.0,0,1157.0,0
0.0,1.0,1.0,0,18839.0,0
0.0,1.0,1.0,0,53357.0,0
0.0,1.0,1.0,0,6294.0,0
1.0,1.0,1.0,0,157811.0,0
0.0,1.0,1.0,0,6978.0,0
0.0,1.0,1.0,0,8262.0,0
0.0,1.0,1.0,0,24603.0,0
0.0,1.0,1.0,0,7949.0,0
0.0,1.0,1.0,0,9500.0,0
0.0,1.0,1.0,0,57416.0,0
0.0,1.0,1.0,0,57449.0,0
0.0,1.0,1.0,0,153423.0,0
0.0,1.0,1.0,0,5686.0,0
0.0,1.0,1.0,0,79500.0,0
0.0,1.0,1.0,0,68798.0,0
0.0,1.0,1.0,0,7985.0,0
1.0,1.0,1.0,0,12597.0,0
0.0,1.0,1.0,0,121839.0,0
0.0,1.0,1.0,0,22084.0,0
0.0,1.0,1.0,0,15234.0,0
0.0,2.0,1.0,0,208.0,0
0.0,1.0,1.0,0,50669.0,1
0.0,1.0,1.0,0,17499.0,1
0.0,1.0,1.0,0,49729.0,1
0.0,1.0,1.0,0,13657.0,1
0.0,1.0,1.0,0,61578.0,1
0.0,1.0,1.0,0,35791.0,1
1.0,1.0,1.0,0,13564.0,1
0.0,1.0,1.0,0,19549.0,1
1.0,1.0,1.0,0,6951.0,1
0.0,1.0,1.0,0,36947.0,1
1.0,1.0,1.0,0,2029.0,1
0.0,1.0,1.0,0,20791.0,1
1.0,1.0,1.0,0,3002.0,1
0.0,1.0,1.0,0,15554.0,1
0.0,1.0,1.0,0,18131.0,1
0.0,1.0,1.0,0,57838.0,1
0.0,1.0,1.0,0,33399.0,1
1.0,1.0,1.0,0,10780.0,1
0.0,1.0,1.0,0,28219.0,1
0.0,1.0,1.0,0,21417.0,1
0.0,1.0,1.0,0,5371.0,1
0.0,1.0,1.0,0,7057.0,1
1.0,1.0,1.0,0,8149.0,1
0.0,1.0,1.0,0,51071.0,1
0.0,1.0,1.0,0,104918.0,1
0.0,1.0,1.0,0,74673.0,1
0.0,1.0,1.0,0,2395.0,1
0.0,1.0,1.0,0,1453.0,1
0.0,1.0,1.0,0,69528.0,1
0.0,1.0,1.0,0,12369.0,1
0.0,1.0,1.0,0,40708.0,1
0.0,1.0,1.0,0,2263.0,1
0.0,1.0,1.0,0,116634.0,1
0.0,1.0,1.0,0,43643.0,1
0.0,1.0,1.0,0,19007.0,1
0.0,1.0,1.0,0,1532.0,1
0.0,1.0,1.0,0,0.0,0
0.0,1.0,1.0,0,20834.0,0
0.0,1.0,1.0,0,1944.0,0
0.0,1.0,1.0,0,68277.0,0
0.0,1.0,1.0,0,33132.0,0
0.0,1.0,1.0,0,29829.0,0
0.0,1.0,1.0,0,43315.0,0
0.0,1.0,1.0,0,12347.0,0
0.0,1.0,1.0,0,113480.0,0
0.0,1.0,1.0,0,190517.0,0
0.0,1.0,1.0,0,2409.0,0
1.0,1.0,1.0,0,17399.0,0
0.0,1.0,1.0,0,41389.0,0
0.0,1.0,1.0,0,2275.0,0
0.0,1.0,1.0,0,24017.0,0
0.0,1.0,1.0,0,15690.0,0
0.0,1.0,1.0,0,14845.0,0
0.0,1.0,1.0,0,1986.0,0
0.0,1.0,1.0,0,23448.0,0
0.0,1.0,1.0,0,2465.0,0
0.0,1.0,1.0,0,61330.0,0
0.0,1.0,1.0,0,10825.0,0
0.0,1.0,1.0,0,51177.0,0
0.0,1.0,1.0,0,3198.0,0
0.0,1.0,1.0,0,7837.0,0
0.0,1.0,1.0,0,30694.0,0
0.0,1.0,1.0,0,57323.0,0
0.0,1.0,1.0,0,28098.0,0
0.0,1.0,1.0,0,20592.0,0
0.0,1.0,1.0,0,19515.0,0
0.0,1.0,1.0,0,28392.0,0
0.0,1.0,1.0,0,10098.0,0
0.0,1.0,1.0,0,7412.0,0
0.0,1.0,1.0,0,26266.0,0
0.0,1.0,1.0,0,23492.0,0
0.0,1.0,1.0,0,2824.0,0
0.0,1.0,1.0,0,10950.0,0
0.0,1.0,1.0,0,25681.0,0
0.0,1.0,1.0,0,51040.0,0
0.0,1.0,1.0,0,45668.0,0
0.0,1.0,1.0,0,28653.0,0
0.0,1.0,1.0,0,8728.0,0
0.0,1.0,1.0,0,104929.0,0
0.0,1.0,1.0,0,36882.0,0
0.0,1.0,1.0,0,19539.0,0
0.0,1.0,1.0,0,5623.0,0
0.0,1.0,1.0,0,124584.0,0
0.0,1.0,1.0,0,68740.0,0
0.0,1.0,1.0,0,87108.0,0
0.0,1.0,1.0,0,13110.0,0
0.0,1.0,1.0,0,4431.0,0
0.0,1.0,1.0,0,15166.0,0
0.0,1.0,1.0,0,12567.0,0
0.0,1.0,1.0,0,11366.0,0
1.0,1.0,1.0,0,3354.0,0
0.0,1.0,1.0,0,5082.0,0
0.0,1.0,1.0,0,36632.0,0
0.0,1.0,1.0,0,9384.0,0
0.0,1.0,1.0,0,63296.0,0
0.0,1.0,1.0,0,47156.0,0
0.0,1.0,1.0,0,4361.0,0
0.0,1.0,1.0,0,19111.0,0
0.0,1.0,1.0,0,5233.0,0
0.0,1.0,1.0,0,40653.0,0
0.0,1.0,1.0,0,84377.0,0
0.0,1.0,1.0,0,42038.0,0
0.0,1.0,1.0,0,46653.0,0
0.0,1.0,1.0,0,18569.0,0
0.0,1.0,1.0,0,13394.0,0
0.0,1.0,1.0,0,90216.0,0
0.0,1.0,1.0,0,17350.0,0
0.0,1.0,1.0,0,6656.0,0
0.0,1.0,1.0,0,39472.0,0
0.0,1.0,1.0,0,19400.0,0
0.0,1.0,1.0,0,53035.0,0
0.0,1.0,1.0,0,12952.0,0
0.0,1.0,1.0,0,1590.0,0
0.0,1.0,1.0,0,51645.0,0
0.0,1.0,1.0,0,3368.0,0
0.0,1.0,1.0,0,18180.0,0
0.0,1.0,1.0,0,18961.0,0
0.0,1.0,1.0,0,0.0,0
0.0,1.0,1.0,0,2966.0,0
0.0,1.0,1.0,0,1538.0,0
0.0,1.0,1.0,0,79708.0,0
0.0,1.0,1.0,0,21868.0,0
0.0,1.0,1.0,0,39564.0,0
0.0,1.0,1.0,0,24767.0,0
0.0,1.0,1.0,0,7875.0,0
1.0,1.0,1.0,0,73174.0,0
0.0,1.0,1.0,0,59950.0,0
0.0,1.0,1.0,0,51928.0,0
0.0,1.0,1.0,0,8304.0,0
0.0,1.0,1.0,0,22802.0,0
0.0,1.0,1.0,0,33093.0,0
0.0,1.0,1.0,0,21457.0,0
0.0,1.0,1.0,0,4541.0,0
0.0,1.0,1.0,0,16322.0,0
0.0,1.0,1.0,0,86119.0,0
0.0,1.0,1.0,0,44610.0,0
0.0,1.0,1.0,0,534.0,0
0.0,1.0,1.0,0,31852.0,0
0.0,1.0,1.0,0,94228.0,0
0.0,1.0,1.0,0,6098.0,0
0.0,1.0,1.0,0,59572.0,0
0.0,1.0,1.0,0,9326.0,0
0.0,1.0,1.0,0,31875.0,0
0.0,1.0,1.0,0,56266.0,0
0.0,1.0,1.0,0,34411.0,0
0.0,1.0,1.0,0,1047.0,0
0.0,1.0,1.0,0,4096.0,0
0.0,1.0,1.0,0,8979.0,0
0.0,1.0,1.0,0,15572.0,0
0.0,1.0,1.0,0,43688.0,0
0.0,1.0,1.0,0,44047.0,0
0.0,1.0,1.0,0,90433.0,0
0.0,1.0,1.0,0,22616.0,0
1.0,1.0,1.0,0,26442.0,0
0.0,1.0,1.0,0,8296.0,0
0.0,1.0,1.0,0,48161.0,0
0.0,1.0,1.0,0,10006.0,0
0.0,1.0,1.0,0,1536.0,0
0.0,1.0,1.0,0,5031.0,0
0.0,1.0,1.0,0,5820.0,0
0.0,1.0,1.0,0,2271.0,0
0.0,1.0,1.0,0,29116.0,0
0.0,1.0,1.0,0,48439.0,0
1.0,1.0,1.0,0,5532.0,0
0.0,1.0,1.0,0,16808.0,0
0.0,1.0,1.0,0,5024.0,0
0.0,1.0,1.0,0,62496.0,0
0.0,1.0,1.0,0,7942.0,0
0.0,1.0,1.0,0,29159.0,0
1.0,1.0,1.0,0,70738.0,0
0.0,1.0,1.0,0,8319.0,0
0.0,1.0,1.0,0,42618.0,0
0.0,1.0,1.0,0,882.0,0
0.0,1.0,1.0,0,115514.0,0
0.0,1.0,1.0,0,3954.0,0
0.0,1.0,1.0,0,122133.0,0
0.0,1.0,1.0,0,33433.0,0
0.0,1.0,1.0,0,40766.0,0
0.0,1.0,1.0,0,18789.0,0
1.0,1.0,1.0,0,29500.0,0
0.0,1.0,1.0,0,35245.0,1
0.0,1.0,1.0,0,26908.0,1
1.0,1.0,1.0,0,29122.0,1
0.0,1.0,1.0,0,56365.0,1
0.0,1.0,1.0,0,19432.0,1
0.0,1.0,1.0,0,56145.0,1
0.0,1.0,1.0,0,581.0,1
1.0,1.0,1.0,0,58669.0,1
0.0,1.0,1.0,0,8797.0,1
0.0,1.0,1.0,0,49768.0,1
0.0,1.0,1.0,0,21266.0,1
0.0,1.0,1.0,0,11668.0,1
0.0,1.0,1.0,0,37098.0,1
0.0,1.0,1.0,0,22055.0,1
1.0,1.0,1.0,0,49668.0,1
0.0,1.0,1.0,0,12505.0,1
0.0,1.0,1.0,0,10422.0,1
0.0,1.0,1.0,0,20610.0,1
0.0,1.0,1.0,0,33280.0,1
0.0,1.0,1.0,0,0.0,0
0.0,1.0,1.0,0,157196.0,0
0.0,1.0,1.0,0,8196.0,0
0.0,1.0,1.0,0,23944.0,0
0.0,1.0,1.0,0,21242.0,0
0.0,1.0,1.0,0,6524.0,0
0.0,1.0,1.0,0,16213.0,0
0.0,1.0,1.0,0,12193.0,0
0.0,1.0,1.0,0,7127.0,0
0.0,1.0,1.0,0,30859.0,0
0.0,1.0,1.0,0,4231.0,0
0.0,1.0,1.0,0,60064.0,0
0.0,1.0,1.0,0,20921.0,0
0.0,1.0,1.0,0,27316.0,0
0.0,1.0,1.0,0,63371.0,0
0.0,1.0,1.0,0,18398.0,0
0.0,1.0,1.0,0,16862.0,0
1.0,1.0,1.0,0,45053.0,0
0.0,1.0,1.0,0,94434.0,0
0.0,1.0,1.0,0,32455.0,0
0.0,1.0,1.0,0,93872.0,0
0.0,1.0,1.0,0,110349.0,0
0.0,1.0,1.0,0,34846.0,0
0.0,1.0,1.0,0,14827.0,0
0.0,1.0,1.0,0,1245.0,0
0.0,1.0,1.0,0,13630.0,0
0.0,1.0,1.0,0,8125.0,0
0.0,1.0,1.0,0,2244.0,0
0.0,1.0,1.0,0,8768.0,0
0.0,1.0,1.0,0,2624.0,0
0.0,1.0,1.0,0,20902.0,0
1.0,1.0,1.0,0,35057.0,0
1.0,1.0,1.0,0,2362.0,0
0.0,1.0,1.0,0,93415.0,0
0.0,1.0,1.0,0,23047.0,0
0.0,1.0,1.0,0,6104.0,0
0.0,1.0,1.0,0,30857.0,0
0.0,1.0,1.0,0,21982.0,0
1.0,1.0,1.0,0,3487.0,0
0.0,1.0,1.0,0,12592.0,0
0.0,1.0,1.0,0,74261.0,0
1.0,1.0,1.0,0,1760.0,0
0.0,1.0,1.0,0,1490.0,0
0.0,1.0,1.0,0,20218.0,0
0.0,1.0,1.0,0,25463.0,0
0.0,1.0,1.0,0,23497.0,0
1.0,1.0,1.0,0,95711.0,0
0.0,1.0,1.0,0,131849.0,0
0.0,1.0,1.0,0,49244.0,0
1.0,1.0,1.0,0,67932.0,0
0.0,1.0,1.0,0,9268.0,0
0.0,1.0,1.0,0,81834.0,0
0.0,1.0,1.0,0,32383.0,0
0.0,1.0,1.0,0,10391.0,0
0.0,1.0,1.0,0,5018.0,0
0.0,1.0,1.0,0,86760.0,0
0.0,1.0,1.0,0,24750.0,0
0.0,1.0,1.0,0,8853.0,0
0.0,1.0,1.0,0,60836.0,0
0.0,1.0,1.0,0,69925.0,0
0.0,1.0,1.0,0,41286.0,0
0.0,1.0,1.0,0,12037.0,0
0.0,1.0,1.0,0,17013.0,0
0.0,1.0,1.0,0,5978.0,0
0.0,1.0,1.0,0,4614.0,0
0.0,1.0,1.0,0,101873.0,0
0.0,1.0,1.0,0,25074.0,0
0.0,1.0,1.0,0,1277.0,0
0.0,1.0,1.0,0,24050.0,0
0.0,1.0,1.0,0,57777.0,0
0.0,1.0,1.0,0,5333.0,0
0.0,1.0,1.0,0,896.0,0
0.0,1.0,1.0,0,101508.0,0
0.0,1.0,1.0,0,10763.0,0
0.0,1.0,1.0,0,40254.0,0
0.0,1.0,1.0,0,0.0,0
0.0,1.0,1.0,0,29796.0,0
0.0,1.0,1.0,0,11540.0,0
0.0,1.0,1.0,0,29302.0,0
0.0,1.0,1.0,0,23851.0,0
0.0,1.0,1.0,0,100943.0,0
0.0,1.0,1.0,0,13642.0,0
0.0,1.0,1.0,0,33778.0,0
0.0,1.0,1.0,0,8212.0,0
0.0,1.0,1.0,0,688.0,0
1.0,1.0,1.0,0,54714.0,0
0.0,1.0,1.0,0,12255.0,0
0.0,1.0,1.0,0,579.0,0
0.0,1.0,1.0,0,884.0,0
0.0,1.0,1.0,0,708.0,0
0.0,1.0,1.0,0,674.0,0
0.0,2.0,1.0,0,231.0,0
0.0,1.0,1.0,0,33394.0,0
0.0,1.0,1.0,0,46882.0,0
0.0,1.0,1.0,0,44775.0,0
0.0,1.0,1.0,0,51286.0,0
0.0,1.0,1.0,0,85021.0,0
0.0,1.0,1.0,0,36712.0,0
0.0,1.0,1.0,0,2120.0,0
0.0,1.0,1.0,0,49317.0,0
0.0,1.0,1.0,0,45144.0,0
0.0,1.0,1.0,0,126574.0,0
0.0,1.0,1.0,0,480.0,0
0.0,1.0,1.0,0,368.0,0
0.0,1.0,1.0,0,780.0,0
0.0,1.0,1.0,0,567.0,0
0.0,1.0,1.0,0,536.0,0
0.0,1.0,1.0,0,540.0,0
0.0,1.0,1.0,0,891.0,0
0.0,1.0,1.0,0,26651.0,0
0.0,1.0,1.0,0,85222.0,0
1.0,1.0,1.0,0,41001.0,0
0.0,1.0,1.0,0,263.0,0
0.0,1.0,1.0,0,10483.0,0
0.0,1.0,1.0,0,28340.0,0
0.0,1.0,1.0,0,24045.0,0
0.0,1.0,1.0,0,11090.0,0
0.0,1.0,1.0,0,14208.0,0
0.0,1.0,1.0,0,87337.0,0
0.0,1.0,1.0,0,43457.0,0
0.0,1.0,1.0,0,7812.0,0
0.0,1.0,1.0,0,14618.0,0
0.0,1.0,1.0,0,13454.0,0
0.0,1.0,1.0,0,4020.0,0
0.0,1.0,1.0,0,16473.0,0
0.0,1.0,1.0,0,166464.0,0
0.0,1.0,1.0,0,26278.0,0
0.0,1.0,1.0,0,10001.0,0
0.0,1.0,1.0,0,10203.0,0
0.0,1.0,1.0,0,65285.0,0
0.0,1.0,1.0,0,48476.0,0
0.0,1.0,1.0,0,15375.0,0
0.0,1.0,1.0,0,45711.0,0
0.0,1.0,1.0,0,12021.0,0
0.0,1.0,1.0,0,39259.0,0
0.0,1.0,1.0,0,4581.0,0
0.0,1.0,1.0,0,1451.0,0
0.0,1.0,1.0,0,7624.0,0
0.0,1.0,1.0,0,18780.0,0
0.0,1.0,1.0,0,11973.0,0
0.0,1.0,1.0,0,16756.0,0
0.0,1.0,1.0,0,1942.0,0
0.0,1.0,1.0,0,17354.0,0
0.0,1.0,1.0,0,2521.0,0
0.0,1.0,1.0,0,17353.0,0
0.0,1.0,1.0,0,8963.0,0
0.0,1.0,1.0,0,3512.0,0
0.0,1.0,1.0,0,5556.0,0
0.0,1.0,1.0,0,58675.0,0
0.0,1.0,1.0,0,16216.0,0
0.0,1.0,1.0,0,3149.0,0
0.0,1.0,1.0,0,59774.0,0
1.0,1.0,1.0,0,42812.0,0
0.0,1.0,1.0,0,6995.0,0
0.0,1.0,1.0,0,10798.0,0
0.0,1.0,1.0,0,89457.0,0
0.0,1.0,1.0,0,2156.0,0
0.0,1.0,1.0,0,18197.0,0
1.0,1.0,1.0,0,79452.0,0
0.0,1.0,1.0,0,26039.0,0
1.0,1.0,1.0,0,42849.0,0
0.0,1.0,1.0,0,13335.0,0
0.0,1.0,1.0,0,14658.0,0
0.0,1.0,1.0,0,47768.0,0
0.0,1.0,1.0,0,41437.0,0
0.0,1.0,1.0,0,16840.0,0
0.0,1.0,1.0,0,9449.0,0
0.0,1.0,1.0,0,26680.0,0
0.0,1.0,1.0,0,32657.0,0
0.0,1.0,1.0,0,59512.0,0
0.0,1.0,1.0,0,16533.0,0
0.0,1.0,1.0,0,9559.0,0
0.0,1.0,1.0,0,0.0,0
0.0,1.0,1.0,0,12561.0,0
0.0,1.0,1.0,0,52940.0,0
0.0,1.0,1.0,0,51226.0,0
0.0,1.0,1.0,0,7267.0,0
0.0,1.0,1.0,0,101221.0,0
0.0,1.0,1.0,0,820.0,0
0.0,1.0,1.0,0,501.0,0
0.0,1.0,1.0,0,739.0,0
0.0,1.0,1.0,0,529.0,0
0.0,1.0,1.0,0,446.0,0
0.0,1.0,1.0,0,900.0,0
0.0,1.0,1.0,0,32086.0,0
0.0,1.0,1.0,0,23012.0,0
0.0,1.0,1.0,0,3809.0,0
1.0,1.0,1.0,0,11038.0,0
0.0,1.0,1.0,0,31887.0,0
1.0,1.0,1.0,0,146159.0,0
0.0,1.0,1.0,0,3076.0,0
0.0,1.0,1.0,0,18468.0,0
0.0,1.0,1.0,0,107689.0,0
1.0,1.0,1.0,0,23274.0,0
0.0,1.0,1.0,0,25423.0,0
0.0,1.0,1.0,0,34228.0,0
0.0,1.0,1.0,0,48349.0,0
1.0,1.0,1.0,0,20019.0,0
0.0,1.0,1.0,0,108078.0,0
0.0,1.0,1.0,0,102815.0,0
0.0,1.0,1.0,0,1858.0,0
0.0,1.0,1.0,0,42689.0,0
0.0,1.0,1.0,0,14292.0,0
0.0,1.0,1.0,0,11120.0,0
0.0,1.0,1.0,0,25947.0,0
0.0,2.0,1.0,0,294.0,0
0.0,1.0,1.0,0,523.0,0
0.0,1.0,1.0,0,359.0,0
0.0,1.0,1.0,0,467.0,0
0.0,2.0,1.0,0,156.0,0
0.0,1.0,1.0,0,353.0,0
0.0,1.0,1.0,0,893.0,0
0.0,1.0,1.0,0,591.0,0
0.0,1.0,1.0,0,324.0,0
0.0,1.0,1.0,0,81301.0,0
0.0,1.0,1.0,0,23418.0,0
0.0,1.0,1.0,0,65930.0,0
0.0,1.0,1.0,0,100315.0,0
0.0,1.0,1.0,0,32575.0,0
0.0,1.0,1.0,0,51600.0,0
0.0,1.0,1.0,0,33753.0,0
0.0,1.0,1.0,0,9743.0,0
0.0,1.0,1.0,0,55537.0,0
0.0,1.0,1.0,0,4723.0,0
0.0,1.0,1.0,0,135862.0,0
0.0,1.0,1.0,0,23693.0,0
0.0,1.0,1.0,0,47626.0,0
0.0,1.0,1.0,0,10181.0,0
0.0,1.0,1.0,0,32885.0,0
0.0,1.0,1.0,0,40714.0,0
0.0,1.0,1.0,0,8928.0,0
0.0,1.0,1.0,0,21036.0,0
1.0,1.0,1.0,0,56856.0,0
0.0,1.0,1.0,0,122852.0,0
0.0,1.0,1.0,0,58014.0,0
0.0,1.0,1.0,0,66277.0,0
0.0,1.0,1.0,0,54118.0,0
0.0,1.0,1.0,0,7305.0,0
0.0,1.0,1.0,0,401.0,0
0.0,1.0,1.0,0,176.0,0
0.0,1.0,1.0,0,810.0,0
0.0,1.0,1.0,0,362.0,0
0.0,1.0,1.0,0,454.0,0
0.0,1.0,1.0,0,15376.0,1
0.0,1.0,1.0,0,38771.0,1
0.0,1.0,1.0,0,48746.0,1
0.0,1.0,1.0,0,978.0,1
0.0,1.0,1.0,0,2319.0,1
0.0,1.0,1.0,0,28458.0,1
0.0,1.0,1.0,0,4841.0,1
0.0,1.0,1.0,0,8835.0,1
0.0,1.0,1.0,0,76646.0,1
0.0,1.0,1.0,0,0.0,0
0.0,1.0,1.0,0,53660.0,0
1.0,1.0,1.0,0,69011.0,0
0.0,1.0,1.0,0,29521.0,0
0.0,1.0,1.0,0,7483.0,0
0.0,1.0,1.0,0,1857.0,0
0.0,1.0,1.0,0,6090.0,0
1.0,1.0,1.0,0,2039.0,0
0.0,1.0,1.0,0,9045.0,0
1.0,1.0,1.0,0,44068.0,0
0.0,1.0,1.0,0,88041.0,0
0.0,1.0,1.0,0,41069.0,0
1.0,1.0,1.0,0,12843.0,0
0.0,1.0,1.0,0,5098.0,0
0.0,1.0,1.0,0,5967.0,0
0.0,1.0,1.0,0,27044.0,0
0.0,1.0,1.0,0,19731.0,0
0.0,1.0,1.0,0,12872.0,0
0.0,1.0,1.0,0,36350.0,0
0.0,1.0,1.0,0,42909.0,0
0.0,1.0,1.0,0,83836.0,0
0.0,1.0,1.0,0,3889.0,0
0.0,1.0,1.0,0,35952.0,0
0.0,1.0,1.0,0,78434.0,0
0.0,1.0,1.0,0,106224.0,0
0.0,1.0,1.0,0,158355.0,0
0.0,1.0,1.0,0,17720.0,0
0.0,1.0,1.0,0,17119.0,0
1.0,1.0,1.0,0,17344.0,0
0.0,1.0,1.0,0,28107.0,0
0.0,1.0,1.0,0,2685.0,0
1.0,1.0,1.0,0,17836.0,0
0.0,1.0,1.0,0,12586.0,0
0.0,1.0,1.0,0,13274.0,0
0.0,1.0,1.0,0,5575.0,0
0.0,1.0,1.0,0,9055.0,0
0.0,1.0,1.0,0,52956.0,0
0.0,1.0,1.0,0,3712.0,0
0.0,1.0,1.0,0,13668.0,0
0.0,1.0,1.0,0,4565.0,0
0.0,1.0,1.0,0,25194.0,0
0.0,1.0,1.0,0,7534.0,0
0.0,1.0,1.0,0,363.0,0
0.0,1.0,1.0,0,130886.0,0
0.0,1.0,1.0,0,10738.0,0
0.0,1.0,1.0,0,66478.0,0
0.0,1.0,1.0,0,58005.0,0
0.0,1.0,1.0,0,11258.0,0
0.0,1.0,1.0,0,7561.0,0
0.0,1.0,1.0,0,3268.0,0
0.0,1.0,1.0,0,73434.0,0
0.0,1.0,1.0,0,78405.0,0
0.0,1.0,1.0,0,136691.0,0
0.0,1.0,1.0,0,28752.0,0
0.0,1.0,1.0,0,57321.0,0
0.0,1.0,1.0,0,5443.0,0
0.0,1.0,1.0,0,32740.0,0
0.0,1.0,1.0,0,22364.0,0
0.0,1.0,1.0,0,19078.0,0
0.0,1.0,1.0,0,39510.0,0
0.0,1.0,1.0,0,91200.0,0
0.0,1.0,1.0,0,60997.0,0
0.0,1.0,1.0,0,12076.0,0
0.0,1.0,1.0,0,73207.0,0
0.0,1.0,1.0,0,107141.0,0
0.0,1.0,1.0,0,16652.0,0
0.0,1.0,1.0,0,16915.0,0
0.0,1.0,1.0,0,41681.0,0
0.0,1.0,1.0,0,4912.0,0
0.0,1.0,1.0,0,47288.0,0
0.0,1.0,1.0,0,47765.0,0
0.0,1.0,1.0,0,0.0,0
0.0,1.0,1.0,0,40239.0,0
0.0,1.0,1.0,0,3071.0,0
0.0,1.0,1.0,0,4428.0,0
0.0,1.0,1.0,0,4303.0,0
0.0,1.0,1.0,0,68966.0,0
0.0,1.0,1.0,0,19069.0,0
0.0,1.0,1.0,0,44611.0,0
0.0,1.0,1.0,0,5138.0,0
0.0,1.0,1.0,0,3308.0,0
0.0,1.0,1.0,0,50380.0,0
0.0,1.0,1.0,0,5809.0,0
0.0,1.0,1.0,0,8493.0,0
1.0,1.0,1.0,0,113127.0,0
1.0,1.0,1.0,0,76346.0,0
0.0,1.0,1.0,0,8466.0,0
0.0,1.0,1.0,0,13405.0,0
0.0,1.0,1.0,0,41007.0,0
0.0,1.0,1.0,0,117921.0,0
0.0,1.0,1.0,0,97811.0,0
0.0,1.0,1.0,0,44382.0,0
0.0,1.0,1.0,0,51592.0,0
0.0,1.0,1.0,0,82561.0,0
0.0,1.0,1.0,0,126543.0,0
0.0,1.0,1.0,0,22184.0,0
0.0,1.0,1.0,0,24100.0,0
1.0,1.0,1.0,0,37606.0,0
0.0,1.0,1.0,0,6066.0,0
0.0,1.0,1.0,0,11884.0,0
0.0,1.0,1.0,0,7362.0,0
0.0,1.0,1.0,0,20477.0,0
0.0,1.0,1.0,0,17800.0,0
0.0,1.0,1.0,0,109322.0,0
0.0,1.0,1.0,0,2967.0,0
0.0,1.0,1.0,0,48753.0,0
0.0,1.0,1.0,0,44934.0,0
0.0,1.0,1.0,0,1832.0,0
0.0,1.0,1.0,0,40522.0,0
0.0,1.0,1.0,0,67007.0,0
0.0,1.0,1.0,0,12694.0,0
1.0,1.0,1.0,0,7570.0,0
0.0,1.0,1.0,0,1123.0,0
0.0,1.0,1.0,0,13551.0,0
0.0,1.0,1.0,0,21488.0,0
0.0,1.0,1.0,0,18388.0,0
0.0,1.0,1.0,0,7909.0,0
1.0,1.0,1.0,0,36678.0,0
0.0,1.0,1.0,0,16792.0,0
0.0,1.0,1.0,0,29618.0,0
0.0,1.0,1.0,0,201969.0,0
0.0,1.0,1.0,0,49096.0,0
0.0,1.0,1.0,0,68670.0,0
0.0,1.0,1.0,0,16167.0,0
0.0,1.0,1.0,0,11669.0,0
0.0,1.0,1.0,0,184862.0,0
0.0,1.0,1.0,0,25947.0,0
0.0,1.0,1.0,0,11678.0,0
0.0,1.0,1.0,0,1811.0,0
0.0,1.0,1.0,0,16442.0,0
0.0,1.0,1.0,0,8047.0,0
0.0,1.0,1.0,0,8965.0,0
0.0,1.0,1.0,0,50624.0,0
0.0,1.0,1.0,0,35560.0,0
0.0,1.0,1.0,0,1566.0,0
0.0,1.0,1.0,0,46757.0,0
0.0,1.0,1.0,0,149823.0,0
0.0,1.0,1.0,0,20571.0,0
0.0,1.0,1.0,0,0.0,0
1.0,1.0,1.0,0,8636.0,0
0.0,1.0,1.0,0,2290.0,0
0.0,1.0,1.0,0,30247.0,0
0.0,1.0,1.0,0,49764.0,0
0.0,1.0,1.0,0,12547.0,0
0.0,1.0,1.0,0,9025.0,0
0.0,1.0,1.0,0,37947.0,0
0.0,1.0,1.0,0,78427.0,0
0.0,1.0,1.0,0,22345.0,0
1.0,1.0,1.0,0,46154.0,0
0.0,1.0,1.0,0,8754.0,0
0.0,1.0,1.0,0,44093.0,0
0.0,1.0,1.0,0,46083.0,0
0.0,1.0,1.0,0,34248.0,0
1.0,1.0,1.0,0,49425.0,0
0.0,1.0,1.0,0,82753.0,0
0.0,1.0,1.0,0,23811.0,0
0.0,1.0,1.0,0,3261.0,0
0.0,1.0,1.0,0,39360.0,0
0.0,1.0,1.0,0,84378.0,0
0.0,1.0,1.0,0,48409.0,0
0.0,1.0,1.0,0,2504.0,0
0.0,1.0,1.0,0,97766.0,0
1.0,1.0,1.0,0,14292.0,0
0.0,1.0,1.0,0,33428.0,0
0.0,1.0,1.0,0,32823.0,0
0.0,1.0,1.0,0,36522.0,0
1.0,1.0,1.0,0,13870.0,0
0.0,1.0,1.0,0,9960.0,0
0.0,1.0,1.0,0,7177.0,0
0.0,1.0,1.0,0,53190.0,0
0.0,1.0,1.0,0,56503.0,0
0.0,1.0,1.0,0,29755.0,0
0.0,1.0,1.0,0,8314.0,0
0.0,1.0,1.0,0,31414.0,0
0.0,1.0,1.0,0,91490.0,0
0.0,1.0,1.0,0,4272.0,0
0.0,1.0,1.0,0,41699.0,0
0.0,1.0,1.0,0,4539.0,0
0.0,1.0,1.0,0,14948.0,0
0.0,1.0,1.0,0,30853.0,0
0.0,1.0,1.0,0,20106.0,0
0.0,1.0,1.0,0,54057.0,0
0.0,1.0,1.0,0,137467.0,0
1.0,1.0,1.0,0,32442.0,0
0.0,1.0,1.0,0,16185.0,0
0.0,1.0,1.0,0,6653.0,0
0.0,1.0,1.0,0,19868.0,0
1.0,1.0,1.0,0,24043.0,0
0.0,1.0,1.0,0,15053.0,0
0.0,1.0,1.0,0,15805.0,0
0.0,1.0,1.0,0,30259.0,0
0.0,1.0,1.0,0,826.0,0
0.0,1.0,1.0,0,8525.0,0
0.0,1.0,1.0,0,21168.0,0
0.0,1.0,1.0,0,9560.0,0
0.0,1.0,1.0,0,38505.0,0
0.0,1.0,1.0,0,3048.0,0
0.0,1.0,1.0,0,15087.0,0
0.0,1.0,1.0,0,1031.0,0
0.0,1.0,1.0,0,21279.0,0
0.0,1.0,1.0,0,9086.0,0
0.0,1.0,1.0,0,135661.0,0
0.0,1.0,1.0,0,35203.0,0
0.0,1.0,1.0,0,117483.0,0
0.0,1.0,1.0,0,4082.0,0
0.0,1.0,1.0,0,24743.0,0
0.0,1.0,1.0,0,24435.0,0
0.0,1.0,1.0,0,31604.0,0
0.0,1.0,1.0,0,2194.0,0
0.0,1.0,1.0,0,28269.0,0
0.0,1.0,1.0,0,23978.0,0
0.0,1.0,1.0,0,20116.0,0
0.0,1.0,1.0,0,74650.0,0
0.0,1.0,1.0,0,14266.0,0
0.0,1.0,1.0,0,98882.0,0
0.0,1.0,1.0,0,50548.0,0
0.0,1.0,1.0,0,0.0,0
0.0,1.0,1.0,0,487.0,0
0.0,1.0,1.0,0,38717.0,0
0.0,1.0,1.0,0,39087.0,0
1.0,1.0,1.0,0,3594.0,0
0.0,1.0,1.0,0,80317.0,0
0.0,1.0,1.0,0,131470.0,0
0.0,1.0,1.0,0,27902.0,0
0.0,1.0,1.0,0,29442.0,0
0.0,1.0,1.0,0,32169.0,0
0.0,1.0,1.0,0,2332.0,0
0.0,1.0,1.0,0,13301.0,0
0.0,1.0,1.0,0,11135.0,0
0.0,1.0,1.0,0,18163.0,0
0.0,1.0,1.0,0,59117.0,0
0.0,1.0,1.0,0,17305.0,0
0.0,1.0,1.0,0,29730.0,0
0.0,1.0,1.0,0,9767.0,0
0.0,1.0,1.0,0,12923.0,0
0.0,1.0,1.0,0,3266.0,0
0.0,1.0,1.0,0,51207.0,0
0.0,1.0,1.0,0,38067.0,0
0.0,1.0,1.0,0,40998.0,0
0.0,1.0,1.0,0,76216.0,0
0.0,1.0,1.0,0,44908.0,0
0.0,1.0,1.0,0,22266.0,0
0.0,1.0,1.0,0,100667.0,0
0.0,1.0,1.0,0,71930.0,0
0.0,1.0,1.0,0,72241.0,0
0.0,1.0,1.0,0,27172.0,0
0.0,1.0,1.0,0,62282.0,0
0.0,1.0,1.0,0,14549.0,0
0.0,1.0,1.0,0,33225.0,0
1.0,1.0,1.0,0,3863.0,0
0.0,1.0,1.0,0,7220.0,0
1.0,1.0,1.0,0,23695.0,0
0.0,1.0,1.0,0,7957.0,0
0.0,1.0,1.0,0,18565.0,0
0.0,1.0,1.0,0,2176.0,0
0.0,1.0,1.0,0,26037.0,0
0.0,1.0,1.0,0,9056.0,0
0.0,1.0,1.0,0,9588.0,0
0.0,1.0,1.0,0,23919.0,0
0.0,1.0,1.0,0,63057.0,0
1.0,1.0,1.0,0,68015.0,0
0.0,1.0,1.0,0,122347.0,0
0.0,1.0,1.0,0,8228.0,0
0.0,1.0,1.0,0,59886.0,0
0.0,1.0,1.0,0,73505.0,0
0.0,1.0,1.0,0,27043.0,0
0.0,1.0,1.0,0,18142.0,0
0.0,1.0,1.0,0,27063.0,0
0.0,1.0,1.0,0,42344.0,0
0.0,1.0,1.0,0,59899.0,0
0.0,1.0,1.0,0,12087.0,0
0.0,1.0,1.0,0,8856.0,0
0.0,1.0,1.0,0,2314.0,0
0.0,1.0,1.0,0,20353.0,0
0.0,1.0,1.0,0,36399.0,0
0.0,1.0,1.0,0,72404.0,0
0.0,1.0,1.0,0,15666.0,0
0.0,1.0,1.0,0,6920.0,0
0.0,1.0,1.0,0,26286.0,0
0.0,1.0,1.0,0,605.0,0
1.0,1.0,1.0,0,6104.0,0
0.0,1.0,1.0,0,59649.0,0
0.0,1.0,1.0,0,77792.0,0
1.0,1.0,1.0,0,3625.0,0
0.0,1.0,1.0,0,64536.0,0
0.0,1.0,1.0,0,37277.0,0
0.0,1.0,1.0,0,8769.0,0
0.0,1.0,1.0,0,5393.0,0
1.0,1.0,1.0,0,29752.0,0
0.0,1.0,1.0,0,26767.0,0
0.0,1.0,1.0,0,0.0,0
1.0,1.0,1.0,0,5984.0,0
0.0,1.0,1.0,0,55162.0,0
0.0,1.0,1.0,0,44044.0,0
0.0,1.0,1.0,0,22021.0,0
0.0,1.0,1.0,0,63489.0,0
0.0,1.0,1.0,0,10093.0,0
1.0,1.0,1.0,0,13212.0,0
0.0,1.0,1.0,0,31210.0,0
0.0,1.0,1.0,0,34926.0,0
0.0,1.0,1.0,0,70174.0,0
1.0,1.0,1.0,0,870.0,0
0.0,1.0,1.0,0,67398.0,0
0.0,1.0,1.0,0,44660.0,0
0.0,1.0,1.0,0,74408.0,0
0.0,1.0,1.0,0,26376.0,0
0.0,1.0,1.0,0,90570.0,0
0.0,1.0,1.0,0,31064.0,0
0.0,1.0,1.0,0,39680.0,0
0.0,1.0,1.0,0,57468.0,0
0.0,1.0,1.0,0,28572.0,0
0.0,1.0,1.0,0,79613.0,0
0.0,1.0,1.0,0,5173.0,0
0.0,1.0,1.0,0,11109.0,0
0.0,1.0,1.0,0,141336.0,0
0.0,1.0,1.0,0,23641.0,0
0.0,1.0,1.0,0,11886.0,0
0.0,1.0,1.0,0,8047.0,0
0.0,1.0,1.0,0,26921.0,0
1.0,1.0,1.0,0,8447.0,0
0.0,1.0,1.0,0,35077.0,0
0.0,1.0,1.0,0,4222.0,0
0.0,1.0,1.0,0,37158.0,0
0.0,1.0,1.0,0,1157.0,0
0.0,1.0,1.0,0,29662.0,0
0.0,1.0,1.0,0,179067.0,0
0.0,1.0,1.0,0,8162.0,0
0.0,1.0,1.0,0,15649.0,0
0.0,1.0,1.0,0,4755.0,0
0.0,1.0,1.0,0,47264.0,0
1.0,1.0,1.0,0,43371.0,0
0.0,1.0,1.0,0,7476.0,0
0.0,1.0,1.0,0,24873.0,0
0.0,1.0,1.0,0,78516.0,0
0.0,1.0,1.0,0,4066.0,0
0.0,1.0,1.0,0,1367.0,0
0.0,1.0,1.0,0,41159.0,0
0.0,1.0,1.0,0,7643.0,0
0.0,1.0,1.0,0,8391.0,0
0.0,1.0,1.0,0,17829.0,0
1.0,1.0,1.0,0,6004.0,0
0.0,1.0,1.0,0,47956.0,0
0.0,1.0,1.0,0,5657.0,0
0.0,1.0,1.0,0,79663.0,0
0.0,1.0,1.0,0,33026.0,0
0.0,1.0,1.0,0,4643.0,0
0.0,1.0,1.0,0,36934.0,0
0.0,1.0,1.0,0,47417.0,0
0.0,1.0,1.0,0,30745.0,0
0.0,1.0,1.0,0,19776.0,0
0.0,1.0,1.0,0,97900.0,0
0.0,1.0,1.0,0,61177.0,0
0.0,1.0,1.0,0,62854.0,0
0.0,1.0,1.0,0,21045.0,0
0.0,1.0,1.0,0,4657.0,0
0.0,1.0,1.0,0,23220.0,0
0.0,1.0,1.0,0,4273.0,0
0.0,1.0,1.0,0,30474.0,0
0.0,1.0,1.0,0,86005.0,0
0.0,1.0,1.0,0,12263.0,0
0.0,1.0,1.0,0,58571.0,0
0.0,1.0,1.0,0,43910.0,0
0.0,1.0,1.0,0,0.0,0
1.0,1.0,1.0,0,21383.0,0
0.0,1.0,1.0,0,16908.0,0
0.0,1.0,1.0,0,68348.0,0
0.0,1.0,1.0,0,40050.0,0
0.0,1.0,1.0,0,200347.0,0
0.0,1.0,1.0,0,23875.0,0
0.0,1.0,1.0,0,48769.0,0
0.0,1.0,1.0,0,15254.0,0
0.0,1.0,1.0,0,12025.0,0
0.0,1.0,1.0,0,1598.0,0
0.0,1.0,1.0,0,47692.0,0
1.0,1.0,1.0,0,101733.0,0
0.0,1.0,1.0,0,16481.0,0
0.0,1.0,1.0,0,37362.0,0
1.0,1.0,1.0,0,3726.0,0
0.0,1.0,1.0,0,55992.0,0
0.0,1.0,1.0,0,1275.0,0
0.0,1.0,1.0,0,4484.0,0
0.0,1.0,1.0,0,91888.0,0
0.0,1.0,1.0,0,165542.0,0
0.0,1.0,1.0,0,26335.0,0
0.0,1.0,1.0,0,12959.0,0
0.0,1.0,1.0,0,12783.0,0
0.0,1.0,1.0,0,5931.0,0
0.0,1.0,1.0,0,8002.0,0
0.0,1.0,1.0,0,378.0,0
0.0,1.0,1.0,0,2048.0,0
0.0,1.0,1.0,0,23161.0,0
0.0,1.0,1.0,0,777.0,0
1.0,1.0,1.0,0,39271.0,0
0.0,1.0,1.0,0,28088.0,0
1.0,1.0,1.0,0,9131.0,0
0.0,1.0,1.0,0,33810.0,0
0.0,1.0,1.0,0,34009.0,0
0.0,1.0,1.0,0,26594.0,0
0.0,1.0,1.0,0,8046.0,0
0.0,1.0,1.0,0,86336.0,0
0.0,1.0,1.0,0,31611.0,0
0.0,1.0,1.0,0,15264.0,0
0.0,1.0,1.0,0,5086.0,0
0.0,1.0,1.0,0,46965.0,0
0.0,1.0,1.0,0,8334.0,0
1.0,1.0,1.0,0,44424.0,0
0.0,1.0,1.0,0,4111.0,0
0.0,1.0,1.0,0,18048.0,0
0.0,1.0,1.0,0,32400.0,0
1.0,1.0,1.0,0,11676.0,0
0.0,1.0,1.0,0,23954.0,0
1.0,1.0,1.0,0,14280.0,0
0.0,1.0,1.0,0,4021.0,0
0.0,1.0,1.0,0,4547.0,0
0.0,1.0,1.0,0,34434.0,0
1.0,1.0,1.0,0,9396.0,0
0.0,1.0,1.0,0,9015.0,0
0.0,1.0,1.0,0,4864.0,0
0.0,1.0,1.0,0,4473.0,0
0.0,1.0,1.0,0,25045.0,0
0.0,1.0,1.0,0,54671.0,0
0.0,1.0,1.0,0,58961.0,0
0.0,1.0,1.0,0,39345.0,0
0.0,1.0,1.0,0,120258.0,0
0.0,1.0,1.0,0,4161.0,0
0.0,1.0,1.0,0,203866.0,0
0.0,1.0,1.0,0,14625.0,0
0.0,1.0,1.0,0,119519.0,0
0.0,1.0,1.0,0,102314.0,0
0.0,1.0,1.0,0,54679.0,0
0.0,1.0,1.0,0,0.0,0
0.0,1.0,1.0,0,37714.0,0
0.0,1.0,1.0,0,20580.0,0
0.0,1.0,1.0,0,1691.0,0
0.0,1.0,1.0,0,55490.0,0
0.0,1.0,1.0,0,35280.0,0
0.0,1.0,1.0,0,1017.0,0
0.0,1.0,1.0,0,24175.0,0
0.0,1.0,1.0,0,8154.0,0
0.0,1.0,1.0,0,53621.0,0
0.0,1.0,1.0,0,20884.0,0
0.0,1.0,1.0,0,15505.0,0
0.0,1.0,1.0,0,20813.0,0
0.0,1.0,1.0,0,935.0,0
0.0,1.0,1.0,0,5216.0,0
0.0,1.0,1.0,0,31912.0,0
1.0,1.0,1.0,0,19756.0,0
0.0,1.0,1.0,0,39308.0,0
0.0,1.0,1.0,0,23735.0,0
1.0,1.0,1.0,0,20574.0,0
0.0,1.0,1.0,0,75740.0,0
0.0,1.0,1.0,0,68601.0,0
0.0,1.0,1.0,0,51920.0,0
1.0,1.0,1.0,0,367759.0,0
0.0,1.0,1.0,0,45325.0,0
0.0,1.0,1.0,0,17486.0,0
0.0,1.0,1.0,0,68892.0,0
0.0,1.0,1.0,0,35044.0,0
0.0,1.0,1.0,0,16026.0,0
0.0,1.0,1.0,0,4147.0,0
1.0,1.0,1.0,0,94186.0,0
0.0,1.0,1.0,0,18544.0,0
0.0,1.0,1.0,0,58612.0,0
0.0,1.0,1.0,0,1092.0,0
0.0,1.0,1.0,0,16942.0,0
0.0,1.0,1.0,0,66156.0,0
0.0,1.0,1.0,0,33930.0,0
0.0,1.0,1.0,0,66285.0,0
0.0,1.0,1.0,0,10372.0,0
0.0,1.0,1.0,0,140469.0,0
0.0,1.0,1.0,0,1068.0,0
0.0,1.0,1.0,0,138005.0,0
0.0,1.0,1.0,0,22966.0,0
0.0,1.0,1.0,0,43976.0,0
1.0,1.0,1.0,0,4209.0,0
0.0,1.0,1.0,0,44246.0,0
0.0,1.0,1.0,0,7229.0,0
0.0,1.0,1.0,0,3619.0,0
0.0,1.0,1.0,0,13585.0,0
0.0,1.0,1.0,0,38809.0,0
0.0,1.0,1.0,0,11041.0,0
0.0,1.0,1.0,0,75666.0,0
0.0,1.0,1.0,0,79151.0,0
0.0,1.0,1.0,0,18339.0,0
0.0,1.0,1.0,0,7607.0,0
0.0,1.0,1.0,0,20891.0,0
0.0,1.0,1.0,0,19243.0,0
0.0,1.0,1.0,0,48336.0,0
1.0,1.0,1.0,0,6387.0,0
0.0,1.0,1.0,0,21022.0,0
0.0,1.0,1.0,0,3576.0,0
0.0,1.0,1.0,0,15084.0,0
0.0,1.0,1.0,0,11979.0,0
0.0,1.0,1.0,0,55761.0,0
1.0,1.0,1.0,0,14074.0,0
0.0,1.0,1.0,0,35343.0,0
0.0,1.0,1.0,0,64430.0,0
0.0,1.0,1.0,0,4928.0,0
0.0,1.0,1.0,0,43284.0,0
0.0,1.0,1.0,0,0.0,0
0.0,1.0,1.0,0,25015.0,0
0.0,1.0,1.0,0,53994.0,0
0.0,1.0,1.0,0,7294.0,0
0.0,1.0,1.0,0,41360.0,0
1.0,1.0,1.0,0,48094.0,0
1.0,1.0,1.0,0,1649.0,0
0.0,1.0,1.0,0,117637.0,0
0.0,1.0,1.0,0,3156.0,0
0.0,1.0,1.0,0,25181.0,0
0.0,1.0,1.0,0,13010.0,0
0.0,1.0,1.0,0,24157.0,0
0.0,1.0,1.0,0,40025.0,0
0.0,1.0,1.0,0,5441.0,0
0.0,1.0,1.0,0,26768.0,0
0.0,1.0,1.0,0,31284.0,0
0.0,1.0,1.0,0,66932.0,0
0.0,1.0,1.0,0,48981.0,0
0.0,1.0,1.0,0,63928.0,0
0.0,1.0,1.0,0,8362.0,0
0.0,1.0,1.0,0,51553.0,0
0.0,1.0,1.0,0,31709.0,0
1.0,1.0,1.0,0,65927.0,0
0.0,1.0,1.0,0,70599.0,0
0.0,1.0,1.0,0,40604.0,0
0.0,1.0,1.0,0,9784.0,0
0.0,1.0,1.0,0,15360.0,0
1.0,1.0,1.0,0,46440.0,0
0.0,1.0,1.0,0,66821.0,0
0.0,1.0,1.0,0,133892.0,0
0.0,1.0,1.0,0,52761.0,0
0.0,1.0,1.0,0,2890.0,0
0.0,2.0,1.0,0,273.0,0
0.0,1.0,1.0,0,21219.0,0
0.0,1.0,1.0,0,17242.0,0
0.0,1.0,1.0,0,34505.0,0
0.0,1.0,1.0,0,52794.0,0
0.0,1.0,1.0,0,965.0,0
0.0,1.0,1.0,0,48707.0,0
0.0,1.0,1.0,0,65010.0,0
0.0,1.0,1.0,0,31483.0,0
0.0,1.0,1.0,0,7141.0,0
0.0,1.0,1.0,0,10277.0,0
0.0,1.0,1.0,0,29670.0,0
0.0,1.0,1.0,0,36026.0,0
1.0,1.0,1.0,0,3816.0,0
0.0,1.0,1.0,0,21696.0,0
0.0,1.0,1.0,0,2142.0,0
0.0,1.0,1.0,0,47188.0,0
0.0,1.0,1.0,0,16094.0,0
0.0,1.0,1.0,0,37486.0,0
0.0,1.0,1.0,0,98863.0,0
0.0,1.0,1.0,0,73808.0,0
0.0,1.0,1.0,0,1269.0,0
1.0,1.0,1.0,0,23003.0,0
1.0,1.0,1.0,0,38474.0,0
0.0,1.0,1.0,0,129553.0,0
0.0,1.0,1.0,0,60400.0,0
0.0,1.0,1.0,0,13591.0,0
1.0,1.0,1.0,0,15527.0,0
0.0,1.0,1.0,0,39847.0,0
0.0,1.0,1.0,0,81094.0,0
0.0,1.0,1.0,0,30881.0,0
0.0,1.0,1.0,0,6056.0,0
0.0,1.0,1.0,0,1556.0,0
0.0,1.0,1.0,0,1627.0,0
0.0,1.0,1.0,0,21396.0,0
0.0,1.0,1.0,0,61301.0,0
0.0,1.0,1.0,0,35078.0,0
0.0,1.0,1.0,0,0.0,0
0.0,1.0,1.0,0,15343.0,0
0.0,1.0,1.0,0,40311.0,0
0.0,1.0,1.0,0,5835.0,0
0.0,1.0,1.0,0,44821.0,0
0.0,1.0,1.0,0,32136.0,0
0.0,1.0,1.0,0,9318.0,0
0.0,1.0,1.0,0,7569.0,0
0.0,1.0,1.0,0,784.0,0
0.0,2.0,1.0,0,184.0,0
0.0,1.0,1.0,0,628.0,0
0.0,1.0,1.0,0,887.0,0
0.0,1.0,1.0,0,739.0,0
0.0,2.0,1.0,0,158.0,0
0.0,2.0,1.0,0,297.0,0
1.0,1.0,1.0,0,539.0,0
0.0,2.0,1.0,0,245.0,0
0.0,1.0,1.0,0,664.0,0
0.0,1.0,1.0,0,720.0,0
0.0,1.0,1.0,0,470.0,0
0.0,2.0,1.0,0,195.0,0
0.0,1.0,1.0,0,7635.0,0
0.0,1.0,1.0,0,28317.0,0
0.0,1.0,1.0,0,39576.0,0
1.0,1.0,1.0,0,19311.0,0
0.0,1.0,1.0,0,7897.0,0
0.0,1.0,1.0,0,58275.0,0
0.0,1.0,1.0,0,20863.0,0
0.0,1.0,1.0,0,27314.0,0
0.0,1.0,1.0,0,35514.0,0
0.0,1.0,1.0,0,44128.0,0
0.0,1.0,1.0,0,1043.0,0
0.0,1.0,1.0,0,30821.0,0
0.0,1.0,1.0,0,3139.0,0
0.0,1.0,1.0,0,7484.0,0
0.0,1.0,1.0,0,37250.0,0
0.0,1.0,1.0,0,43804.0,0
0.0,1.0,1.0,0,36900.0,0
1.0,1.0,1.0,0,53107.0,0
1.0,1.0,1.0,0,4611.0,0
1.0,1.0,1.0,0,36940.0,0
0.0,1.0,1.0,0,107933.0,0
1.0,1.0,1.0,0,4189.0,0
0.0,1.0,1.0,0,4721.0,0
0.0,1.0,1.0,0,60544.0,0
0.0,1.0,1.0,0,12772.0,0
0.0,1.0,1.0,0,41421.0,0
0.0,1.0,1.0,0,1201.0,0
0.0,1.0,1.0,0,60391.0,0
0.0,1.0,1.0,0,784.0,0
0.0,1.0,1.0,0,52197.0,0
0.0,1.0,1.0,0,49401.0,0
0.0,1.0,1.0,0,13933.0,0
0.0,1.0,1.0,0,30494.0,0
0.0,1.0,1.0,0,5503.0,0
0.0,1.0,1.0,0,20934.0,0
1.0,1.0,1.0,0,117162.0,0
0.0,1.0,1.0,0,57725.0,0
0.0,1.0,1.0,0,50330.0,0
0.0,1.0,1.0,0,30190.0,0
0.0,1.0,1.0,0,13814.0,0
1.0,1.0,1.0,0,10042.0,0
0.0,1.0,1.0,0,9086.0,0
0.0,1.0,1.0,0,5732.0,0
0.0,1.0,1.0,0,7018.0,0
1.0,1.0,1.0,0,4013.0,0
0.0,1.0,1.0,0,3051.0,0
1.0,1.0,1.0,0,52516.0,0
0.0,1.0,1.0,0,1346.0,0
0.0,1.0,1.0,0,52371.0,0
0.0,2.0,1.0,0,101.0,0
0.0,1.0,1.0,0,23296.0,0
0.0,1.0,1.0,0,57037.0,0
0.0,1.0,1.0,0,8690.0,0
0.0,1.0,1.0,0,20698.0,0
0.0,1.0,1.0,0,18917.0,0
0.0,1.0,1.0,0,47418.0,0
0.0,1.0,1.0,0,15209.0,0
0.0,1.0,1.0,0,40442.0,0
0.0,1.0,1.0,0,37119.0,0
0.0,1.0,1.0,0,35845.0,0
0.0,1.0,1.0,0,26573.0,0
0.0,1.0,1.0,0,5804.0,0
0.0,1.0,1.0,0,9698.0,0
0.0,1.0,1.0,0,4422.0,0
1.0,1.0,1.0,0,107.0,0
0.0,1.0,1.0,0,68978.0,0
0.0,1.0,1.0,0,53664.0,0
1.0,1.0,1.0,0,19007.0,0
1.0,1.0,1.0,0,30415.0,0
1.0,1.0,1.0,0,4580.0,0
0.0,1.0,1.0,0,20274.0,0
0.0,1.0,1.0,0,1414.0,0
0.0,1.0,1.0,0,39104.0,0
0.0,1.0,1.0,0,5773.0,0
0.0,1.0,1.0,0,84344.0,0
0.0,1.0,1.0,0,54334.0,0
0.0,1.0,1.0,0,8397.0,0
0.0,1.0,1.0,0,35024.0,0
0.0,1.0,1.0,0,67308.0,0
1.0,1.0,1.0,0,28940.0,0
0.0,1.0,1.0,0,7282.0,1
0.0,1.0,1.0,0,7873.0,1
1.0,1.0,1.0,0,63062.0,1
0.0,1.0,1.0,0,42201.0,1
0.0,1.0,1.0,0,3270.0,1
0.0,1.0,1.0,0,0.0,0
0.0,1.0,1.0,0,909.0,0
0.0,1.0,1.0,0,13478.0,0
0.0,1.0,1.0,0,27651.0,0
0.0,1.0,1.0,0,78073.0,0
0.0,1.0,1.0,0,38714.0,0
0.0,1.0,1.0,0,52270.0,0
0.0,1.0,1.0,0,2012.0,0
0.0,1.0,1.0,0,11011.0,0
0.0,1.0,1.0,0,7096.0,0
0.0,1.0,1.0,0,16025.0,0
0.0,1.0,1.0,0,1019.0,0
0.0,1.0,1.0,0,74059.0,0
0.0,1.0,1.0,0,14557.0,0
0.0,1.0,1.0,0,17247.0,0
0.0,1.0,1.0,0,6451.0,0
0.0,1.0,1.0,0,23207.0,0
1.0,1.0,1.0,0,8815.0,0
0.0,1.0,1.0,0,4068.0,0
0.0,1.0,1.0,0,1872.0,0
0.0,1.0,1.0,0,2365.0,0
0.0,1.0,1.0,0,13287.0,0
0.0,1.0,1.0,0,751.0,0
0.0,1.0,1.0,0,12116.0,0
0.0,1.0,1.0,0,4971.0,0
1.0,1.0,1.0,0,26201.0,0
1.0,1.0,1.0,0,10285.0,0
0.0,1.0,1.0,0,13965.0,0
0.0,1.0,1.0,0,14947.0,0
0.0,1.0,1.0,0,5961.0,0
0.0,1.0,1.0,0,18158.0,0
0.0,1.0,1.0,0,20853.0,0
0.0,1.0,1.0,0,29173.0,0
0.0,1.0,1.0,0,51137.0,0
0.0,1.0,1.0,0,32147.0,0
0.0,1.0,1.0,0,68133.0,0
0.0,1.0,1.0,0,125872.0,0
0.0,1.0,1.0,0,21573.0,0
0.0,1.0,1.0,0,118288.0,0
0.0,1.0,1.0,0,6141.0,0
0.0,1.0,1.0,0,1515.0,0
0.0,1.0,1.0,0,34133.0,0
0.0,1.0,1.0,0,31896.0,0
0.0,1.0,1.0,0,30228.0,0
0.0,1.0,1.0,0,32816.0,0
0.0,1.0,1.0,0,86934.0,0
0.0,1.0,1.0,0,3019.0,0
0.0,1.0,1.0,0,35889.0,0
0.0,1.0,1.0,0,60397.0,0
0.0,1.0,1.0,0,33114.0,0
0.0,1.0,1.0,0,27998.0,0
1.0,1.0,1.0,0,32007.0,0
0.0,1.0,1.0,0,68224.0,0
0.0,1.0,1.0,0,49120.0,0
0.0,1.0,1.0,0,11666.0,0
0.0,1.0,1.0,0,11386.0,0
0.0,1.0,1.0,0,18805.0,0
0.0,1.0,1.0,0,21409.0,0
0.0,1.0,1.0,0,27268.0,0
0.0,1.0,1.0,0,20006.0,0
0.0,1.0,1.0,0,2795.0,0
0.0,1.0,1.0,0,15054.0,0
0.0,1.0,1.0,0,63682.0,0
0.0,1.0,1.0,0,119311.0,0
0.0,1.0,1.0,0,26293.0,1
0.0,1.0,1.0,0,20173.0,1
0.0,1.0,1.0,0,2267.0,1
0.0,1.0,1.0,0,9098.0,1
0.0,1.0,1.0,0,85028.0,1
0.0,1.0,1.0,0,25087.0,1
0.0,1.0,1.0,0,4240.0,1
0.0,1.0,1.0,0,22214.0,1
0.0,1.0,1.0,0,63021.0,1
0.0,1.0,1.0,0,19845.0,1
0.0,1.0,1.0,0,36977.0,1
0.0,1.0,1.0,0,39728.0,1
0.0,1.0,1.0,0,37440.0,1
0.0,1.0,1.0,0,4251.0,1
0.0,1.0,1.0,0,11767.0,1
0.0,1.0,1.0,0,6931.0,1
0.0,1.0,1.0,0,43254.0,1
1.0,1.0,1.0,0,14469.0,1
0.0,1.0,1.0,0,13961.0,1
1.0,1.0,1.0,0,13604.0,1
0.0,1.0,1.0,0,9301.0,1
0.0,1.0,1.0,0,28625.0,1
1.0,1.0,1.0,0,15999.0,1
0.0,1.0,1.0,0,5339.0,1
0.0,1.0,1.0,0,28473.0,1
0.0,1.0,1.0,0,7364.0,1
1.0,1.0,1.0,0,902.0,1
0.0,1.0,1.0,0,11781.0,1
0.0,1.0,1.0,0,377.0,1
0.0,1.0,1.0,0,0.0,0
0.0,1.0,1.0,0,204759.0,0
0.0,1.0,1.0,0,35466.0,0
0.0,1.0,1.0,0,5382.0,0
0.0,1.0,1.0,0,47716.0,0
0.0,1.0,1.0,0,33705.0,0
0.0,1.0,1.0,0,5977.0,0
0.0,1.0,1.0,0,36241.0,0
0.0,1.0,1.0,0,27789.0,0
0.0,1.0,1.0,0,93406.0,0
0.0,1.0,1.0,0,24331.0,0
0.0,1.0,1.0,0,24797.0,0
0.0,1.0,1.0,0,33844.0,0
0.0,1.0,1.0,0,53872.0,0
0.0,1.0,1.0,0,11934.0,0
0.0,1.0,1.0,0,30570.0,0
0.0,1.0,1.0,0,32006.0,0
0.0,2.0,2.0,0,14.0,0
0.0,1.0,1.0,0,495.0,0
0.0,1.0,1.0,0,31960.0,0
0.0,1.0,1.0,0,25281.0,0
0.0,1.0,1.0,0,32141.0,0
0.0,1.0,1.0,0,4194.0,0
0.0,1.0,1.0,0,22066.0,0
0.0,1.0,1.0,0,28855.0,0
0.0,1.0,1.0,0,70877.0,0
0.0,1.0,1.0,0,23710.0,0
0.0,1.0,1.0,0,2711.0,0
0.0,1.0,1.0,0,13456.0,0
0.0,1.0,1.0,0,7897.0,0
0.0,1.0,1.0,0,4039.0,0
0.0,1.0,1.0,0,14929.0,0
1.0,1.0,1.0,0,3397.0,0
0.0,1.0,1.0,0,9316.0,0
0.0,1.0,1.0,0,51571.0,0
0.0,1.0,1.0,0,102102.0,0
0.0,1.0,1.0,0,802.0,0
0.0,1.0,1.0,0,13196.0,0
0.0,1.0,1.0,0,83430.0,0
1.0,1.0,1.0,0,13797.0,0
0.0,1.0,1.0,0,18621.0,0
0.0,1.0,1.0,0,5901.0,0
0.0,1.0,1.0,0,11428.0,0
0.0,1.0,1.0,0,20412.0,0
0.0,1.0,1.0,0,57322.0,0
0.0,1.0,1.0,0,12133.0,0
0.0,1.0,1.0,0,55990.0,0
0.0,1.0,1.0,0,62610.0,0
0.0,1.0,1.0,0,30055.0,0
0.0,1.0,1.0,0,23469.0,0
0.0,1.0,1.0,0,46374.0,0
0.0,1.0,1.0,0,139532.0,0
0.0,1.0,1.0,0,22529.0,0
0.0,1.0,1.0,0,1390.0,0
0.0,1.0,1.0,0,5815.0,0
1.0,1.0,1.0,0,25425.0,0
0.0,1.0,1.0,0,159518.0,0
0.0,1.0,1.0,0,6424.0,0
0.0,1.0,1.0,0,28474.0,0
0.0,1.0,1.0,0,40904.0,0
0.0,1.0,1.0,0,33339.0,0
0.0,1.0,1.0,0,1178.0,0
0.0,1.0,1.0,0,702.0,0
0.0,1.0,1.0,0,27859.0,0
0.0,1.0,1.0,0,21339.0,0
0.0,1.0,1.0,0,82646.0,0
0.0,1.0,1.0,0,41272.0,0
0.0,1.0,1.0,0,11374.0,0
0.0,1.0,1.0,0,6836.0,0
0.0,1.0,1.0,0,85656.0,0
0.0,1.0,1.0,0,6735.0,0
0.0,1.0,1.0,0,8791.0,0
0.0,1.0,1.0,0,2357.0,0
0.0,1.0,1.0,0,1803.0,0
1.0,1.0,1.0,0,106634.0,0
0.0,1.0,1.0,0,65259.0,0
0.0,1.0,1.0,0,13495.0,0
0.0,1.0,1.0,0,0.0,0
0.0,1.0,1.0,0,37616.0,0
0.0,1.0,1.0,0,10976.0,0
0.0,1.0,1.0,0,11610.0,0
0.0,1.0,1.0,0,35789.0,0
0.0,1.0,1.0,0,2848.0,0
0.0,1.0,1.0,0,6596.0,0
0.0,1.0,1.0,0,3089.0,0
0.0,1.0,1.0,0,6045.0,0
1.0,1.0,1.0,0,4186.0,0
0.0,1.0,1.0,0,17844.0,0
1.0,1.0,1.0,0,58607.0,0
0.0,1.0,1.0,0,2579.0,0
0.0,1.0,1.0,0,70999.0,0
0.0,1.0,1.0,0,111791.0,0
0.0,1.0,1.0,0,83403.0,0
0.0,1.0,1.0,0,25161.0,0
0.0,1.0,1.0,0,15758.0,0
0.0,1.0,1.0,0,39797.0,0
0.0,1.0,1.0,0,6236.0,0
0.0,1.0,1.0,0,5231.0,0
0.0,1.0,1.0,0,15033.0,0
1.0,1.0,1.0,0,57468.0,0
0.0,1.0,1.0,0,14705.0,0
0.0,1.0,1.0,0,23701.0,0
0.0,1.0,1.0,0,39735.0,0
0.0,1.0,1.0,0,57057.0,0
0.0,2.0,1.0,0,234.0,0
1.0,1.0,1.0,0,2955.0,0
0.0,1.0,1.0,0,18210.0,0
0.0,1.0,1.0,0,2556.0,0
0.0,1.0,1.0,0,98867.0,0
0.0,1.0,1.0,0,27890.0,0
0.0,1.0,1.0,0,33343.0,0
0.0,1.0,1.0,0,33519.0,0
0.0,1.0,1.0,0,67702.0,0
1.0,1.0,1.0,0,46683.0,0
0.0,1.0,1.0,0,7494.0,0
0.0,1.0,1.0,0,24999.0,0
0.0,2.0,1.0,0,228.0,0
0.0,1.0,1.0,0,127375.0,0
0.0,1.0,1.0,0,27346.0,0
0.0,1.0,1.0,0,32256.0,0
0.0,1.0,1.0,0,22803.0,0
0.0,1.0,1.0,0,7762.0,0
0.0,1.0,1.0,0,35147.0,0
0.0,1.0,1.0,0,28785.0,0
0.0,1.0,1.0,0,52105.0,0
0.0,1.0,1.0,0,42178.0,0
0.0,1.0,1.0,0,22392.0,0
0.0,1.0,1.0,0,25928.0,0
1.0,1.0,1.0,0,50953.0,0
0.0,1.0,1.0,0,43852.0,0
0.0,1.0,1.0,0,27528.0,0
0.0,1.0,1.0,0,23436.0,0
0.0,1.0,1.0,0,4117.0,0
0.0,1.0,1.0,0,65021.0,0
0.0,1.0,1.0,0,28406.0,0
0.0,1.0,1.0,0,35526.0,0
0.0,1.0,1.0,0,27719.0,0
0.0,1.0,1.0,0,54275.0,0
0.0,1.0,1.0,0,28140.0,0
0.0,1.0,1.0,0,7199.0,0
0.0,1.0,1.0,0,24905.0,0
0.0,1.0,1.0,0,25823.0,0
0.0,1.0,1.0,0,16850.0,0
0.0,1.0,1.0,0,26384.0,0
0.0,1.0,1.0,0,61961.0,0
0.0,1.0,1.0,0,26225.0,0
0.0,1.0,1.0,0,12541.0,0
0.0,1.0,1.0,0,17746.0,0
0.0,1.0,1.0,0,45363.0,0
1.0,1.0,1.0,0,35258.0,0
0.0,1.0,1.0,0,40163.0,0
0.0,1.0,1.0,0,16271.0,0
0.0,1.0,1.0,0,539.0,0
0.0,1.0,1.0,0,76727.0,0
0.0,1.0,1.0,0,1757.0,0
0.0,1.0,1.0,0,55918.0,0
0.0,1.0,1.0,0,3351.0,0
0.0,1.0,1.0,0,1490.0,0
0.0,1.0,1.0,0,9034.0,0
0.0,1.0,1.0,0,104813.0,0
0.0,1.0,1.0,0,9225.0,0
0.0,1.0,1.0,0,0.0,0
0.0,1.0,1.0,0,26576.0,0
0.0,1.0,1.0,0,30995.0,0
0.0,1.0,1.0,0,2011.0,0
0.0,1.0,1.0,0,10397.0,0
0.0,1.0,1.0,0,80933.0,0
0.0,1.0,1.0,0,63961.0,0
0.0,1.0,1.0,0,11600.0,0
0.0,1.0,1.0,0,3816.0,0
0.0,1.0,1.0,0,10096.0,0
0.0,1.0,1.0,0,65006.0,0
1.0,1.0,1.0,0,6186.0,0
0.0,1.0,1.0,0,24110.0,0
0.0,1.0,1.0,0,39328.0,0
0.0,1.0,1.0,0,185951.0,0
0.0,1.0,1.0,0,7141.0,0
0.0,1.0,1.0,0,24481.0,0
0.0,1.0,1.0,0,45307.0,0
0.0,1.0,1.0,0,2388.0,0
0.0,1.0,1.0,0,37212.0,0
0.0,1.0,1.0,0,44744.0,0
0.0,1.0,1.0,0,18768.0,0
0.0,1.0,1.0,0,9194.0,0
0.0,1.0,1.0,0,31197.0,0
0.0,1.0,1.0,0,51148.0,0
0.0,1.0,1.0,0,26046.0,0
0.0,1.0,1.0,0,1480.0,0
0.0,1.0,1.0,0,50386.0,0
0.0,1.0,1.0,0,4127.0,0
0.0,1.0,1.0,0,63445.0,0
1.0,1.0,1.0,0,4762.0,0
0.0,1.0,1.0,0,13874.0,0
0.0,1.0,1.0,0,10597.0,0
0.0,1.0,1.0,0,20993.0,0
0.0,1.0,1.0,0,21340.0,0
0.0,1.0,1.0,0,56231.0,0
0.0,1.0,1.0,0,50112.0,0
0.0,1.0,1.0,0,33525.0,0
0.0,1.0,1.0,0,148101.0,0
0.0,1.0,1.0,0,48410.0,0
0.0,1.0,1.0,0,117533.0,0
0.0,1.0,1.0,0,184130.0,0
1.0,1.0,1.0,0,45647.0,0
0.0,1.0,1.0,0,45764.0,0
0.0,1.0,1.0,0,710.0,0
0.0,1.0,1.0,0,91970.0,0
0.0,1.0,1.0,0,91323.0,0
1.0,1.0,1.0,0,20796.0,0
0.0,1.0,1.0,0,36326.0,0
0.0,1.0,1.0,0,9121.0,0
0.0,1.0,1.0,0,10429.0,0
0.0,1.0,1.0,0,5751.0,0
0.0,1.0,1.0,0,13802.0,0
0.0,1.0,1.0,0,40788.0,0
0.0,1.0,1.0,0,18605.0,0
0.0,1.0,1.0,0,6692.0,0
0.0,1.0,1.0,0,8839.0,0
0.0,1.0,1.0,0,14552.0,0
0.0,1.0,1.0,0,1905.0,0
0.0,1.0,1.0,0,54874.0,0
1.0,1.0,1.0,0,53630.0,0
1.0,1.0,1.0,0,30310.0,0
0.0,1.0,1.0,0,144040.0,0
0.0,1.0,1.0,0,1187.0,0
0.0,1.0,1.0,0,12507.0,0
0.0,1.0,1.0,0,98978.0,0
0.0,1.0,1.0,0,4388.0,0
0.0,1.0,1.0,0,0.0,0
0.0,1.0,1.0,0,50375.0,0
0.0,1.0,1.0,0,16216.0,0
0.0,1.0,1.0,0,20405.0,0
1.0,1.0,1.0,0,24278.0,0
0.0,1.0,1.0,0,28183.0,0
0.0,1.0,1.0,0,18391.0,0
0.0,1.0,1.0,0,31479.0,0
0.0,1.0,1.0,0,29484.0,0
0.0,1.0,1.0,0,27145.0,0
0.0,1.0,1.0,0,15375.0,0
0.0,1.0,1.0,0,45392.0,0
0.0,1.0,1.0,0,4642.0,0
0.0,1.0,1.0,0,787.0,0
0.0,1.0,1.0,0,34244.0,0
0.0,1.0,1.0,0,20310.0,0
0.0,1.0,1.0,0,74851.0,0
0.0,1.0,1.0,0,91763.0,0
1.0,1.0,1.0,0,36625.0,0
1.0,1.0,1.0,0,36704.0,0
0.0,1.0,1.0,0,20767.0,0
1.0,1.0,1.0,0,16661.0,0
0.0,1.0,1.0,0,45616.0,0
0.0,1.0,1.0,0,15439.0,0
0.0,1.0,1.0,0,1576.0,0
0.0,1.0,1.0,0,78458.0,0
0.0,1.0,1.0,0,15704.0,0
0.0,1.0,1.0,0,56641.0,0
0.0,1.0,1.0,0,377.0,0
0.0,1.0,1.0,0,19537.0,0
0.0,1.0,1.0,0,21706.0,0
0.0,1.0,1.0,0,35934.0,0
0.0,1.0,1.0,0,35316.0,0
0.0,1.0,1.0,0,101840.0,0
0.0,1.0,1.0,0,71401.0,0
0.0,1.0,1.0,0,6403.0,0
0.0,1.0,1.0,0,35023.0,0
1.0,1.0,1.0,0,77799.0,0
0.0,1.0,1.0,0,33732.0,0
0.0,1.0,1.0,0,65517.0,0
0.0,1.0,1.0,0,29095.0,0
0.0,1.0,1.0,0,1845.0,0
0.0,1.0,1.0,0,360.0,0
1.0,1.0,1.0,0,28791.0,0
0.0,2.0,1.0,0,162.0,0
0.0,1.0,1.0,0,29782.0,0
0.0,1.0,1.0,0,14925.0,0
0.0,1.0,1.0,0,23155.0,0
0.0,1.0,1.0,0,49476.0,0
0.0,1.0,1.0,0,9104.0,0
0.0,1.0,1.0,0,14708.0,0
0.0,1.0,1.0,0,36354.0,0
0.0,1.0,1.0,0,6519.0,0
0.0,1.0,1.0,0,531.0,0
1.0,1.0,1.0,0,60216.0,0
0.0,1.0,1.0,0,15965.0,0
0.0,1.0,1.0,0,20031.0,0
0.0,1.0,1.0,0,9005.0,0
0.0,1.0,1.0,0,23661.0,0
0.0,1.0,1.0,0,66419.0,0
0.0,1.0,1.0,0,5472.0,0
0.0,1.0,1.0,0,24250.0,0
0.0,1.0,1.0,0,11253.0,0
0.0,1.0,1.0,0,67308.0,0
0.0,1.0,1.0,0,28326.0,0
0.0,1.0,1.0,0,42916.0,0
0.0,1.0,1.0,0,32635.0,0
0.0,1.0,1.0,0,28514.0,0
0.0,1.0,1.0,0,39288.0,0
0.0,1.0,1.0,0,38620.0,0
0.0,1.0,1.0,0,64863.0,0
0.0,1.0,1.0,0,68794.0,0
0.0,1.0,1.0,0,43407.0,1
0.0,1.0,1.0,0,91017.0,1
0.0,1.0,1.0,0,1806.0,1
0.0,1.0,1.0,0,11312.0,1
0.0,1.0,1.0,0,59751.0,1
0.0,1.0,1.0,0,31256.0,1
0.0,1.0,1.0,0,19664.0,1
0.0,1.0,1.0,0,0.0,0
0.0,1.0,1.0,0,14204.0,0
0.0,1.0,1.0,0,46737.0,0
0.0,1.0,1.0,0,41958.0,0
0.0,1.0,1.0,0,15032.0,0
0.0,1.0,1.0,0,42781.0,0
1.0,1.0,1.0,0,28266.0,0
0.0,1.0,1.0,0,20198.0,0
0.0,1.0,1.0,0,19998.0,0
0.0,1.0,1.0,0,10642.0,0
0.0,1.0,1.0,0,2771.0,0
0.0,1.0,1.0,0,34697.0,0
0.0,1.0,1.0,0,46593.0,0
0.0,1.0,1.0,0,32115.0,0
0.0,1.0,1.0,0,18346.0,0
0.0,1.0,1.0,0,12456.0,0
0.0,1.0,1.0,0,81691.0,0
0.0,1.0,1.0,0,21718.0,0
0.0,1.0,1.0,0,25084.0,0
0.0,1.0,1.0,0,2668.0,0
0.0,1.0,1.0,0,3842.0,0
0.0,1.0,1.0,0,14141.0,0
0.0,1.0,1.0,0,17410.0,0
0.0,1.0,1.0,0,32657.0,0
0.0,1.0,1.0,0,121195.0,0
0.0,1.0,1.0,0,93642.0,0
0.0,1.0,1.0,0,109562.0,0
0.0,1.0,1.0,0,33733.0,0
0.0,1.0,1.0,0,41101.0,0
0.0,1.0,1.0,0,24964.0,0
0.0,1.0,1.0,0,548.0,0
0.0,1.0,1.0,0,23988.0,0
0.0,1.0,1.0,0,91536.0,0
0.0,1.0,1.0,0,113849.0,0
0.0,1.0,1.0,0,23183.0,0
1.0,1.0,1.0,0,63542.0,0
0.0,1.0,1.0,0,2853.0,0
1.0,1.0,1.0,0,896.0,0
0.0,1.0,1.0,0,7463.0,0
0.0,1.0,1.0,0,5310.0,0
0.0,1.0,1.0,0,8509.0,0
0.0,1.0,1.0,0,10988.0,0
0.0,1.0,1.0,0,8086.0,0
0.0,1.0,1.0,0,34548.0,0
0.0,1.0,1.0,0,27566.0,0
0.0,1.0,1.0,0,14754.0,0
0.0,1.0,1.0,0,50091.0,0
0.0,1.0,1.0,0,15134.0,0
0.0,1.0,1.0,0,68133.0,0
0.0,1.0,1.0,0,12919.0,0
0.0,1.0,1.0,0,11831.0,0
0.0,1.0,1.0,0,17399.0,0
0.0,1.0,1.0,0,21239.0,0
0.0,1.0,1.0,0,2290.0,0
0.0,1.0,1.0,0,4428.0,0
0.0,1.0,1.0,0,49274.0,0
0.0,1.0,1.0,0,139623.0,0
0.0,1.0,1.0,0,50035.0,0
0.0,1.0,1.0,0,80184.0,0
0.0,1.0,1.0,0,53711.0,0
0.0,1.0,1.0,0,9272.0,0
0.0,1.0,1.0,0,9760.0,0
0.0,1.0,1.0,0,52440.0,0
0.0,1.0,1.0,0,19048.0,0
0.0,1.0,1.0,0,13966.0,1
0.0,1.0,1.0,0,5624.0,1
0.0,1.0,1.0,0,46667.0,1
0.0,1.0,1.0,0,52281.0,1
0.0,1.0,1.0,0,56607.0,1
0.0,1.0,1.0,0,40721.0,1
0.0,1.0,1.0,0,843.0,1
0.0,1.0,1.0,0,58570.0,1
0.0,1.0,1.0,0,40717.0,1
0.0,2.0,2.0,0,44.0,1
0.0,1.0,1.0,0,11550.0,1
0.0,1.0,1.0,0,6238.0,1
0.0,1.0,1.0,0,0.0,0
0.0,1.0,1.0,0,19139.0,0
0.0,1.0,1.0,0,16115.0,0
0.0,1.0,1.0,0,3717.0,0
0.0,1.0,1.0,0,4389.0,0
0.0,1.0,1.0,0,17027.0,0
0.0,2.0,1.0,0,232.0,0
0.0,1.0,1.0,0,5028.0,0
0.0,1.0,1.0,0,190101.0,0
0.0,1.0,1.0,0,40300.0,0
0.0,1.0,1.0,0,13366.0,0
0.0,1.0,1.0,0,60203.0,0
0.0,1.0,1.0,0,64869.0,0
0.0,1.0,1.0,0,27927.0,0
0.0,1.0,1.0,0,39442.0,0
1.0,1.0,1.0,0,50152.0,0
0.0,1.0,1.0,0,79839.0,0
0.0,1.0,1.0,0,109186.0,0
0.0,1.0,1.0,0,3061.0,0
0.0,1.0,1.0,0,2458.0,0
0.0,1.0,1.0,0,1099.0,0
0.0,1.0,1.0,0,11265.0,0
0.0,1.0,1.0,0,35881.0,0
0.0,1.0,1.0,0,193337.0,0
0.0,1.0,1.0,0,648.0,0
0.0,1.0,1.0,0,1550.0,0
0.0,1.0,1.0,0,22922.0,0
0.0,1.0,1.0,0,32537.0,0
0.0,1.0,1.0,0,109963.0,0
0.0,1.0,1.0,0,84468.0,0
0.0,1.0,1.0,0,97074.0,0
1.0,1.0,1.0,0,3417.0,0
0.0,1.0,1.0,0,2065.0,0
0.0,1.0,1.0,0,2355.0,0
0.0,1.0,1.0,0,57226.0,0
0.0,1.0,1.0,0,56585.0,0
1.0,1.0,1.0,0,39366.0,0
0.0,1.0,1.0,0,39973.0,0
0.0,1.0,1.0,0,11044.0,0
1.0,1.0,1.0,0,2124.0,0
0.0,1.0,1.0,0,21348.0,0
1.0,1.0,1.0,0,15416.0,0
0.0,1.0,1.0,0,14212.0,0
0.0,1.0,1.0,0,4975.0,0
0.0,1.0,1.0,0,18046.0,0
0.0,1.0,1.0,0,5264.0,0
0.0,1.0,1.0,0,27263.0,0
0.0,1.0,1.0,0,52715.0,0
0.0,1.0,1.0,0,24010.0,0
1.0,1.0,1.0,0,20548.0,0
1.0,1.0,1.0,0,30333.0,0
0.0,1.0,1.0,0,184233.0,0
0.0,1.0,1.0,0,34401.0,0
0.0,1.0,1.0,0,444.0,0
0.0,1.0,1.0,0,40530.0,0
0.0,1.0,1.0,0,507.0,0
0.0,1.0,1.0,0,26401.0,0
1.0,1.0,1.0,0,26940.0,0
0.0,1.0,1.0,0,35247.0,0
0.0,1.0,1.0,0,9509.0,0
0.0,1.0,1.0,0,21793.0,0
0.0,1.0,1.0,0,33540.0,0
0.0,1.0,1.0,0,34658.0,0
0.0,1.0,1.0,0,13822.0,0
0.0,1.0,1.0,0,5944.0,0
0.0,1.0,1.0,0,12020.0,0
0.0,1.0,1.0,0,18099.0,0
0.0,1.0,1.0,0,13966.0,0
1.0,1.0,1.0,0,13781.0,0
0.0,1.0,1.0,0,85042.0,0
0.0,1.0,1.0,0,36350.0,0
0.0,1.0,1.0,0,31734.0,1
0.0,1.0,1.0,0,14681.0,1
0.0,1.0,1.0,0,8478.0,1
0.0,1.0,1.0,0,36185.0,1
0.0,1.0,1.0,0,2985.0,1
0.0,1.0,1.0,0,40068.0,1
0.0,1.0,1.0,0,0.0,0
0.0,1.0,1.0,0,2876.0,0
0.0,1.0,1.0,0,64136.0,0
0.0,1.0,1.0,0,5426.0,0
0.0,1.0,1.0,0,52333.0,0
0.0,1.0,1.0,0,96804.0,0
0.0,1.0,1.0,0,63955.0,0
0.0,1.0,1.0,0,10693.0,0
0.0,1.0,1.0,0,1897.0,0
0.0,1.0,1.0,0,18763.0,0
0.0,1.0,1.0,0,14376.0,0
0.0,1.0,1.0,0,363.0,0
0.0,1.0,1.0,0,5406.0,0
0.0,1.0,1.0,0,140799.0,0
0.0,1.0,1.0,0,3595.0,0
0.0,1.0,1.0,0,370.0,0
0.0,1.0,1.0,0,507.0,0
0.0,1.0,1.0,0,407.0,0
1.0,1.0,1.0,0,8416.0,0
0.0,1.0,1.0,0,29035.0,0
0.0,1.0,1.0,0,16319.0,0
1.0,1.0,1.0,0,68581.0,0
0.0,1.0,1.0,0,5044.0,0
0.0,1.0,1.0,0,27967.0,0
1.0,1.0,1.0,0,18465.0,0
0.0,1.0,1.0,0,7191.0,0
0.0,1.0,1.0,0,196.0,0
0.0,1.0,1.0,0,668.0,0
0.0,1.0,1.0,0,407.0,0
0.0,1.0,1.0,0,517.0,0
0.0,1.0,1.0,0,883.0,0
0.0,1.0,1.0,0,520.0,0
0.0,1.0,1.0,0,446.0,0
0.0,1.0,1.0,0,614.0,0
0.0,1.0,1.0,0,4132.0,0
1.0,1.0,1.0,0,848.0,0
0.0,1.0,1.0,0,23639.0,0
0.0,1.0,1.0,0,84477.0,0
1.0,1.0,1.0,0,80421.0,0
0.0,1.0,1.0,0,83587.0,0
0.0,1.0,1.0,0,12727.0,0
0.0,1.0,1.0,0,1918.0,0
0.0,1.0,1.0,0,73535.0,0
0.0,1.0,1.0,0,3878.0,0
0.0,1.0,1.0,0,15388.0,0
0.0,1.0,1.0,0,81906.0,0
0.0,1.0,1.0,0,7151.0,0
0.0,1.0,1.0,0,42114.0,0
0.0,1.0,1.0,0,5674.0,0
0.0,1.0,1.0,0,20146.0,0
0.0,1.0,1.0,0,3088.0,0
1.0,1.0,1.0,0,52815.0,0
0.0,1.0,1.0,0,572.0,0
0.0,1.0,1.0,0,5538.0,0
0.0,1.0,1.0,0,14307.0,0
0.0,1.0,1.0,0,23822.0,0
0.0,1.0,1.0,0,32757.0,0
0.0,1.0,1.0,0,22094.0,0
0.0,1.0,1.0,0,55064.0,0
0.0,1.0,1.0,0,104816.0,0
0.0,1.0,1.0,0,81196.0,0
0.0,1.0,1.0,0,9621.0,0
0.0,1.0,1.0,0,23939.0,0
0.0,1.0,1.0,0,17075.0,0
0.0,1.0,1.0,0,4584.0,0
0.0,1.0,1.0,0,16586.0,0
1.0,1.0,1.0,0,24249.0,0
0.0,1.0,1.0,0,147497.0,0
0.0,1.0,1.0,0,13324.0,0
0.0,1.0,1.0,0,21449.0,0
0.0,1.0,1.0,0,4357.0,0
0.0,1.0,1.0,0,13748.0,0
0.0,1.0,1.0,0,15944.0,0
0.0,1.0,1.0,0,20653.0,0
0.0,1.0,1.0,0,619.0,0
0.0,1.0,1.0,0,746.0,0
0.0,1.0,1.0,0,495.0,0
0.0,1.0,1.0,0,497.0,0
0.0,1.0,1.0,0,428.0,0
0.0,1.0,1.0,0,828.0,0
0.0,1.0,1.0,0,849.0,0
0.0,1.0,1.0,0,702.0,0
0.0,1.0,1.0,0,314.0,0
0.0,1.0,1.0,0,532.0,0
0.0,1.0,1.0,0,450.0,0
0.0,1.0,1.0,0,1767.0,0
0.0,2.0,1.0,0,225.0,0
0.0,1.0,1.0,0,472.0,0
0.0,2.0,1.0,0,172.0,0
0.0,1.0,1.0,0,270.0,0
0.0,1.0,1.0,0,407.0,0
0.0,1.0,1.0,0,17822.0,0
0.0,1.0,1.0,0,511.0,0
0.0,1.0,1.0,0,504.0,0
0.0,1.0,1.0,0,470.0,0
0.0,2.0,1.0,0,213.0,0
0.0,1.0,1.0,0,629.0,0
0.0,1.0,1.0,0,727.0,0
0.0,1.0,1.0,0,398.0,0
0.0,1.0,1.0,0,506.0,0
0.0,1.0,1.0,0,322.0,0
0.0,1.0,1.0,0,598.0,0
0.0,1.0,1.0,0,16311.0,0
0.0,1.0,1.0,0,34487.0,0
1.0,1.0,1.0,0,1485.0,0
0.0,1.0,1.0,0,9700.0,0
0.0,1.0,1.0,0,13202.0,0
0.0,1.0,1.0,0,49714.0,0
0.0,1.0,1.0,0,31340.0,0
0.0,1.0,1.0,0,2148.0,0
0.0,1.0,1.0,0,14870.0,0
1.0,1.0,1.0,0,31982.0,0
0.0,1.0,1.0,0,25436.0,0
0.0,1.0,1.0,0,11529.0,1
0.0,1.0,1.0,0,41486.0,1
0.0,1.0,1.0,0,22766.0,1
0.0,1.0,1.0,0,32269.0,1
0.0,1.0,1.0,0,35054.0,1
0.0,1.0,1.0,0,28718.0,1
0.0,1.0,1.0,0,41795.0,1
0.0,1.0,1.0,0,32051.0,1
0.0,1.0,1.0,0,93578.0,1
0.0,1.0,1.0,0,7921.0,1
0.0,1.0,1.0,0,3223.0,1
0.0,1.0,1.0,0,0.0,0
0.0,1.0,1.0,0,69537.0,0
0.0,1.0,1.0,0,17475.0,0
0.0,1.0,1.0,0,11404.0,0
0.0,1.0,1.0,0,72290.0,0
0.0,1.0,1.0,0,72930.0,0
0.0,1.0,1.0,0,38453.0,0
0.0,1.0,1.0,0,22869.0,0
0.0,1.0,1.0,0,40013.0,0
0.0,1.0,1.0,0,7672.0,0
0.0,1.0,1.0,0,16782.0,0
0.0,1.0,1.0,0,1110.0,0
0.0,1.0,1.0,0,44455.0,0
0.0,1.0,1.0,0,46100.0,0
0.0,1.0,1.0,0,22769.0,0
0.0,1.0,1.0,0,22762.0,0
1.0,1.0,1.0,0,157170.0,0
1.0,1.0,1.0,0,43094.0,0
1.0,1.0,1.0,0,17988.0,0
1.0,1.0,1.0,0,27214.0,0
0.0,1.0,1.0,0,8293.0,0
0.0,1.0,1.0,0,72638.0,0
0.0,1.0,1.0,0,165964.0,0
0.0,1.0,1.0,0,15831.0,0
1.0,1.0,1.0,0,71076.0,0
1.0,1.0,1.0,0,25125.0,0
0.0,1.0,1.0,0,6500.0,0
0.0,1.0,1.0,0,11144.0,0
0.0,1.0,1.0,0,66047.0,0
0.0,1.0,1.0,0,9338.0,0
0.0,1.0,1.0,0,68367.0,0
0.0,1.0,1.0,0,42776.0,0
0.0,1.0,1.0,0,20754.0,0
0.0,1.0,1.0,0,158665.0,0
0.0,1.0,1.0,0,29478.0,0
0.0,1.0,1.0,0,709.0,0
0.0,1.0,1.0,0,169170.0,0
0.0,1.0,1.0,0,5296.0,0
0.0,1.0,1.0,0,56568.0,0
0.0,1.0,1.0,0,16043.0,0
0.0,1.0,1.0,0,5383.0,0
0.0,1.0,1.0,0,523.0,0
0.0,1.0,1.0,0,43030.0,0
0.0,1.0,1.0,0,21920.0,0
0.0,1.0,1.0,0,64148.0,0
0.0,1.0,1.0,0,65062.0,0
0.0,1.0,1.0,0,3548.0,0
0.0,1.0,1.0,0,22843.0,0
0.0,1.0,1.0,0,14139.0,0
0.0,1.0,1.0,0,19883.0,0
0.0,1.0,1.0,0,25863.0,0
0.0,1.0,1.0,0,26367.0,0
0.0,1.0,1.0,0,8694.0,0
0.0,1.0,1.0,0,24206.0,0
0.0,1.0,1.0,0,42939.0,0
0.0,1.0,1.0,0,16828.0,0
0.0,1.0,1.0,0,30136.0,0
0.0,1.0,1.0,0,12575.0,0
0.0,1.0,1.0,0,27479.0,0
0.0,1.0,1.0,0,30883.0,0
0.0,1.0,1.0,0,723.0,0
0.0,1.0,1.0,0,46649.0,0
0.0,1.0,1.0,0,5353.0,0
0.0,1.0,1.0,0,11141.0,0
0.0,1.0,1.0,0,93019.0,0
0.0,1.0,1.0,0,12884.0,0
0.0,1.0,1.0,0,9553.0,0
0.0,1.0,1.0,0,401.0,0
0.0,1.0,1.0,0,33532.0,0
1.0,1.0,1.0,0,0.0,0
0.0,1.0,1.0,0,87936.0,0
0.0,1.0,1.0,0,19367.0,0
0.0,1.0,1.0,0,32625.0,0
0.0,1.0,1.0,0,1898.0,0
0.0,1.0,1.0,0,124028.0,0
0.0,1.0,1.0,0,26921.0,0
0.0,1.0,1.0,0,63887.0,0
0.0,1.0,1.0,0,5056.0,0
0.0,1.0,1.0,0,40562.0,0
0.0,1.0,1.0,0,5444.0,0
0.0,1.0,1.0,0,38521.0,0
0.0,2.0,1.0,0,74.0,0
0.0,1.0,1.0,0,2433.0,0
0.0,1.0,1.0,0,2492.0,0
0.0,1.0,1.0,0,15909.0,0
1.0,1.0,1.0,0,33578.0,0
0.0,1.0,1.0,0,21911.0,0
0.0,1.0,1.0,0,36405.0,0
0.0,1.0,1.0,0,32924.0,0
0.0,1.0,1.0,0,21957.0,0
0.0,1.0,1.0,0,33665.0,0
0.0,1.0,1.0,0,36020.0,0
0.0,1.0,1.0,0,9255.0,0
0.0,1.0,1.0,0,101013.0,0
0.0,1.0,1.0,0,12220.0,0
0.0,1.0,1.0,0,30300.0,0
0.0,1.0,1.0,0,19788.0,0
0.0,1.0,1.0,0,22557.0,0
0.0,1.0,1.0,0,33503.0,0
0.0,1.0,1.0,0,14211.0,0
0.0,1.0,1.0,0,27244.0,0
0.0,1.0,1.0,0,61510.0,0
0.0,1.0,1.0,0,5043.0,0
0.0,1.0,1.0,0,935.0,0
0.0,1.0,1.0,0,39478.0,0
0.0,1.0,1.0,0,29827.0,0
0.0,1.0,1.0,0,31458.0,0
0.0,1.0,1.0,0,7899.0,0
0.0,1.0,1.0,0,8387.0,0
0.0,1.0,1.0,0,3069.0,0
0.0,1.0,1.0,0,47879.0,0
0.0,1.0,1.0,0,25595.0,0
0.0,1.0,1.0,0,194406.0,0
0.0,1.0,1.0,0,10052.0,0
0.0,1.0,1.0,0,67197.0,0
0.0,1.0,1.0,0,4535.0,0
0.0,1.0,1.0,0,35710.0,0
0.0,1.0,1.0,0,43216.0,0
0.0,1.0,1.0,0,52177.0,0
0.0,1.0,1.0,0,73976.0,0
0.0,1.0,1.0,0,5051.0,0
0.0,1.0,1.0,0,33628.0,0
0.0,1.0,1.0,0,48589.0,0
0.0,1.0,1.0,0,9797.0,0
0.0,1.0,1.0,0,20541.0,0
0.0,1.0,1.0,0,2492.0,0
0.0,1.0,1.0,0,55318.0,0
0.0,1.0,1.0,0,12839.0,0
0.0,1.0,1.0,0,87440.0,0
0.0,1.0,1.0,0,86943.0,0
0.0,1.0,1.0,0,32181.0,0
0.0,1.0,1.0,0,25679.0,0
0.0,1.0,1.0,0,29623.0,0
0.0,1.0,1.0,0,9280.0,0
0.0,1.0,1.0,0,64169.0,0
1.0,1.0,1.0,0,6259.0,0
0.0,1.0,1.0,0,32686.0,0
0.0,1.0,1.0,0,23255.0,0
0.0,1.0,1.0,0,30133.0,0
0.0,1.0,1.0,0,46947.0,0
0.0,1.0,1.0,0,2331.0,0
0.0,1.0,1.0,0,98834.0,0
0.0,1.0,1.0,0,13834.0,0
0.0,1.0,1.0,0,6118.0,0
0.0,1.0,1.0,0,84965.0,0
0.0,1.0,1.0,0,0.0,0
0.0,1.0,1.0,0,1053.0,0
0.0,1.0,1.0,0,4375.0,0
0.0,1.0,1.0,0,71825.0,0
0.0,1.0,1.0,0,3770.0,0
0.0,1.0,1.0,0,53452.0,0
0.0,1.0,1.0,0,71269.0,0
0.0,1.0,1.0,0,37527.0,0
0.0,1.0,1.0,0,30449.0,0
0.0,1.0,1.0,0,35317.0,0
0.0,1.0,1.0,0,7011.0,0
0.0,1.0,1.0,0,57294.0,0
0.0,1.0,1.0,0,122520.0,0
0.0,1.0,1.0,0,82301.0,0
0.0,1.0,1.0,0,28354.0,0
0.0,1.0,1.0,0,19291.0,0
0.0,1.0,1.0,0,5356.0,0
0.0,1.0,1.0,0,81506.0,0
0.0,1.0,1.0,0,50983.0,0
1.0,1.0,1.0,0,8269.0,0
1.0,1.0,1.0,0,21161.0,0
0.0,1.0,1.0,0,9090.0,0
0.0,1.0,1.0,0,78619.0,0
0.0,1.0,1.0,0,35686.0,0
0.0,1.0,1.0,0,18321.0,0
0.0,1.0,1.0,0,29519.0,0
0.0,1.0,1.0,0,4432.0,0
0.0,1.0,1.0,0,86921.0,0
0.0,1.0,1.0,0,27291.0,0
0.0,1.0,1.0,0,3723.0,0
0.0,1.0,1.0,0,88384.0,0
0.0,1.0,1.0,0,137104.0,0
0.0,1.0,1.0,0,43528.0,0
0.0,1.0,1.0,0,14900.0,0
0.0,1.0,1.0,0,24040.0,0
0.0,1.0,1.0,0,42499.0,0
0.0,1.0,1.0,0,79547.0,0
0.0,1.0,1.0,0,24510.0,0
0.0,1.0,1.0,0,11420.0,0
0.0,1.0,1.0,0,40646.0,0
0.0,1.0,1.0,0,6620.0,0
1.0,1.0,1.0,0,6541.0,0
0.0,1.0,1.0,0,27231.0,0
0.0,1.0,1.0,0,17771.0,0
0.0,1.0,1.0,0,20980.0,0
0.0,1.0,1.0,0,24785.0,0
0.0,1.0,1.0,0,23956.0,0
0.0,1.0,1.0,0,4597.0,0
0.0,1.0,1.0,0,34390.0,0
0.0,1.0,1.0,0,149357.0,0
0.0,1.0,1.0,0,309.0,0
0.0,1.0,1.0,0,33677.0,0
1.0,1.0,1.0,0,8452.0,0
0.0,1.0,1.0,0,22167.0,0
0.0,1.0,1.0,0,18159.0,0
0.0,1.0,1.0,0,11166.0,0
0.0,1.0,1.0,0,62851.0,0
0.0,1.0,1.0,0,7116.0,0
0.0,1.0,1.0,0,70420.0,0
1.0,1.0,1.0,0,12806.0,0
0.0,1.0,1.0,0,36013.0,0
0.0,1.0,1.0,0,31579.0,0
0.0,1.0,1.0,0,55538.0,0
1.0,1.0,1.0,0,1890.0,0
0.0,1.0,1.0,0,51989.0,0
0.0,1.0,1.0,0,17724.0,0
0.0,1.0,1.0,0,139564.0,0
0.0,1.0,1.0,0,27165.0,0
0.0,1.0,1.0,0,1954.0,0
0.0,1.0,1.0,0,54942.0,0
0.0,1.0,1.0,0,0.0,0
0.0,1.0,1.0,0,65308.0,0
0.0,1.0,1.0,0,17808.0,0
0.0,1.0,1.0,0,58068.0,0
0.0,1.0,1.0,0,27171.0,0
0.0,1.0,1.0,0,69376.0,0
1.0,1.0,1.0,0,17653.0,0
0.0,1.0,1.0,0,4786.0,0
0.0,1.0,1.0,0,813.0,0
1.0,1.0,1.0,0,2521.0,0
1.0,1.0,1.0,0,11035.0,0
0.0,1.0,1.0,0,63823.0,0
0.0,1.0,1.0,0,18858.0,0
0.0,1.0,1.0,0,33930.0,0
0.0,1.0,1.0,0,63182.0,0
0.0,1.0,1.0,0,102784.0,0
0.0,1.0,1.0,0,32871.0,0
0.0,1.0,1.0,0,3827.0,0
0.0,1.0,1.0,0,51744.0,0
0.0,1.0,1.0,0,70753.0,0
0.0,1.0,1.0,0,53784.0,0
0.0,1.0,1.0,0,5432.0,0
0.0,1.0,1.0,0,5621.0,0
0.0,1.0,1.0,0,45980.0,0
0.0,1.0,1.0,0,12671.0,0
0.0,1.0,1.0,0,3375.0,0
0.0,1.0,1.0,0,27204.0,0
0.0,1.0,1.0,0,13824.0,0
0.0,1.0,1.0,0,22838.0,0
0.0,1.0,1.0,0,25932.0,0
0.0,1.0,1.0,0,23775.0,0
0.0,1.0,1.0,0,74268.0,0
0.0,1.0,1.0,0,60710.0,0
0.0,1.0,1.0,0,17177.0,0
0.0,1.0,1.0,0,17141.0,0
1.0,1.0,1.0,0,13329.0,0
0.0,1.0,1.0,0,71214.0,0
0.0,1.0,1.0,0,8862.0,0
0.0,1.0,1.0,0,26160.0,0
0.0,1.0,1.0,0,155012.0,0
0.0,1.0,1.0,0,9211.0,0
0.0,1.0,1.0,0,41310.0,0
0.0,1.0,1.0,0,9333.0,0
0.0,1.0,1.0,0,11231.0,0
0.0,1.0,1.0,0,33232.0,0
0.0,1.0,1.0,0,34518.0,0
0.0,1.0,1.0,0,18944.0,0
0.0,1.0,1.0,0,35407.0,0
0.0,1.0,1.0,0,7793.0,0
0.0,1.0,1.0,0,12206.0,0
0.0,1.0,1.0,0,56144.0,0
0.0,1.0,1.0,0,42566.0,0
0.0,1.0,1.0,0,3894.0,0
0.0,1.0,1.0,0,14074.0,0
0.0,1.0,1.0,0,3005.0,0
0.0,1.0,1.0,0,79521.0,0
0.0,1.0,1.0,0,34876.0,0
0.0,1.0,1.0,0,4581.0,0
1.0,1.0,1.0,0,140900.0,0
0.0,1.0,1.0,0,71181.0,0
0.0,1.0,1.0,0,3610.0,0
0.0,2.0,1.0,0,207.0,0
0.0,1.0,1.0,0,5595.0,0
0.0,1.0,1.0,0,68839.0,0
0.0,1.0,1.0,0,1646.0,0
0.0,1.0,1.0,0,5533.0,0
1.0,1.0,1.0,0,3474.0,0
0.0,1.0,1.0,0,94680.0,0
0.0,1.0,1.0,0,27447.0,0
0.0,1.0,1.0,0,10110.0,0
0.0,1.0,1.0,0,10944.0,0
0.0,1.0,1.0,0,4649.0,0
0.0,1.0,1.0,0,9799.0,0
0.0,1.0,1.0,0,6152.0,0
0.0,1.0,1.0,0,129142.0,0
0.0,1.0,1.0,0,82075.0,0
0.0,1.0,1.0,0,6614.0,0
0.0,1.0,1.0,0,0.0,0
0.0,1.0,1.0,0,42547.0,0
0.0,1.0,1.0,0,33779.0,0
0.0,1.0,1.0,0,21626.0,0
0.0,1.0,1.0,0,18345.0,0
1.0,1.0,1.0,0,15079.0,0
0.0,1.0,1.0,0,10551.0,0
1.0,1.0,1.0,0,69368.0,0
0.0,1.0,1.0,0,3179.0,0
0.0,1.0,1.0,0,42182.0,0
0.0,1.0,1.0,0,48460.0,0
0.0,1.0,1.0,0,46260.0,0
0.0,1.0,1.0,0,38057.0,0
0.0,1.0,1.0,0,90127.0,0
0.0,1.0,1.0,0,94223.0,0
1.0,1.0,1.0,0,87735.0,0
0.0,1.0,1.0,0,16943.0,0
0.0,1.0,1.0,0,4877.0,0
0.0,1.0,1.0,0,31333.0,0
0.0,1.0,1.0,0,32372.0,0
0.0,1.0,1.0,0,34239.0,0
0.0,1.0,1.0,0,39135.0,0
0.0,1.0,1.0,0,877.0,0
0.0,1.0,1.0,0,103232.0,0
0.0,1.0,1.0,0,21352.0,0
1.0,2.0,2.0,0,11.0,0
0.0,1.0,1.0,0,441.0,0
0.0,1.0,1.0,0,87859.0,0
0.0,1.0,1.0,0,13014.0,0
0.0,1.0,1.0,0,4794.0,0
0.0,1.0,1.0,0,9013.0,0
0.0,1.0,1.0,0,5514.0,0
0.0,1.0,1.0,0,37695.0,0
0.0,1.0,1.0,0,62743.0,0
0.0,1.0,1.0,0,34344.0,0
0.0,1.0,1.0,0,18795.0,0
0.0,1.0,1.0,0,34212.0,0
0.0,1.0,1.0,0,747.0,0
0.0,1.0,1.0,0,33440.0,0
0.0,1.0,1.0,0,6391.0,0
0.0,1.0,1.0,0,42074.0,0
0.0,1.0,1.0,0,117312.0,0
0.0,1.0,1.0,0,45767.0,0
0.0,1.0,1.0,0,6238.0,0
0.0,1.0,1.0,0,38897.0,0
0.0,1.0,1.0,0,28493.0,0
0.0,1.0,1.0,0,35034.0,0
0.0,1.0,1.0,0,62620.0,0
0.0,1.0,1.0,0,3078.0,0
0.0,1.0,1.0,0,1813.0,0
0.0,1.0,1.0,0,7717.0,0
0.0,1.0,1.0,0,34000.0,0
0.0,1.0,1.0,0,40385.0,0
1.0,1.0,1.0,0,5888.0,0
0.0,1.0,1.0,0,112601.0,0
0.0,1.0,1.0,0,3587.0,0
0.0,1.0,1.0,0,75379.0,0
0.0,1.0,1.0,0,10385.0,0
0.0,1.0,1.0,0,35845.0,0
0.0,1.0,1.0,0,19652.0,0
0.0,1.0,1.0,0,6579.0,0
0.0,1.0,1.0,0,557.0,0
0.0,1.0,1.0,0,3340.0,0
0.0,1.0,1.0,0,62833.0,0
0.0,1.0,1.0,0,3535.0,0
0.0,1.0,1.0,0,3811.0,0
1.0,1.0,1.0,0,4556.0,0
0.0,1.0,1.0,0,12994.0,0
0.0,1.0,1.0,0,23558.0,0
0.0,1.0,1.0,0,9483.0,0
0.0,1.0,1.0,0,56258.0,0
0.0,1.0,1.0,0,4714.0,0
0.0,1.0,1.0,0,11989.0,0
0.0,1.0,1.0,0,127595.0,0
0.0,1.0,1.0,0,808.0,0
0.0,1.0,1.0,0,95986.0,0
0.0,1.0,1.0,0,6499.0,0
0.0,1.0,1.0,0,91057.0,0
0.0,1.0,1.0,0,2915.0,0
0.0,1.0,1.0,0,1605.0,0
0.0,1.0,1.0,0,0.0,0
0.0,1.0,1.0,0,87179.0,0
0.0,1.0,1.0,0,44452.0,0
0.0,1.0,1.0,0,37511.0,0
0.0,1.0,1.0,0,104158.0,0
0.0,1.0,1.0,0,58399.0,0
1.0,1.0,1.0,0,61341.0,0
0.0,1.0,1.0,0,1259.0,0
0.0,1.0,1.0,0,10467.0,0
0.0,1.0,1.0,0,60905.0,0
0.0,1.0,1.0,0,16154.0,0
0.0,1.0,1.0,0,6692.0,0
0.0,1.0,1.0,0,5963.0,0
0.0,1.0,1.0,0,32933.0,0
0.0,1.0,1.0,0,35697.0,0
0.0,1.0,1.0,0,9858.0,0
0.0,1.0,1.0,0,28835.0,0
0.0,1.0,1.0,0,14223.0,0
0.0,1.0,1.0,0,43134.0,0
0.0,1.0,1.0,0,44870.0,0
0.0,1.0,1.0,0,3416.0,0
0.0,1.0,1.0,0,31479.0,0
0.0,1.0,1.0,0,144819.0,0
0.0,1.0,1.0,0,2737.0,0
0.0,1.0,1.0,0,2129.0,0
0.0,1.0,1.0,0,22229.0,0
0.0,1.0,1.0,0,4403.0,0
0.0,1.0,1.0,0,3652.0,0
0.0,1.0,1.0,0,29431.0,0
0.0,1.0,1.0,0,32149.0,0
0.0,1.0,1.0,0,44667.0,0
1.0,1.0,1.0,0,28069.0,0
0.0,1.0,1.0,0,32708.0,0
0.0,1.0,1.0,0,56046.0,0
0.0,1.0,1.0,0,22949.0,0
0.0,1.0,1.0,0,1410.0,0
0.0,1.0,1.0,0,3112.0,0
0.0,1.0,1.0,0,53951.0,0
0.0,1.0,1.0,0,12986.0,0
0.0,1.0,1.0,0,28332.0,0
0.0,1.0,1.0,0,44286.0,0
0.0,1.0,1.0,0,52863.0,0
0.0,1.0,1.0,0,7429.0,0
0.0,1.0,1.0,0,15816.0,0
0.0,1.0,1.0,0,77770.0,0
0.0,1.0,1.0,0,32120.0,0
0.0,1.0,1.0,0,59812.0,0
0.0,1.0,1.0,0,1792.0,0
0.0,1.0,1.0,0,8301.0,0
0.0,1.0,1.0,0,33266.0,0
0.0,1.0,1.0,0,27791.0,0
0.0,1.0,1.0,0,48111.0,0
0.0,1.0,1.0,0,1266.0,0
0.0,1.0,1.0,0,9262.0,0
0.0,1.0,1.0,0,8567.0,0
0.0,1.0,1.0,0,107536.0,0
0.0,1.0,1.0,0,23644.0,0
0.0,1.0,1.0,0,7321.0,0
0.0,1.0,1.0,0,22929.0,0
0.0,1.0,1.0,0,600.0,0
0.0,1.0,1.0,0,4782.0,0
0.0,1.0,1.0,0,63014.0,0
0.0,1.0,1.0,0,38372.0,0
0.0,1.0,1.0,0,75211.0,0
0.0,1.0,1.0,0,1262.0,0
0.0,1.0,1.0,0,5564.0,0
0.0,1.0,1.0,0,15944.0,0
0.0,1.0,1.0,0,36222.0,0
0.0,1.0,1.0,0,4325.0,0
0.0,1.0,1.0,0,3735.0,0
0.0,1.0,1.0,0,2597.0,0
1.0,1.0,1.0,0,10497.0,0
0.0,1.0,1.0,0,11845.0,0
0.0,1.0,1.0,0,13764.0,0
0.0,1.0,1.0,0,5875.0,0
0.0,1.0,1.0,0,90486.0,0
0.0,1.0,1.0,0,97236.0,0
0.0,1.0,1.0,0,45882.0,0
0.0,1.0,1.0,0,22171.0,0
0.0,1.0,1.0,0,58299.0,0
1.0,1.0,1.0,0,32369.0,0
0.0,1.0,1.0,0,75227.0,0
0.0,1.0,1.0,0,0.0,0
0.0,1.0,1.0,0,13219.0,0
0.0,1.0,1.0,0,39707.0,0
0.0,1.0,1.0,0,249.0,0
0.0,1.0,1.0,0,25292.0,0
0.0,1.0,1.0,0,49092.0,0
0.0,1.0,1.0,0,15620.0,0
0.0,1.0,1.0,0,22141.0,0
0.0,1.0,1.0,0,3226.0,0
0.0,1.0,1.0,0,101759.0,0
0.0,1.0,1.0,0,18885.0,0
0.0,1.0,1.0,0,14092.0,0
0.0,1.0,1.0,0,15105.0,0
0.0,1.0,1.0,0,5172.0,0
0.0,1.0,1.0,0,46846.0,0
0.0,1.0,1.0,0,69557.0,0
0.0,1.0,1.0,0,170784.0,0
0.0,1.0,1.0,0,17075.0,0
0.0,1.0,1.0,0,28645.0,0
1.0,1.0,1.0,0,85076.0,0
1.0,1.0,1.0,0,64010.0,0
0.0,1.0,1.0,0,127828.0,0
0.0,1.0,1.0,0,9014.0,0
0.0,1.0,1.0,0,12032.0,0
0.0,1.0,1.0,0,73681.0,0
0.0,1.0,1.0,0,605.0,0
1.0,1.0,1.0,0,9829.0,0
0.0,1.0,1.0,0,38320.0,0
0.0,1.0,1.0,0,42458.0,0
0.0,1.0,1.0,0,23633.0,0
0.0,1.0,1.0,0,9637.0,0
0.0,1.0,1.0,0,3769.0,0
0.0,1.0,1.0,0,91605.0,0
0.0,1.0,1.0,0,3527.0,0
0.0,1.0,1.0,0,36407.0,0
0.0,1.0,1.0,0,142955.0,0
0.0,1.0,1.0,0,60377.0,0
0.0,1.0,1.0,0,76637.0,0
0.0,1.0,1.0,0,17097.0,0
0.0,1.0,1.0,0,17597.0,0
0.0,1.0,1.0,0,3043.0,0
0.0,1.0,1.0,0,21128.0,0
1.0,1.0,1.0,0,80682.0,0
0.0,1.0,1.0,0,19258.0,0
0.0,1.0,1.0,0,926.0,0
0.0,1.0,1.0,0,41701.0,0
0.0,1.0,1.0,0,67233.0,0
1.0,1.0,1.0,0,30079.0,0
0.0,1.0,1.0,0,35840.0,0
0.0,1.0,1.0,0,59007.0,0
0.0,1.0,1.0,0,14305.0,0
0.0,1.0,1.0,0,23163.0,0
0.0,1.0,1.0,0,48623.0,0
0.0,1.0,1.0,0,56690.0,0
0.0,1.0,1.0,0,43038.0,0
1.0,1.0,1.0,0,19226.0,0
0.0,1.0,1.0,0,4485.0,0
0.0,1.0,1.0,0,4682.0,0
0.0,1.0,1.0,0,51517.0,0
0.0,1.0,1.0,0,124601.0,0
0.0,1.0,1.0,0,51117.0,0
0.0,1.0,1.0,0,9106.0,0
0.0,1.0,1.0,0,41230.0,0
0.0,1.0,1.0,0,0.0,0
0.0,1.0,1.0,0,78028.0,0
0.0,1.0,1.0,0,55271.0,0
0.0,1.0,1.0,0,33013.0,0
0.0,1.0,1.0,0,12944.0,0
0.0,1.0,1.0,0,87134.0,0
0.0,1.0,1.0,0,28603.0,0
0.0,1.0,1.0,0,90508.0,0
0.0,1.0,1.0,0,77121.0,0
0.0,1.0,1.0,0,35288.0,0
0.0,1.0,1.0,0,16747.0,0
0.0,1.0,1.0,0,7192.0,0
0.0,1.0,1.0,0,38945.0,0
0.0,1.0,1.0,0,67595.0,0
0.0,1.0,1.0,0,19353.0,0
0.0,1.0,1.0,0,9840.0,0
0.0,1.0,1.0,0,19317.0,0
0.0,1.0,1.0,0,4572.0,0
0.0,1.0,1.0,0,64423.0,0
0.0,1.0,1.0,0,60496.0,0
0.0,1.0,1.0,0,1402.0,0
0.0,1.0,1.0,0,16547.0,0
0.0,1.0,1.0,0,63950.0,0
0.0,1.0,1.0,0,7711.0,0
0.0,1.0,1.0,0,111028.0,0
0.0,1.0,1.0,0,59922.0,0
0.0,1.0,1.0,0,16141.0,0
0.0,1.0,1.0,0,127833.0,0
0.0,1.0,1.0,0,5397.0,0
0.0,1.0,1.0,0,352.0,0
0.0,1.0,1.0,0,21645.0,0
0.0,1.0,1.0,0,8635.0,0
0.0,1.0,1.0,0,27673.0,0
0.0,1.0,1.0,0,60095.0,0
0.0,1.0,1.0,0,19871.0,0
0.0,1.0,1.0,0,27507.0,0
1.0,1.0,1.0,0,16062.0,0
0.0,1.0,1.0,0,1099.0,0
0.0,1.0,1.0,0,108879.0,0
0.0,1.0,1.0,0,7793.0,0
1.0,1.0,1.0,0,166970.0,0
0.0,1.0,1.0,0,23604.0,0
0.0,1.0,1.0,0,58405.0,0
0.0,1.0,1.0,0,92565.0,0
0.0,1.0,1.0,0,12119.0,0
0.0,1.0,1.0,0,21802.0,0
0.0,1.0,1.0,0,13508.0,0
0.0,1.0,1.0,0,27125.0,0
1.0,1.0,1.0,0,22799.0,0
1.0,1.0,1.0,0,4636.0,0
0.0,1.0,1.0,0,52735.0,0
0.0,1.0,1.0,0,14356.0,0
0.0,1.0,1.0,0,40574.0,0
0.0,1.0,1.0,0,27264.0,0
0.0,1.0,1.0,0,18345.0,0
0.0,1.0,1.0,0,7771.0,0
0.0,1.0,1.0,0,9571.0,0
0.0,1.0,1.0,0,59831.0,0
0.0,1.0,1.0,0,66315.0,0
0.0,1.0,1.0,0,68187.0,0
1.0,1.0,1.0,0,22278.0,0
0.0,1.0,1.0,0,74858.0,0
0.0,1.0,1.0,0,29403.0,0
0.0,1.0,1.0,0,32519.0,0
0.0,1.0,1.0,0,11377.0,0
0.0,1.0,1.0,0,11325.0,0
0.0,1.0,1.0,0,34659.0,0
0.0,1.0,1.0,0,0.0,0
0.0,1.0,1.0,0,111057.0,0
0.0,1.0,1.0,0,97.0,0
0.0,1.0,1.0,0,39323.0,0
0.0,1.0,1.0,0,22456.0,0
0.0,1.0,1.0,0,2309.0,0
0.0,1.0,1.0,0,7525.0,0
0.0,1.0,1.0,0,30000.0,0
0.0,1.0,1.0,0,11396.0,0
0.0,1.0,1.0,0,13219.0,0
0.0,1.0,1.0,0,39660.0,0
0.0,1.0,1.0,0,27335.0,0
0.0,1.0,1.0,0,114777.0,0
0.0,1.0,1.0,0,21203.0,0
0.0,1.0,1.0,0,29635.0,0
0.0,1.0,1.0,0,4494.0,0
0.0,1.0,1.0,0,26318.0,0
0.0,1.0,1.0,0,99597.0,0
1.0,1.0,1.0,0,1886.0,0
0.0,1.0,1.0,0,30012.0,0
0.0,1.0,1.0,0,119175.0,0
0.0,1.0,1.0,0,23680.0,0
0.0,1.0,1.0,0,10636.0,0
0.0,1.0,1.0,0,58825.0,0
0.0,1.0,1.0,0,70178.0,0
0.0,1.0,1.0,0,3565.0,0
0.0,1.0,1.0,0,32864.0,0
0.0,1.0,1.0,0,33729.0,0
0.0,1.0,1.0,0,464.0,0
0.0,1.0,1.0,0,46166.0,0
0.0,1.0,1.0,0,158429.0,0
0.0,1.0,1.0,0,37077.0,0
0.0,1.0,1.0,0,15590.0,0
0.0,1.0,1.0,0,13604.0,0
0.0,1.0,1.0,0,42113.0,0
0.0,1.0,1.0,0,27007.0,0
0.0,1.0,1.0,0,19074.0,0
0.0,1.0,1.0,0,133671.0,0
0.0,1.0,1.0,0,29650.0,0
0.0,1.0,1.0,0,140745.0,0
0.0,1.0,1.0,0,17879.0,0
0.0,1.0,1.0,0,3334.0,0
0.0,1.0,1.0,0,12857.0,0
1.0,1.0,1.0,0,21060.0,0
0.0,1.0,1.0,0,1000.0,0
0.0,1.0,1.0,0,59523.0,0
0.0,1.0,1.0,0,24236.0,0
0.0,1.0,1.0,0,18618.0,0
0.0,1.0,1.0,0,12887.0,0
0.0,1.0,1.0,0,20078.0,0
0.0,1.0,1.0,0,93090.0,0
0.0,1.0,1.0,0,112579.0,0
0.0,1.0,1.0,0,3218.0,0
0.0,1.0,1.0,0,20823.0,0
0.0,1.0,1.0,0,27818.0,0
0.0,1.0,1.0,0,3862.0,0
0.0,1.0,1.0,0,12999.0,0
0.0,1.0,1.0,0,12968.0,0
0.0,1.0,1.0,0,4378.0,0
0.0,1.0,1.0,0,2244.0,0
0.0,1.0,1.0,0,71315.0,0
0.0,1.0,1.0,0,9170.0,0
0.0,1.0,1.0,0,89891.0,0
0.0,1.0,1.0,0,30559.0,0
0.0,1.0,1.0,0,50186.0,0
0.0,1.0,1.0,0,16227.0,0
0.0,1.0,1.0,0,16792.0,0
0.0,1.0,1.0,0,96022.0,0
0.0,1.0,1.0,0,6910.0,0
0.0,1.0,1.0,0,12577.0,0
0.0,1.0,1.0,0,4747.0,0
0.0,1.0,1.0,0,0.0,0
0.0,1.0,1.0,0,10757.0,0
0.0,1.0,1.0,0,44710.0,0
0.0,1.0,1.0,0,26376.0,0
0.0,1.0,1.0,0,20460.0,0
0.0,1.0,1.0,0,4059.0,0
0.0,1.0,1.0,0,87438.0,0
0.0,1.0,1.0,0,19275.0,0
0.0,1.0,1.0,0,34649.0,0
0.0,1.0,1.0,0,22228.0,0
0.0,1.0,1.0,0,88630.0,0
1.0,1.0,1.0,0,22951.0,0
0.0,1.0,1.0,0,37722.0,0
0.0,1.0,1.0,0,68199.0,0
0.0,1.0,1.0,0,6916.0,0
0.0,1.0,1.0,0,7240.0,0
0.0,1.0,1.0,0,4010.0,0
0.0,1.0,1.0,0,28311.0,0
0.0,1.0,1.0,0,52886.0,0
0.0,1.0,1.0,0,9085.0,0
1.0,1.0,1.0,0,17801.0,0
0.0,1.0,1.0,0,21892.0,0
0.0,1.0,1.0,0,42529.0,0
0.0,1.0,1.0,0,28294.0,0
0.0,1.0,1.0,0,76780.0,0
0.0,1.0,1.0,0,3839.0,0
0.0,1.0,1.0,0,43312.0,0
0.0,1.0,1.0,0,21382.0,0
0.0,1.0,1.0,0,34106.0,0
0.0,1.0,1.0,0,54303.0,0
0.0,1.0,1.0,0,1781.0,0
0.0,1.0,1.0,0,26343.0,0
0.0,1.0,1.0,0,1523.0,0
0.0,1.0,1.0,0,22939.0,0
0.0,1.0,1.0,0,50423.0,0
0.0,1.0,1.0,0,14839.0,0
1.0,1.0,1.0,0,31110.0,0
0.0,1.0,1.0,0,62187.0,0
0.0,1.0,1.0,0,59813.0,0
0.0,1.0,1.0,0,9611.0,0
0.0,1.0,1.0,0,33903.0,0
0.0,1.0,1.0,0,61177.0,0
0.0,1.0,1.0,0,17148.0,0
0.0,1.0,1.0,0,21015.0,0
0.0,1.0,1.0,0,19683.0,0
0.0,1.0,1.0,0,60052.0,0
1.0,1.0,1.0,0,51396.0,0
1.0,1.0,1.0,0,4303.0,0
0.0,1.0,1.0,0,38828.0,0
0.0,1.0,1.0,0,16550.0,0
0.0,1.0,1.0,0,23343.0,0
0.0,1.0,1.0,0,29657.0,0
0.0,1.0,1.0,0,34999.0,0
0.0,1.0,1.0,0,59170.0,0
0.0,1.0,1.0,0,24691.0,0
0.0,1.0,1.0,0,39850.0,0
0.0,1.0,1.0,0,41690.0,0
1.0,1.0,1.0,0,9070.0,0
0.0,1.0,1.0,0,41124.0,0
0.0,1.0,1.0,0,7188.0,1
0.0,1.0,1.0,0,1631.0,1
0.0,1.0,1.0,0,1119.0,1
0.0,1.0,1.0,0,24647.0,1
0.0,1.0,1.0,0,65661.0,1
0.0,1.0,1.0,0,12429.0,1
0.0,1.0,1.0,0,89349.0,1
0.0,1.0,1.0,0,17771.0,1
0.0,1.0,1.0,0,3314.0,1
0.0,1.0,1.0,0,127240.0,1
0.0,1.0,1.0,0,7917.0,1
0.0,1.0,1.0,0,13084.0,1
0.0,1.0,1.0,0,21899.0,1
0.0,1.0,1.0,0,52749.0,1
0.0,1.0,1.0,0,80517.0,1
1.0,2.0,1.0,0,78.0,1
0.0,1.0,1.0,0,410.0,1
0.0,1.0,1.0,0,71774.0,1
0.0,1.0,1.0,0,21196.0,1
0.0,1.0,1.0,0,17637.0,1
0.0,1.0,1.0,0,50331.0,1
0.0,1.0,1.0,0,18880.0,1
0.0,1.0,1.0,0,26247.0,1
0.0,1.0,1.0,0,0.0,0
0.0,1.0,1.0,0,9013.0,0
0.0,1.0,1.0,0,3734.0,0
0.0,1.0,1.0,0,23627.0,0
1.0,1.0,1.0,0,14434.0,0
0.0,1.0,1.0,0,63736.0,0
0.0,1.0,1.0,0,16305.0,0
0.0,1.0,1.0,0,59469.0,0
0.0,1.0,1.0,0,14031.0,0
0.0,1.0,1.0,0,75478.0,0
0.0,1.0,1.0,0,28959.0,0
1.0,1.0,1.0,0,80887.0,0
0.0,1.0,1.0,0,29916.0,0
1.0,1.0,1.0,0,2832.0,0
1.0,1.0,1.0,0,10439.0,0
0.0,1.0,1.0,0,7007.0,0
0.0,1.0,1.0,0,57452.0,0
0.0,1.0,1.0,0,18922.0,0
0.0,1.0,1.0,0,24932.0,0
0.0,1.0,1.0,0,43725.0,0
0.0,1.0,1.0,0,37657.0,0
0.0,1.0,1.0,0,12779.0,0
0.0,1.0,1.0,0,71400.0,0
0.0,1.0,1.0,0,35218.0,0
0.0,1.0,1.0,0,8237.0,0
0.0,1.0,1.0,0,18265.0,0
0.0,1.0,1.0,0,63917.0,0
0.0,1.0,1.0,0,20056.0,0
0.0,1.0,1.0,0,12464.0,0
0.0,1.0,1.0,0,100230.0,0
0.0,1.0,1.0,0,5442.0,0
0.0,1.0,1.0,0,6758.0,0
0.0,1.0,1.0,0,14720.0,0
0.0,1.0,1.0,0,16111.0,0
0.0,1.0,1.0,0,39601.0,0
0.0,1.0,1.0,0,58246.0,0
0.0,1.0,1.0,0,45361.0,0
0.0,1.0,1.0,0,27642.0,0
0.0,1.0,1.0,0,14613.0,0
0.0,1.0,1.0,0,40845.0,0
0.0,1.0,1.0,0,19030.0,0
1.0,1.0,1.0,0,56294.0,0
0.0,1.0,1.0,0,30848.0,0
0.0,1.0,1.0,0,16226.0,0
0.0,1.0,1.0,0,32175.0,0
0.0,1.0,1.0,0,22117.0,0
0.0,1.0,1.0,0,3558.0,0
0.0,1.0,1.0,0,107561.0,0
0.0,1.0,1.0,0,32000.0,0
0.0,1.0,1.0,0,10991.0,0
1.0,1.0,1.0,0,22554.0,0
0.0,1.0,1.0,0,3444.0,0
0.0,1.0,1.0,0,39253.0,0
0.0,1.0,1.0,0,5554.0,0
0.0,1.0,1.0,0,4480.0,0
0.0,1.0,1.0,0,32465.0,0
0.0,1.0,1.0,0,40172.0,0
0.0,1.0,1.0,0,71511.0,0
1.0,1.0,1.0,0,138.0,0
0.0,1.0,1.0,0,55136.0,0
0.0,1.0,1.0,0,30336.0,0
0.0,1.0,1.0,0,67092.0,0
0.0,1.0,1.0,0,33730.0,0
0.0,1.0,1.0,0,16978.0,0
0.0,1.0,1.0,0,98772.0,0
0.0,1.0,1.0,0,5360.0,0
0.0,1.0,1.0,0,34894.0,0
1.0,1.0,1.0,0,54291.0,0
0.0,1.0,1.0,0,75744.0,0
0.0,1.0,1.0,0,122626.0,0
0.0,1.0,1.0,0,30320.0,0
0.0,1.0,1.0,0,31530.0,0
0.0,1.0,1.0,0,73336.0,0
0.0,1.0,1.0,0,12197.0,0
0.0,1.0,1.0,0,4232.0,0
0.0,1.0,1.0,0,0.0,0
0.0,1.0,1.0,0,8957.0,0
0.0,1.0,1.0,0,26165.0,0
0.0,1.0,1.0,0,53046.0,0
0.0,1.0,1.0,0,6935.0,0
0.0,1.0,1.0,0,7943.0,0
1.0,1.0,1.0,0,3700.0,0
1.0,1.0,1.0,0,4319.0,0
0.0,1.0,1.0,0,37871.0,0
0.0,1.0,1.0,0,23610.0,0
0.0,1.0,1.0,0,22971.0,0
0.0,1.0,1.0,0,7573.0,0
0.0,1.0,1.0,0,12477.0,0
0.0,1.0,1.0,0,17259.0,0
0.0,1.0,1.0,0,50501.0,0
0.0,1.0,1.0,0,4619.0,0
1.0,1.0,1.0,0,17619.0,0
0.0,1.0,1.0,0,1424.0,0
0.0,1.0,1.0,0,1181.0,0
0.0,1.0,1.0,0,86766.0,0
0.0,1.0,1.0,0,6048.0,0
0.0,1.0,1.0,0,34891.0,0
0.0,1.0,1.0,0,124991.0,0
0.0,1.0,1.0,0,43318.0,0
0.0,1.0,1.0,0,39235.0,0
0.0,1.0,1.0,0,46381.0,0
0.0,1.0,1.0,0,21430.0,0
0.0,1.0,1.0,0,2178.0,0
0.0,1.0,1.0,0,71398.0,0
0.0,1.0,1.0,0,52630.0,0
0.0,1.0,1.0,0,3772.0,0
0.0,1.0,1.0,0,26605.0,0
0.0,1.0,1.0,0,58866.0,0
0.0,1.0,1.0,0,81337.0,0
0.0,1.0,1.0,0,28124.0,0
0.0,1.0,1.0,0,14150.0,0
0.0,1.0,1.0,0,58308.0,0
1.0,1.0,1.0,0,10991.0,0
0.0,1.0,1.0,0,24552.0,0
0.0,1.0,1.0,0,10166.0,0
0.0,1.0,1.0,0,25103.0,0
0.0,1.0,1.0,0,5660.0,0
0.0,1.0,1.0,0,26163.0,0
0.0,1.0,1.0,0,14174.0,0
0.0,1.0,1.0,0,4480.0,0
0.0,1.0,1.0,0,105590.0,0
0.0,1.0,1.0,0,7291.0,0
0.0,1.0,1.0,0,996.0,0
1.0,1.0,1.0,0,23836.0,0
0.0,1.0,1.0,0,79349.0,0
0.0,1.0,1.0,0,2677.0,0
0.0,1.0,1.0,0,15089.0,0
0.0,1.0,1.0,0,6692.0,0
0.0,1.0,1.0,0,27371.0,0
0.0,1.0,1.0,0,1151.0,0
0.0,1.0,1.0,0,36450.0,0
0.0,1.0,1.0,0,70456.0,0
0.0,1.0,1.0,0,7819.0,0
0.0,1.0,1.0,0,68397.0,0
0.0,1.0,1.0,0,50631.0,0
0.0,1.0,1.0,0,7242.0,0
0.0,1.0,1.0,0,100732.0,0
0.0,1.0,1.0,0,22774.0,0
0.0,1.0,1.0,0,27069.0,1
0.0,1.0,1.0,0,7033.0,1
0.0,1.0,1.0,0,84451.0,1
0.0,1.0,1.0,0,13803.0,1
0.0,1.0,1.0,0,65674.0,1
0.0,1.0,1.0,0,58435.0,1
0.0,1.0,1.0,0,1761.0,1
0.0,1.0,1.0,0,5029.0,1
0.0,1.0,1.0,0,48567.0,1
0.0,1.0,1.0,0,38216.0,1
0.0,1.0,1.0,0,61884.0,1
0.0,1.0,1.0,0,17809.0,1
1.0,1.0,1.0,0,2503.0,1
0.0,1.0,1.0,0,54774.0,1
0.0,1.0,1.0,0,30580.0,1
0.0,1.0,1.0,0,6252.0,1
0.0,1.0,1.0,0,678.0,1
0.0,1.0,1.0,0,12219.0,1
1.0,1.0,1.0,0,17156.0,1
1.0,1.0,1.0,0,2756.0,1
0.0,1.0,1.0,0,6737.0,1
0.0,1.0,1.0,0,15074.0,1
1.0,1.0,1.0,0,26591.0,1
0.0,1.0,1.0,0,11025.0,1
0.0,1.0,1.0,0,9323.0,1
0.0,1.0,1.0,0,0.0,0
0.0,1.0,1.0,0,8606.0,0
0.0,1.0,1.0,0,2857.0,0
0.0,1.0,1.0,0,3426.0,0
0.0,1.0,1.0,0,76830.0,0
1.0,1.0,1.0,0,1516.0,0
1.0,1.0,1.0,0,10188.0,0
0.0,1.0,1.0,0,25365.0,0
0.0,1.0,1.0,0,10507.0,0
0.0,1.0,1.0,0,213.0,0
0.0,1.0,1.0,0,705.0,0
0.0,2.0,1.0,0,132.0,0
0.0,1.0,1.0,0,581.0,0
0.0,1.0,1.0,0,544.0,0
0.0,2.0,1.0,0,262.0,0
0.0,1.0,1.0,0,800.0,0
0.0,1.0,1.0,0,592.0,0
0.0,2.0,1.0,0,141.0,0
0.0,2.0,1.0,0,237.0,0
0.0,2.0,1.0,0,219.0,0
0.0,1.0,1.0,0,855.0,0
0.0,1.0,1.0,0,687.0,0
0.0,1.0,1.0,0,463.0,0
0.0,1.0,1.0,0,11571.0,0
0.0,1.0,1.0,0,28249.0,0
0.0,1.0,1.0,0,18122.0,0
0.0,1.0,1.0,0,7041.0,0
0.0,1.0,1.0,0,50927.0,0
0.0,1.0,1.0,0,22160.0,0
0.0,1.0,1.0,0,6417.0,0
0.0,1.0,1.0,0,32007.0,0
0.0,1.0,1.0,0,4536.0,0
0.0,1.0,1.0,0,67157.0,0
0.0,1.0,1.0,0,757.0,0
0.0,1.0,1.0,0,48156.0,0
1.0,1.0,1.0,0,81517.0,0
1.0,1.0,1.0,0,50856.0,0
0.0,1.0,1.0,0,39425.0,0
0.0,1.0,1.0,0,1713.0,0
0.0,1.0,1.0,0,7292.0,0
0.0,1.0,1.0,0,2799.0,0
0.0,1.0,1.0,0,41109.0,0
0.0,1.0,1.0,0,89953.0,0
0.0,1.0,1.0,0,16988.0,0
0.0,1.0,1.0,0,8262.0,0
0.0,1.0,1.0,0,31281.0,0
0.0,1.0,1.0,0,45178.0,0
0.0,1.0,1.0,0,217533.0,0
0.0,1.0,1.0,0,1092.0,0
0.0,1.0,1.0,0,6805.0,0
0.0,1.0,1.0,0,6117.0,0
0.0,2.0,2.0,0,39.0,0
0.0,1.0,1.0,0,13487.0,0
0.0,1.0,1.0,0,53539.0,0
0.0,1.0,1.0,0,61336.0,0
0.0,1.0,1.0,0,34742.0,0
0.0,1.0,1.0,0,17345.0,0
1.0,1.0,1.0,0,52503.0,0
1.0,1.0,1.0,0,76585.0,0
0.0,1.0,1.0,0,5140.0,0
0.0,1.0,1.0,0,25534.0,0
0.0,1.0,1.0,0,16360.0,0
0.0,1.0,1.0,0,36016.0,0
0.0,1.0,1.0,0,54394.0,0
0.0,1.0,1.0,0,3599.0,0
0.0,1.0,1.0,0,23210.0,0
0.0,1.0,1.0,0,48632.0,0
0.0,1.0,1.0,0,800.0,0
0.0,1.0,1.0,0,506.0,0
0.0,1.0,1.0,0,535.0,0
0.0,1.0,1.0,0,208.0,0
0.0,1.0,1.0,0,710.0,0
0.0,1.0,1.0,0,588.0,0
0.0,2.0,1.0,0,237.0,0
0.0,1.0,1.0,0,775.0,0
0.0,1.0,1.0,0,26840.0,0
0.0,1.0,1.0,0,41546.0,0
0.0,1.0,1.0,0,15122.0,0
0.0,1.0,1.0,0,1324.0,0
0.0,1.0,1.0,0,24462.0,1
0.0,1.0,1.0,0,23865.0,1
0.0,1.0,1.0,0,6068.0,1
0.0,1.0,1.0,0,7347.0,1
0.0,1.0,1.0,0,90104.0,1
0.0,1.0,1.0,0,7469.0,1
0.0,1.0,1.0,0,72090.0,1
0.0,1.0,1.0,0,727.0,1
0.0,1.0,1.0,0,729.0,1
0.0,1.0,1.0,0,477.0,1
0.0,1.0,1.0,0,496.0,1
0.0,1.0,1.0,0,711.0,1
0.0,1.0,1.0,0,634.0,1
0.0,1.0,1.0,0,576.0,1
0.0,1.0,1.0,0,594.0,1
0.0,1.0,1.0,0,593.0,1
0.0,1.0,1.0,0,3756.0,1
0.0,1.0,1.0,0,7901.0,1
0.0,1.0,1.0,0,4295.0,1
1.0,1.0,1.0,0,16978.0,1
0.0,1.0,1.0,0,23601.0,1
0.0,1.0,1.0,0,96936.0,1
0.0,1.0,1.0,0,14173.0,1
0.0,1.0,1.0,0,95175.0,1
0.0,1.0,1.0,0,552.0,1
0.0,1.0,1.0,0,343.0,1
0.0,1.0,1.0,0,482.0,1
0.0,1.0,1.0,0,834.0,1
0.0,2.0,1.0,0,202.0,1
0.0,1.0,1.0,0,364.0,1
0.0,1.0,1.0,0,360.0,1
0.0,1.0,1.0,0,563.0,1
0.0,2.0,1.0,0,132.0,1
0.0,1.0,1.0,0,656.0,1
0.0,2.0,1.0,0,178.0,1
0.0,2.0,1.0,0,226.0,1
0.0,1.0,1.0,0,497.0,1
0.0,1.0,1.0,0,26565.0,1
1.0,1.0,1.0,0,13452.0,1
0.0,1.0,1.0,0,25080.0,1
0.0,1.0,1.0,0,11274.0,1
0.0,1.0,1.0,0,69927.0,1
0.0,1.0,1.0,0,76257.0,1
0.0,1.0,1.0,0,1445.0,1
0.0,1.0,1.0,0,28353.0,1
0.0,1.0,1.0,0,2997.0,1
0.0,1.0,1.0,0,682.0,1
0.0,1.0,1.0,0,565.0,1
0.0,1.0,1.0,0,431.0,1
0.0,1.0,1.0,0,553.0,1
0.0,1.0,1.0,0,814.0,1
0.0,1.0,1.0,0,828.0,1
0.0,1.0,1.0,0,324.0,1
0.0,2.0,1.0,0,275.0,1
0.0,2.0,1.0,0,227.0,1
0.0,1.0,1.0,0,472.0,1
0.0,1.0,1.0,0,468.0,1
0.0,1.0,1.0,0,28897.0,1
0.0,1.0,1.0,0,0.0,0
0.0,1.0,1.0,0,88955.0,0
0.0,1.0,1.0,0,9954.0,0
0.0,1.0,1.0,0,9912.0,0
0.0,1.0,1.0,0,14622.0,0
0.0,1.0,1.0,0,3234.0,0
0.0,1.0,1.0,0,29239.0,0
0.0,1.0,1.0,0,151102.0,0
1.0,1.0,1.0,0,28445.0,0
0.0,1.0,1.0,0,39524.0,0
0.0,1.0,1.0,0,51404.0,0
0.0,1.0,1.0,0,37743.0,0
0.0,1.0,1.0,0,41968.0,0
0.0,1.0,1.0,0,50283.0,0
1.0,1.0,1.0,0,64404.0,0
0.0,1.0,1.0,0,7722.0,0
0.0,1.0,1.0,0,30251.0,0
0.0,1.0,1.0,0,8822.0,0
0.0,1.0,1.0,0,14453.0,0
0.0,1.0,1.0,0,12782.0,0
0.0,1.0,1.0,0,21770.0,0
0.0,1.0,1.0,0,32219.0,0
0.0,1.0,1.0,0,65576.0,0
0.0,1.0,1.0,0,8507.0,0
0.0,1.0,1.0,0,39791.0,0
0.0,1.0,1.0,0,6908.0,0
0.0,1.0,1.0,0,44834.0,0
0.0,1.0,1.0,0,124788.0,0
0.0,1.0,1.0,0,3421.0,0
0.0,1.0,1.0,0,14381.0,0
0.0,1.0,1.0,0,15296.0,0
0.0,1.0,1.0,0,21155.0,0
0.0,1.0,1.0,0,2529.0,0
0.0,1.0,1.0,0,26633.0,0
0.0,1.0,1.0,0,37458.0,0
0.0,1.0,1.0,0,108883.0,0
0.0,1.0,1.0,0,1976.0,0
0.0,1.0,1.0,0,4734.0,0
0.0,1.0,1.0,0,30407.0,0
0.0,1.0,1.0,0,1079.0,0
0.0,1.0,1.0,0,27081.0,0
0.0,1.0,1.0,0,54991.0,0
0.0,1.0,1.0,0,57530.0,0
0.0,1.0,1.0,0,32680.0,0
1.0,1.0,1.0,0,2539.0,0
0.0,1.0,1.0,0,101895.0,0
0.0,1.0,1.0,0,51805.0,0
0.0,1.0,1.0,0,14125.0,0
0.0,1.0,1.0,0,1863.0,0
0.0,1.0,1.0,0,44287.0,0
0.0,1.0,1.0,0,22982.0,0
0.0,1.0,1.0,0,148356.0,0
0.0,1.0,1.0,0,32323.0,0
0.0,1.0,1.0,0,8047.0,0
0.0,1.0,1.0,0,15564.0,0
0.0,1.0,1.0,0,158604.0,0
0.0,1.0,1.0,0,55308.0,0
0.0,1.0,1.0,0,14470.0,0
0.0,1.0,1.0,0,105009.0,0
0.0,1.0,1.0,0,17564.0,0
0.0,2.0,1.0,0,236.0,0
0.0,1.0,1.0,0,126403.0,1
0.0,1.0,1.0,0,60106.0,1
0.0,1.0,1.0,0,12689.0,1
0.0,1.0,1.0,0,38046.0,1
0.0,1.0,1.0,0,0.0,0
0.0,1.0,1.0,0,8969.0,0
0.0,1.0,1.0,0,84385.0,0
0.0,1.0,1.0,0,4128.0,0
0.0,1.0,1.0,0,21502.0,0
0.0,1.0,1.0,0,72401.0,0
0.0,1.0,1.0,0,22626.0,0
0.0,1.0,1.0,0,13361.0,0
0.0,1.0,1.0,0,51599.0,0
0.0,1.0,1.0,0,3347.0,0
0.0,1.0,1.0,0,12578.0,0
0.0,1.0,1.0,0,995.0,0
0.0,1.0,1.0,0,27015.0,0
0.0,1.0,1.0,0,4983.0,0
0.0,1.0,1.0,0,39582.0,0
0.0,1.0,1.0,0,42412.0,0
0.0,1.0,1.0,0,44829.0,0
1.0,1.0,1.0,0,2233.0,0
0.0,1.0,1.0,0,80872.0,0
0.0,1.0,1.0,0,13625.0,0
0.0,1.0,1.0,0,74857.0,0
0.0,1.0,1.0,0,70526.0,0
0.0,1.0,1.0,0,10855.0,0
0.0,1.0,1.0,0,25962.0,0
0.0,1.0,1.0,0,14161.0,0
0.0,1.0,1.0,0,667.0,0
0.0,1.0,1.0,0,547.0,0
0.0,1.0,1.0,0,32143.0,0
0.0,1.0,1.0,0,38127.0,0
0.0,1.0,1.0,0,65153.0,0
0.0,1.0,1.0,0,11514.0,0
0.0,1.0,1.0,0,64930.0,0
0.0,1.0,1.0,0,33312.0,0
0.0,1.0,1.0,0,51462.0,0
0.0,1.0,1.0,0,3074.0,0
1.0,1.0,1.0,0,79424.0,0
0.0,1.0,1.0,0,26985.0,0
0.0,1.0,1.0,0,82487.0,0
0.0,1.0,1.0,0,57360.0,0
0.0,1.0,1.0,0,587.0,0
0.0,1.0,1.0,0,46957.0,0
0.0,1.0,1.0,0,22830.0,0
1.0,1.0,1.0,0,22516.0,0
0.0,1.0,1.0,0,26069.0,0
1.0,1.0,1.0,0,52204.0,0
0.0,1.0,1.0,0,1910.0,0
0.0,1.0,1.0,0,13693.0,0
0.0,1.0,1.0,0,38272.0,0
0.0,1.0,1.0,0,34713.0,0
0.0,1.0,1.0,0,114429.0,0
0.0,1.0,1.0,0,11863.0,0
0.0,1.0,1.0,0,56432.0,0
0.0,1.0,1.0,0,31607.0,0
0.0,1.0,1.0,0,55836.0,0
0.0,1.0,1.0,0,18369.0,0
0.0,1.0,1.0,0,16700.0,0
1.0,1.0,1.0,0,60921.0,0
0.0,1.0,1.0,0,80706.0,0
0.0,1.0,1.0,0,11319.0,0
0.0,1.0,1.0,0,15443.0,0
0.0,1.0,1.0,0,39591.0,0
1.0,1.0,1.0,0,24779.0,0
0.0,1.0,1.0,0,45335.0,0
0.0,1.0,1.0,0,35606.0,0
0.0,1.0,1.0,0,1681.0,0
0.0,1.0,1.0,0,8732.0,0
0.0,1.0,1.0,0,87359.0,0
0.0,1.0,1.0,0,39957.0,0
0.0,1.0,1.0,0,160717.0,0
0.0,1.0,1.0,0,0.0,0
0.0,1.0,1.0,0,1912.0,0
0.0,1.0,1.0,0,30917.0,0
0.0,1.0,1.0,0,23056.0,0
0.0,1.0,1.0,0,2578.0,0
0.0,1.0,1.0,0,42061.0,0
0.0,1.0,1.0,0,86264.0,0
0.0,1.0,1.0,0,63597.0,0
1.0,1.0,1.0,0,2639.0,0
0.0,1.0,1.0,0,31933.0,0
0.0,1.0,1.0,0,21225.0,0
0.0,1.0,1.0,0,14478.0,0
0.0,1.0,1.0,0,49963.0,0
0.0,1.0,1.0,0,2514.0,0
0.0,1.0,1.0,0,10982.0,0
1.0,1.0,1.0,0,6589.0,0
0.0,1.0,1.0,0,39516.0,0
0.0,1.0,1.0,0,12973.0,0
0.0,1.0,1.0,0,104726.0,0
0.0,1.0,1.0,0,9438.0,0
0.0,1.0,1.0,0,57246.0,0
0.0,1.0,1.0,0,53825.0,0
0.0,1.0,1.0,0,34997.0,0
0.0,1.0,1.0,0,102302.0,0
0.0,1.0,1.0,0,1811.0,0
0.0,1.0,1.0,0,107428.0,0
0.0,1.0,1.0,0,83149.0,0
0.0,1.0,1.0,0,1316.0,0
0.0,1.0,1.0,0,16711.0,0
1.0,1.0,1.0,0,38005.0,0
0.0,1.0,1.0,0,20455.0,0
0.0,1.0,1.0,0,25081.0,0
0.0,1.0,1.0,0,26410.0,0
0.0,1.0,1.0,0,66798.0,0
0.0,1.0,1.0,0,13861.0,0
0.0,1.0,1.0,0,6619.0,0
0.0,1.0,1.0,0,11962.0,0
0.0,1.0,1.0,0,321.0,0
0.0,1.0,1.0,0,752.0,0
0.0,1.0,1.0,0,404.0,0
0.0,1.0,1.0,0,434.0,0
0.0,2.0,1.0,0,175.0,0
0.0,1.0,1.0,0,11352.0,0
0.0,1.0,1.0,0,198780.0,0
0.0,1.0,1.0,0,11868.0,0
0.0,1.0,1.0,0,15091.0,0
0.0,1.0,1.0,0,37554.0,0
0.0,1.0,1.0,0,24256.0,0
0.0,1.0,1.0,0,5270.0,0
0.0,1.0,1.0,0,107828.0,0
0.0,1.0,1.0,0,2891.0,0
0.0,1.0,1.0,0,85370.0,0
0.0,1.0,1.0,0,15284.0,0
0.0,1.0,1.0,0,22996.0,0
0.0,1.0,1.0,0,74131.0,0
0.0,1.0,1.0,0,12074.0,0
0.0,1.0,1.0,0,25020.0,0
0.0,1.0,1.0,0,17066.0,0
0.0,1.0,1.0,0,116583.0,0
0.0,1.0,1.0,0,18353.0,0
0.0,1.0,1.0,0,6670.0,0
0.0,1.0,1.0,0,65517.0,0
0.0,1.0,1.0,0,25529.0,0
0.0,1.0,1.0,0,33225.0,0
0.0,1.0,1.0,0,5897.0,1
0.0,1.0,1.0,0,19808.0,1
0.0,1.0,1.0,0,15340.0,1
0.0,1.0,1.0,0,24794.0,1
1.0,1.0,1.0,0,23665.0,1
0.0,1.0,1.0,0,13016.0,1
0.0,2.0,1.0,0,209.0,1
0.0,1.0,1.0,0,841.0,1
0.0,2.0,1.0,0,250.0,1
0.0,1.0,1.0,0,16573.0,1
0.0,1.0,1.0,0,41234.0,1
0.0,1.0,1.0,0,67175.0,1
0.0,1.0,1.0,0,3033.0,1
0.0,1.0,1.0,0,43031.0,1
0.0,1.0,1.0,0,31786.0,1
0.0,1.0,1.0,0,0.0,0
0.0,1.0,1.0,0,90023.0,0
0.0,1.0,1.0,0,46777.0,0
0.0,1.0,1.0,0,67874.0,0
0.0,1.0,1.0,0,33557.0,0
0.0,1.0,1.0,0,80347.0,0
0.0,1.0,1.0,0,91266.0,0
1.0,1.0,1.0,0,57733.0,0
0.0,1.0,1.0,0,24869.0,0
0.0,1.0,1.0,0,7941.0,0
0.0,1.0,1.0,0,99196.0,0
0.0,1.0,1.0,0,8038.0,0
0.0,1.0,1.0,0,30077.0,0
0.0,1.0,1.0,0,72380.0,0
0.0,1.0,1.0,0,81823.0,0
0.0,1.0,1.0,0,69505.0,0
0.0,1.0,1.0,0,52910.0,0
0.0,1.0,1.0,0,28691.0,0
0.0,1.0,1.0,0,224172.0,0
0.0,1.0,1.0,0,26000.0,0
0.0,1.0,1.0,0,1705.0,0
0.0,1.0,1.0,0,6491.0,0
0.0,1.0,1.0,0,116731.0,0
0.0,1.0,1.0,0,1292.0,0
0.0,1.0,1.0,0,7168.0,0
0.0,1.0,1.0,0,1310.0,0
0.0,1.0,1.0,0,32554.0,0
0.0,2.0,1.0,0,292.0,0
0.0,1.0,1.0,0,6320.0,0
0.0,1.0,1.0,0,33372.0,0
0.0,1.0,1.0,0,33549.0,0
0.0,1.0,1.0,0,36842.0,0
0.0,1.0,1.0,0,8560.0,0
0.0,1.0,1.0,0,7044.0,0
0.0,1.0,1.0,0,18164.0,0
0.0,1.0,1.0,0,31550.0,0
0.0,1.0,1.0,0,204013.0,0
1.0,1.0,1.0,0,20303.0,0
0.0,1.0,1.0,0,24298.0,0
0.0,1.0,1.0,0,16214.0,0
1.0,1.0,1.0,0,35599.0,0
0.0,1.0,1.0,0,80464.0,0
0.0,1.0,1.0,0,30572.0,0
0.0,1.0,1.0,0,27880.0,0
0.0,1.0,1.0,0,76188.0,0
0.0,1.0,1.0,0,46974.0,0
0.0,1.0,1.0,0,8207.0,0
0.0,1.0,1.0,0,26818.0,0
0.0,1.0,1.0,0,32818.0,0
0.0,1.0,1.0,0,7806.0,0
0.0,1.0,1.0,0,30940.0,0
0.0,1.0,1.0,0,32467.0,0
0.0,1.0,1.0,0,78457.0,0
1.0,1.0,1.0,0,42891.0,0
0.0,1.0,1.0,0,128869.0,0
0.0,1.0,1.0,0,15560.0,0
0.0,1.0,1.0,0,4341.0,0
0.0,1.0,1.0,0,15729.0,0
0.0,1.0,1.0,0,35826.0,0
0.0,1.0,1.0,0,0.0,0
0.0,1.0,1.0,0,38752.0,0
0.0,1.0,1.0,0,75463.0,0
0.0,1.0,1.0,0,985.0,0
0.0,1.0,1.0,0,3588.0,0
0.0,1.0,1.0,0,47493.0,0
0.0,1.0,1.0,0,13988.0,0
0.0,1.0,1.0,0,476.0,0
0.0,1.0,1.0,0,682.0,0
0.0,1.0,1.0,0,332.0,0
0.0,1.0,1.0,0,615.0,0
0.0,1.0,1.0,0,18114.0,0
0.0,1.0,1.0,0,19694.0,0
0.0,1.0,1.0,0,29586.0,0
0.0,1.0,1.0,0,36958.0,0
0.0,1.0,1.0,0,5698.0,0
0.0,1.0,1.0,0,9062.0,0
0.0,1.0,1.0,0,33335.0,0
0.0,1.0,1.0,0,16101.0,0
0.0,1.0,1.0,0,36994.0,0
0.0,1.0,1.0,0,14397.0,0
0.0,1.0,1.0,0,148380.0,0
0.0,1.0,1.0,0,17299.0,0
0.0,1.0,1.0,0,42828.0,0
0.0,1.0,1.0,0,59269.0,0
0.0,1.0,1.0,0,16825.0,0
0.0,1.0,1.0,0,2126.0,0
0.0,1.0,1.0,0,17121.0,0
1.0,1.0,1.0,0,25742.0,0
0.0,1.0,1.0,0,18807.0,0
0.0,1.0,1.0,0,6434.0,0
0.0,1.0,1.0,0,10548.0,0
0.0,1.0,1.0,0,3297.0,0
0.0,1.0,1.0,0,7870.0,0
0.0,1.0,1.0,0,47734.0,0
0.0,1.0,1.0,0,48173.0,0
0.0,1.0,1.0,0,5504.0,0
0.0,1.0,1.0,0,104064.0,0
0.0,1.0,1.0,0,41011.0,0
0.0,1.0,1.0,0,31701.0,0
0.0,1.0,1.0,0,183711.0,0
0.0,1.0,1.0,0,14977.0,0
0.0,1.0,1.0,0,9753.0,0
0.0,1.0,1.0,0,38079.0,0
0.0,1.0,1.0,0,28409.0,0
0.0,1.0,1.0,0,19741.0,0
0.0,1.0,1.0,0,11372.0,0
0.0,1.0,1.0,0,9568.0,0
0.0,1.0,1.0,0,90775.0,0
0.0,1.0,1.0,0,6223.0,0
0.0,1.0,1.0,0,5767.0,0
0.0,1.0,1.0,0,3391.0,0
0.0,1.0,1.0,0,30402.0,0
0.0,1.0,1.0,0,21836.0,0
0.0,1.0,1.0,0,43608.0,0
0.0,1.0,1.0,0,57450.0,0
0.0,1.0,1.0,0,9432.0,0
0.0,1.0,1.0,0,21263.0,0
0.0,1.0,1.0,0,54221.0,0
0.0,1.0,1.0,0,28324.0,0
0.0,1.0,1.0,0,4978.0,0
0.0,1.0,1.0,0,34266.0,0
0.0,1.0,1.0,0,17188.0,0
0.0,1.0,1.0,0,16790.0,0
0.0,1.0,1.0,0,15299.0,0
0.0,1.0,1.0,0,11540.0,0
0.0,1.0,1.0,0,35507.0,0
1.0,1.0,1.0,0,7047.0,0
0.0,1.0,1.0,0,2048.0,0
0.0,1.0,1.0,0,12161.0,0
0.0,1.0,1.0,0,3074.0,0
0.0,1.0,1.0,0,5889.0,0
0.0,1.0,1.0,0,90228.0,0
0.0,1.0,1.0,0,76631.0,0
0.0,1.0,1.0,0,56134.0,0
0.0,1.0,1.0,0,16706.0,0
0.0,1.0,1.0,0,29682.0,0
0.0,1.0,1.0,0,875.0,0
0.0,1.0,1.0,0,680.0,0
0.0,1.0,1.0,0,845.0,0
0.0,1.0,1.0,0,586.0,0
0.0,1.0,1.0,0,223.0,0
0.0,1.0,1.0,0,537.0,0
0.0,1.0,1.0,0,768.0,0
0.0,1.0,1.0,0,676.0,0
0.0,1.0,1.0,0,90279.0,0
0.0,1.0,1.0,0,32793.0,0
0.0,1.0,1.0,0,14360.0,0
0.0,1.0,1.0,0,9816.0,1
0.0,1.0,1.0,0,64014.0,1
0.0,1.0,1.0,0,1859.0,1
0.0,1.0,1.0,0,31982.0,1
1.0,1.0,1.0,0,30777.0,1
0.0,1.0,1.0,0,0.0,0
0.0,1.0,1.0,0,30608.0,0
0.0,1.0,1.0,0,23954.0,0
0.0,1.0,1.0,0,7839.0,0
0.0,1.0,1.0,0,43896.0,0
0.0,1.0,1.0,0,8496.0,0
0.0,1.0,1.0,0,34446.0,0
0.0,1.0,1.0,0,74608.0,0
0.0,1.0,1.0,0,11450.0,0
1.0,1.0,1.0,0,2660.0,0
0.0,1.0,1.0,0,33752.0,0
0.0,1.0,1.0,0,15805.0,0
0.0,1.0,1.0,0,10605.0,0
0.0,1.0,1.0,0,9386.0,0
0.0,1.0,1.0,0,4101.0,0
0.0,1.0,1.0,0,36033.0,0
0.0,1.0,1.0,0,94009.0,0
1.0,1.0,1.0,0,16291.0,0
0.0,1.0,1.0,0,8554.0,0
0.0,1.0,1.0,0,16198.0,0
0.0,1.0,1.0,0,21895.0,0
0.0,1.0,1.0,0,70199.0,0
0.0,1.0,1.0,0,145076.0,0
0.0,1.0,1.0,0,36723.0,0
0.0,1.0,1.0,0,17609.0,0
0.0,1.0,1.0,0,33590.0,0
0.0,1.0,1.0,0,41129.0,0
0.0,1.0,1.0,0,3590.0,0
0.0,1.0,1.0,0,23095.0,0
0.0,1.0,1.0,0,27290.0,0
0.0,1.0,1.0,0,70094.0,0
0.0,1.0,1.0,0,9320.0,0
1.0,1.0,1.0,0,27318.0,0
0.0,1.0,1.0,0,48159.0,0
0.0,1.0,1.0,0,4959.0,0
0.0,1.0,1.0,0,45719.0,0
0.0,1.0,1.0,0,31231.0,0
0.0,1.0,1.0,0,35790.0,0
0.0,1.0,1.0,0,23983.0,0
0.0,1.0,1.0,0,8854.0,0
0.0,1.0,1.0,0,15559.0,0
0.0,1.0,1.0,0,10218.0,0
0.0,1.0,1.0,0,34993.0,0
0.0,1.0,1.0,0,85525.0,0
0.0,1.0,1.0,0,2642.0,0
0.0,1.0,1.0,0,30769.0,0
1.0,1.0,1.0,0,9284.0,0
0.0,1.0,1.0,0,1239.0,0
0.0,1.0,1.0,0,15399.0,0
0.0,1.0,1.0,0,22532.0,0
0.0,1.0,1.0,0,10385.0,0
0.0,1.0,1.0,0,10992.0,0
0.0,1.0,1.0,0,74059.0,0
0.0,1.0,1.0,0,25260.0,0
0.0,1.0,1.0,0,27371.0,0
0.0,1.0,1.0,0,93053.0,0
0.0,1.0,1.0,0,63156.0,0
0.0,1.0,1.0,0,26863.0,0
0.0,1.0,1.0,0,36944.0,0
0.0,1.0,1.0,0,25903.0,0
0.0,1.0,1.0,0,128145.0,0
0.0,1.0,1.0,0,5504.0,0
0.0,1.0,1.0,0,11321.0,0
0.0,2.0,1.0,0,149.0,0
0.0,1.0,1.0,0,9515.0,0
1.0,1.0,1.0,0,21125.0,0
0.0,1.0,1.0,0,20906.0,0
0.0,1.0,1.0,0,14733.0,0
0.0,1.0,1.0,0,14651.0,0
0.0,1.0,1.0,0,17619.0,0
0.0,1.0,1.0,0,27930.0,0
1.0,1.0,1.0,0,10221.0,0
0.0,1.0,1.0,0,19380.0,0
0.0,1.0,1.0,0,11980.0,0
0.0,1.0,1.0,0,41446.0,0
1.0,1.0,1.0,0,15272.0,0
0.0,1.0,1.0,0,16060.0,0
0.0,1.0,1.0,0,10955.0,0
0.0,1.0,1.0,0,24564.0,0
0.0,1.0,1.0,0,8785.0,0
1.0,1.0,1.0,0,3278.0,0
0.0,1.0,1.0,0,86302.0,0
0.0,1.0,1.0,0,7173.0,0
0.0,1.0,1.0,0,5499.0,0
0.0,1.0,1.0,0,47754.0,0
0.0,1.0,1.0,0,83321.0,0
0.0,1.0,1.0,0,731.0,0
1.0,1.0,1.0,0,3760.0,0
0.0,1.0,1.0,0,12030.0,0
0.0,1.0,1.0,0,40370.0,0
0.0,1.0,1.0,0,0.0,0
0.0,1.0,1.0,0,33760.0,0
0.0,1.0,1.0,0,14357.0,0
0.0,1.0,1.0,0,58485.0,0
0.0,1.0,1.0,0,66918.0,0
0.0,1.0,1.0,0,3216.0,0
0.0,1.0,1.0,0,27028.0,0
0.0,1.0,1.0,0,28728.0,0
0.0,1.0,1.0,0,2011.0,0
0.0,1.0,1.0,0,62470.0,0
0.0,1.0,1.0,0,7251.0,0
0.0,1.0,1.0,0,14625.0,0
0.0,1.0,1.0,0,50377.0,0
0.0,1.0,1.0,0,90515.0,0
0.0,1.0,1.0,0,22746.0,0
0.0,1.0,1.0,0,18946.0,0
0.0,1.0,1.0,0,37573.0,0
0.0,1.0,1.0,0,20985.0,0
0.0,1.0,1.0,0,39579.0,0
0.0,1.0,1.0,0,9334.0,0
1.0,1.0,1.0,0,107786.0,0
0.0,1.0,1.0,0,13205.0,0
1.0,1.0,1.0,0,30859.0,0
0.0,1.0,1.0,0,62536.0,0
0.0,1.0,1.0,0,45336.0,0
0.0,1.0,1.0,0,50440.0,0
0.0,1.0,1.0,0,2791.0,0
0.0,1.0,1.0,0,29269.0,0
0.0,1.0,1.0,0,78418.0,0
0.0,1.0,1.0,0,25709.0,0
0.0,1.0,1.0,0,40706.0,0
0.0,1.0,1.0,0,7154.0,0
0.0,1.0,1.0,0,99640.0,0
0.0,1.0,1.0,0,1691.0,0
0.0,1.0,1.0,0,12024.0,0
0.0,1.0,1.0,0,3110.0,0
0.0,1.0,1.0,0,39373.0,0
0.0,1.0,1.0,0,11048.0,0
0.0,1.0,1.0,0,40512.0,0
0.0,1.0,1.0,0,89158.0,0
0.0,1.0,1.0,0,21551.0,0
0.0,1.0,1.0,0,24840.0,0
0.0,1.0,1.0,0,6742.0,0
0.0,1.0,1.0,0,77313.0,0
0.0,1.0,1.0,0,2748.0,0
0.0,1.0,1.0,0,7414.0,0
0.0,1.0,1.0,0,21250.0,0
0.0,1.0,1.0,0,108576.0,0
0.0,1.0,1.0,0,74147.0,0
0.0,1.0,1.0,0,1866.0,0
0.0,1.0,1.0,0,73930.0,0
0.0,1.0,1.0,0,119058.0,0
0.0,1.0,1.0,0,3328.0,0
0.0,1.0,1.0,0,990.0,0
0.0,1.0,1.0,0,3157.0,0
0.0,1.0,1.0,0,69608.0,0
1.0,1.0,1.0,0,15143.0,0
0.0,1.0,1.0,0,9823.0,0
0.0,1.0,1.0,0,12240.0,0
0.0,1.0,1.0,0,21749.0,0
0.0,1.0,1.0,0,43797.0,0
0.0,1.0,1.0,0,127691.0,0
0.0,1.0,1.0,0,108324.0,0
0.0,1.0,1.0,0,119785.0,0
0.0,1.0,1.0,0,0.0,0
0.0,1.0,1.0,0,14903.0,0
0.0,1.0,1.0,0,18806.0,0
0.0,1.0,1.0,0,1851.0,0
0.0,1.0,1.0,0,43918.0,0
0.0,1.0,1.0,0,9534.0,0
0.0,1.0,1.0,0,20488.0,0
0.0,1.0,1.0,0,7041.0,0
1.0,1.0,1.0,0,1651.0,0
0.0,1.0,1.0,0,3332.0,0
0.0,1.0,1.0,0,11123.0,0
0.0,1.0,1.0,0,6106.0,0
0.0,1.0,1.0,0,23935.0,0
0.0,1.0,1.0,0,110788.0,0
0.0,1.0,1.0,0,10909.0,0
0.0,2.0,1.0,0,105.0,0
0.0,1.0,1.0,0,11702.0,0
0.0,1.0,1.0,0,48728.0,0
0.0,1.0,1.0,0,170282.0,0
0.0,1.0,1.0,0,22274.0,0
0.0,1.0,1.0,0,2436.0,0
0.0,1.0,1.0,0,3983.0,0
0.0,1.0,1.0,0,18498.0,0
0.0,1.0,1.0,0,12166.0,0
0.0,1.0,1.0,0,8783.0,0
0.0,1.0,1.0,0,6360.0,0
0.0,1.0,1.0,0,19230.0,0
0.0,1.0,1.0,0,55671.0,0
0.0,1.0,1.0,0,5254.0,0
0.0,1.0,1.0,0,47700.0,0
0.0,1.0,1.0,0,28448.0,0
1.0,1.0,1.0,0,46165.0,0
0.0,1.0,1.0,0,2322.0,0
0.0,1.0,1.0,0,215557.0,0
0.0,1.0,1.0,0,33729.0,0
0.0,1.0,1.0,0,17889.0,0
0.0,1.0,1.0,0,96904.0,0
0.0,1.0,1.0,0,112102.0,0
0.0,1.0,1.0,0,16553.0,0
1.0,1.0,1.0,0,48414.0,0
0.0,1.0,1.0,0,212852.0,0
0.0,1.0,1.0,0,49246.0,0
0.0,1.0,1.0,0,13020.0,0
0.0,1.0,1.0,0,127531.0,0
0.0,1.0,1.0,0,8507.0,0
0.0,1.0,1.0,0,8844.0,0
0.0,1.0,1.0,0,19191.0,0
0.0,1.0,1.0,0,75064.0,0
0.0,1.0,1.0,0,33812.0,0
1.0,1.0,1.0,0,22562.0,0
0.0,1.0,1.0,0,33722.0,0
0.0,1.0,1.0,0,5228.0,0
0.0,1.0,1.0,0,27235.0,0
0.0,1.0,1.0,0,22714.0,0
1.0,1.0,1.0,0,62318.0,0
0.0,1.0,1.0,0,35054.0,0
0.0,1.0,1.0,0,41383.0,0
0.0,1.0,1.0,0,34581.0,0
0.0,1.0,1.0,0,993.0,0
0.0,1.0,1.0,0,57402.0,0
0.0,1.0,1.0,0,550.0,0
0.0,1.0,1.0,0,33033.0,0
0.0,1.0,1.0,0,19748.0,0
0.0,1.0,1.0,0,11610.0,0
0.0,1.0,1.0,0,4701.0,0
0.0,1.0,1.0,0,128390.0,0
0.0,1.0,1.0,0,3007.0,0
0.0,1.0,1.0,0,12449.0,0
0.0,1.0,1.0,0,0.0,0
0.0,1.0,1.0,0,106635.0,0
0.0,1.0,1.0,0,36471.0,0
0.0,1.0,1.0,0,30961.0,0
1.0,1.0,1.0,0,19829.0,0
0.0,1.0,1.0,0,46921.0,0
0.0,1.0,1.0,0,61423.0,0
0.0,1.0,1.0,0,20486.0,0
0.0,1.0,1.0,0,21175.0,0
0.0,1.0,1.0,0,18302.0,0
0.0,1.0,1.0,0,29217.0,0
0.0,1.0,1.0,0,14193.0,0
0.0,1.0,1.0,0,1809.0,0
1.0,1.0,1.0,0,18573.0,0
0.0,1.0,1.0,0,43877.0,0
0.0,1.0,1.0,0,161814.0,0
0.0,1.0,1.0,0,44415.0,0
0.0,1.0,1.0,0,535.0,0
0.0,1.0,1.0,0,77612.0,0
0.0,1.0,1.0,0,15305.0,0
0.0,1.0,1.0,0,15933.0,0
0.0,1.0,1.0,0,45892.0,0
0.0,1.0,1.0,0,36639.0,0
0.0,1.0,1.0,0,16819.0,0
0.0,1.0,1.0,0,87978.0,0
0.0,1.0,1.0,0,19312.0,0
0.0,1.0,1.0,0,14805.0,0
0.0,1.0,1.0,0,6177.0,0
0.0,1.0,1.0,0,120294.0,0
1.0,1.0,1.0,0,23631.0,0
0.0,1.0,1.0,0,84576.0,0
0.0,1.0,1.0,0,23671.0,0
0.0,1.0,1.0,0,14730.0,0
0.0,1.0,1.0,0,10652.0,0
0.0,1.0,1.0,0,30747.0,0
0.0,1.0,1.0,0,44098.0,0
0.0,1.0,1.0,0,14196.0,0
1.0,1.0,1.0,0,184087.0,0
0.0,1.0,1.0,0,29393.0,0
0.0,1.0,1.0,0,40282.0,0
0.0,1.0,1.0,0,44893.0,0
0.0,1.0,1.0,0,43409.0,0
0.0,1.0,1.0,0,61470.0,0
0.0,1.0,1.0,0,30552.0,0
0.0,1.0,1.0,0,66310.0,0
0.0,1.0,1.0,0,85933.0,0
0.0,1.0,1.0,0,40818.0,0
0.0,1.0,1.0,0,30845.0,0
0.0,1.0,1.0,0,8507.0,0
0.0,1.0,1.0,0,31154.0,0
0.0,1.0,1.0,0,22567.0,0
0.0,1.0,1.0,0,79053.0,0
0.0,1.0,1.0,0,3769.0,0
0.0,1.0,1.0,0,6080.0,0
0.0,1.0,1.0,0,18632.0,0
0.0,1.0,1.0,0,63896.0,0
0.0,1.0,1.0,0,17460.0,0
0.0,1.0,1.0,0,742.0,0
0.0,1.0,1.0,0,5950.0,0
0.0,1.0,1.0,0,5319.0,0
0.0,1.0,1.0,0,15840.0,0
0.0,1.0,1.0,0,50865.0,0
0.0,1.0,1.0,0,27581.0,0
0.0,1.0,1.0,0,8329.0,0
0.0,2.0,1.0,0,137.0,0
1.0,1.0,1.0,0,11889.0,0
0.0,1.0,1.0,0,33523.0,0
0.0,1.0,1.0,0,0.0,0
0.0,1.0,1.0,0,44829.0,0
0.0,1.0,1.0,0,2451.0,0
0.0,1.0,1.0,0,64465.0,0
0.0,1.0,1.0,0,47113.0,0
0.0,1.0,1.0,0,12871.0,0
0.0,1.0,1.0,0,29389.0,0
0.0,1.0,1.0,0,14744.0,0
0.0,1.0,1.0,0,2951.0,0
0.0,1.0,1.0,0,12069.0,0
0.0,1.0,1.0,0,1283.0,0
0.0,1.0,1.0,0,11414.0,0
0.0,1.0,1.0,0,14199.0,0
0.0,1.0,1.0,0,39400.0,0
0.0,1.0,1.0,0,24624.0,0
0.0,1.0,1.0,0,15929.0,0
0.0,1.0,1.0,0,1876.0,0
0.0,1.0,1.0,0,69084.0,0
0.0,1.0,1.0,0,120749.0,0
0.0,1.0,1.0,0,82236.0,0
0.0,1.0,1.0,0,6998.0,0
0.0,1.0,1.0,0,14601.0,0
0.0,1.0,1.0,0,87796.0,0
0.0,1.0,1.0,0,61630.0,0
0.0,1.0,1.0,0,124855.0,0
0.0,1.0,1.0,0,18390.0,0
0.0,1.0,1.0,0,50479.0,0
0.0,1.0,1.0,0,98030.0,0
0.0,1.0,1.0,0,57176.0,0
0.0,1.0,1.0,0,27775.0,0
0.0,1.0,1.0,0,16250.0,0
0.0,1.0,1.0,0,141439.0,0
0.0,1.0,1.0,0,9344.0,0
0.0,1.0,1.0,0,70522.0,0
1.0,1.0,1.0,0,20041.0,0
0.0,1.0,1.0,0,21758.0,0
1.0,1.0,1.0,0,13926.0,0
0.0,1.0,1.0,0,13288.0,0
0.0,1.0,1.0,0,32160.0,0
0.0,1.0,1.0,0,34150.0,0
0.0,1.0,1.0,0,29477.0,0
0.0,1.0,1.0,0,46366.0,0
0.0,1.0,1.0,0,25020.0,0
0.0,1.0,1.0,0,188930.0,0
0.0,1.0,1.0,0,65923.0,0
1.0,1.0,1.0,0,82703.0,0
0.0,1.0,1.0,0,44975.0,0
0.0,1.0,1.0,0,33084.0,0
0.0,1.0,1.0,0,11343.0,0
0.0,1.0,1.0,0,26548.0,0
0.0,1.0,1.0,0,49371.0,0
0.0,1.0,1.0,0,25009.0,0
0.0,1.0,1.0,0,20270.0,0
0.0,1.0,1.0,0,2179.0,0
0.0,1.0,1.0,0,81535.0,0
0.0,1.0,1.0,0,28428.0,0
0.0,1.0,1.0,0,133776.0,0
0.0,1.0,1.0,0,58689.0,0
0.0,1.0,1.0,0,21946.0,0
0.0,1.0,1.0,0,1910.0,0
0.0,1.0,1.0,0,15895.0,0
0.0,1.0,1.0,0,30677.0,0
0.0,1.0,1.0,0,1210.0,0
0.0,1.0,1.0,0,4469.0,0
0.0,1.0,1.0,0,2105.0,0
0.0,1.0,1.0,0,0.0,0
0.0,1.0,1.0,0,78553.0,0
0.0,1.0,1.0,0,134255.0,0
0.0,1.0,1.0,0,7422.0,0
0.0,1.0,1.0,0,41792.0,0
0.0,1.0,1.0,0,2909.0,0
0.0,1.0,1.0,0,32497.0,0
0.0,1.0,1.0,0,4553.0,0
0.0,1.0,1.0,0,40136.0,0
0.0,1.0,1.0,0,39572.0,0
0.0,1.0,1.0,0,7085.0,0
1.0,1.0,1.0,0,38587.0,0
0.0,1.0,1.0,0,84504.0,0
0.0,1.0,1.0,0,41970.0,0
0.0,1.0,1.0,0,8111.0,0
0.0,1.0,1.0,0,113495.0,0
0.0,1.0,1.0,0,2862.0,0
1.0,1.0,1.0,0,9798.0,0
0.0,1.0,1.0,0,174521.0,0
0.0,1.0,1.0,0,34968.0,0
0.0,1.0,1.0,0,42040.0,0
1.0,1.0,1.0,0,17788.0,0
0.0,1.0,1.0,0,5761.0,0
0.0,1.0,1.0,0,25396.0,0
0.0,1.0,1.0,0,11723.0,0
0.0,1.0,1.0,0,17953.0,0
0.0,1.0,1.0,0,41309.0,0
0.0,1.0,1.0,0,15875.0,0
0.0,1.0,1.0,0,35049.0,0
0.0,1.0,1.0,0,9411.0,0
0.0,1.0,1.0,0,12014.0,0
0.0,1.0,1.0,0,21976.0,0
0.0,1.0,1.0,0,4854.0,0
0.0,1.0,1.0,0,43928.0,0
0.0,1.0,1.0,0,20238.0,0
0.0,1.0,1.0,0,37768.0,0
0.0,1.0,1.0,0,19549.0,0
0.0,1.0,1.0,0,84200.0,0
1.0,1.0,1.0,0,3800.0,0
0.0,1.0,1.0,0,3866.0,0
0.0,1.0,1.0,0,120462.0,0
0.0,1.0,1.0,0,4836.0,0
0.0,1.0,1.0,0,30202.0,0
0.0,1.0,1.0,0,21422.0,0
0.0,1.0,1.0,0,2312.0,0
0.0,1.0,1.0,0,7557.0,0
0.0,1.0,1.0,0,18018.0,0
1.0,1.0,1.0,0,6296.0,0
1.0,1.0,1.0,0,23193.0,0
0.0,1.0,1.0,0,51332.0,0
0.0,1.0,1.0,0,82797.0,0
0.0,1.0,1.0,0,4116.0,0
0.0,1.0,1.0,0,3585.0,0
0.0,1.0,1.0,0,4424.0,0
0.0,1.0,1.0,0,68813.0,0
0.0,1.0,1.0,0,11920.0,0
0.0,1.0,1.0,0,53093.0,0
0.0,1.0,1.0,0,4508.0,0
0.0,1.0,1.0,0,34171.0,0
0.0,1.0,1.0,0,8231.0,0
0.0,1.0,1.0,0,28734.0,0
0.0,1.0,1.0,0,6365.0,0
0.0,1.0,2.0,0,44.0,0
1.0,1.0,1.0,0,11341.0,0
0.0,1.0,1.0,0,10341.0,0
1.0,1.0,1.0,0,36592.0,0
0.0,1.0,1.0,0,74573.0,0
0.0,1.0,1.0,0,8726.0,0
0.0,1.0,1.0,0,10675.0,0
0.0,1.0,1.0,0,14389.0,0
0.0,1.0,1.0,0,10603.0,0
0.0,1.0,1.0,0,10660.0,0
0.0,1.0,1.0,0,21769.0,0
0.0,1.0,1.0,0,83422.0,0
0.0,1.0,1.0,0,15658.0,0
0.0,1.0,1.0,0,7203.0,0
0.0,1.0,1.0,0,27515.0,0
0.0,1.0,1.0,0,54515.0,0
0.0,1.0,1.0,0,28072.0,0
1.0,1.0,1.0,0,34573.0,0
0.0,1.0,1.0,0,5026.0,0
0.0,1.0,1.0,0,115538.0,0
1.0,1.0,1.0,0,0.0,0
0.0,1.0,1.0,0,16919.0,0
0.0,1.0,1.0,0,11373.0,0
0.0,1.0,1.0,0,3095.0,0
0.0,1.0,1.0,0,34978.0,0
0.0,1.0,1.0,0,8074.0,0
0.0,1.0,1.0,0,14795.0,0
0.0,1.0,1.0,0,15367.0,0
0.0,1.0,1.0,0,53879.0,0
0.0,1.0,1.0,0,7144.0,0
0.0,1.0,1.0,0,63357.0,0
0.0,1.0,1.0,0,28213.0,0
0.0,1.0,1.0,0,67399.0,0
0.0,1.0,1.0,0,20475.0,0
0.0,1.0,1.0,0,63429.0,0
0.0,1.0,1.0,0,50879.0,0
0.0,1.0,1.0,0,93002.0,0
0.0,1.0,1.0,0,99576.0,0
0.0,1.0,1.0,0,36913.0,0
0.0,1.0,1.0,0,8380.0,0
0.0,1.0,1.0,0,44939.0,0
0.0,1.0,1.0,0,3224.0,0
0.0,1.0,1.0,0,2826.0,0
0.0,1.0,1.0,0,26485.0,0
1.0,1.0,1.0,0,10951.0,0
0.0,1.0,1.0,0,1946.0,0
0.0,1.0,1.0,0,4306.0,0
0.0,1.0,1.0,0,15943.0,0
0.0,1.0,1.0,0,101882.0,0
0.0,1.0,1.0,0,32174.0,0
0.0,1.0,1.0,0,1778.0,0
0.0,1.0,1.0,0,26692.0,0
0.0,1.0,1.0,0,96547.0,0
0.0,1.0,1.0,0,7457.0,0
0.0,1.0,1.0,0,11418.0,0
1.0,1.0,1.0,0,34932.0,0
1.0,1.0,1.0,0,13431.0,0
0.0,1.0,1.0,0,4006.0,0
0.0,1.0,1.0,0,61247.0,0
0.0,1.0,1.0,0,96602.0,0
0.0,1.0,1.0,0,82564.0,0
0.0,1.0,1.0,0,21196.0,0
0.0,1.0,1.0,0,2477.0,0
0.0,1.0,1.0,0,9257.0,0
1.0,1.0,1.0,0,28775.0,0
0.0,1.0,1.0,0,107350.0,0
0.0,1.0,1.0,0,2675.0,0
0.0,1.0,1.0,0,73613.0,0
0.0,1.0,1.0,0,9167.0,0
0.0,1.0,1.0,0,101130.0,0
0.0,1.0,1.0,0,2045.0,0
0.0,1.0,1.0,0,8140.0,0
0.0,1.0,1.0,0,15268.0,0
0.0,1.0,1.0,0,104531.0,0
0.0,1.0,1.0,0,10686.0,0
1.0,1.0,1.0,0,31973.0,0
0.0,1.0,1.0,0,79146.0,0
0.0,1.0,1.0,0,16997.0,0
0.0,1.0,1.0,0,83402.0,0
0.0,1.0,1.0,0,83629.0,0
0.0,1.0,1.0,0,39892.0,0
0.0,1.0,1.0,0,6960.0,0
0.0,1.0,1.0,0,40354.0,0
0.0,1.0,1.0,0,7301.0,0
0.0,1.0,1.0,0,5648.0,0
0.0,1.0,1.0,0,10193.0,0
0.0,1.0,1.0,0,56476.0,0
0.0,1.0,1.0,0,3609.0,0
0.0,1.0,1.0,0,13723.0,0
1.0,1.0,1.0,0,18577.0,0
0.0,1.0,1.0,0,52817.0,0
0.0,1.0,1.0,0,48744.0,0
0.0,1.0,1.0,0,12498.0,0
0.0,1.0,1.0,0,0.0,0
0.0,1.0,1.0,0,21745.0,0
0.0,1.0,1.0,0,85565.0,0
0.0,1.0,1.0,0,8773.0,0
0.0,1.0,1.0,0,12758.0,0
0.0,1.0,1.0,0,4915.0,0
0.0,1.0,1.0,0,66150.0,0
0.0,1.0,1.0,0,9487.0,0
0.0,1.0,1.0,0,52660.0,0
0.0,1.0,1.0,0,79049.0,0
0.0,1.0,1.0,0,47794.0,0
0.0,1.0,1.0,0,6179.0,0
0.0,1.0,1.0,0,1396.0,0
0.0,1.0,1.0,0,36527.0,0
1.0,1.0,1.0,0,76454.0,0
0.0,1.0,1.0,0,23277.0,0
0.0,1.0,1.0,0,34323.0,0
0.0,1.0,1.0,0,54188.0,0
0.0,1.0,1.0,0,70000.0,0
0.0,1.0,1.0,0,10411.0,0
0.0,1.0,1.0,0,20238.0,0
0.0,1.0,1.0,0,47176.0,0
0.0,1.0,1.0,0,19580.0,0
1.0,1.0,1.0,0,48752.0,0
0.0,1.0,1.0,0,19524.0,0
0.0,1.0,1.0,0,23741.0,0
0.0,1.0,1.0,0,11243.0,0
1.0,1.0,1.0,0,16241.0,0
0.0,1.0,1.0,0,7063.0,0
0.0,1.0,1.0,0,4292.0,0
0.0,1.0,1.0,0,19022.0,0
0.0,1.0,1.0,0,36012.0,0
0.0,1.0,1.0,0,14091.0,0
0.0,1.0,1.0,0,4950.0,0
0.0,1.0,1.0,0,27637.0,0
0.0,1.0,1.0,0,26849.0,0
0.0,1.0,1.0,0,7308.0,0
0.0,1.0,1.0,0,11386.0,0
0.0,1.0,1.0,0,125473.0,0
0.0,1.0,1.0,0,10835.0,0
0.0,1.0,1.0,0,2416.0,0
0.0,1.0,1.0,0,19477.0,0
0.0,1.0,1.0,0,3556.0,0
0.0,1.0,1.0,0,21851.0,0
0.0,1.0,1.0,0,97257.0,0
1.0,1.0,1.0,0,63968.0,0
0.0,1.0,1.0,0,400.0,0
0.0,1.0,1.0,0,48787.0,0
0.0,1.0,1.0,0,58820.0,0
0.0,1.0,1.0,0,63579.0,0
0.0,1.0,1.0,0,39680.0,0
1.0,1.0,1.0,0,23904.0,0
0.0,1.0,1.0,0,3256.0,0
0.0,1.0,1.0,0,54916.0,0
0.0,1.0,1.0,0,37620.0,0
0.0,1.0,1.0,0,10362.0,0
0.0,1.0,1.0,0,15755.0,0
0.0,1.0,1.0,0,92616.0,0
0.0,1.0,1.0,0,44609.0,0
0.0,1.0,1.0,0,3382.0,0
0.0,1.0,1.0,0,99895.0,0
0.0,1.0,1.0,0,99559.0,0
0.0,1.0,1.0,0,96137.0,0
0.0,1.0,1.0,0,29999.0,0
0.0,1.0,1.0,0,130484.0,0
0.0,1.0,1.0,0,33823.0,0
0.0,1.0,1.0,0,22710.0,0
0.0,1.0,1.0,0,3464.0,0
0.0,1.0,1.0,0,42585.0,0
0.0,1.0,1.0,0,25215.0,0
0.0,1.0,1.0,0,0.0,0
0.0,1.0,1.0,0,19532.0,0
0.0,1.0,1.0,0,3946.0,0
0.0,1.0,1.0,0,26771.0,0
0.0,1.0,1.0,0,24798.0,0
0.0,1.0,1.0,0,51886.0,0
0.0,1.0,1.0,0,24703.0,0
0.0,1.0,1.0,0,16305.0,0
0.0,1.0,1.0,0,17044.0,0
0.0,1.0,1.0,0,18839.0,0
0.0,1.0,1.0,0,34087.0,0
0.0,1.0,1.0,0,842.0,0
0.0,1.0,1.0,0,695.0,0
0.0,1.0,1.0,0,834.0,0
0.0,2.0,1.0,0,262.0,0
0.0,1.0,1.0,0,397.0,0
0.0,2.0,1.0,0,277.0,0
0.0,1.0,1.0,0,500.0,0
0.0,2.0,1.0,0,185.0,0
0.0,1.0,1.0,0,333.0,0
0.0,2.0,1.0,0,210.0,0
0.0,3.0,2.0,0,21.0,0
0.0,1.0,1.0,0,439.0,0
0.0,1.0,1.0,0,173.0,0
0.0,2.0,1.0,0,270.0,0
0.0,2.0,1.0,0,297.0,0
0.0,2.0,2.0,0,55.0,0
0.0,1.0,1.0,0,420.0,0
0.0,2.0,1.0,0,191.0,0
0.0,1.0,1.0,0,160.0,0
0.0,2.0,1.0,0,226.0,0
0.0,3.0,1.0,0,69.0,0
0.0,1.0,1.0,0,454.0,0
0.0,2.0,1.0,0,187.0,0
0.0,1.0,1.0,0,437.0,0
0.0,1.0,1.0,0,88.0,0
0.0,1.0,1.0,0,660.0,0
0.0,1.0,1.0,0,539.0,0
0.0,1.0,1.0,0,188.0,0
0.0,1.0,1.0,0,848.0,0
0.0,1.0,1.0,0,37725.0,0
0.0,1.0,1.0,0,32049.0,0
0.0,1.0,1.0,0,17404.0,0
0.0,1.0,1.0,0,20065.0,0
1.0,1.0,1.0,0,22420.0,0
0.0,1.0,1.0,0,18773.0,0
0.0,1.0,1.0,0,24971.0,0
0.0,1.0,1.0,0,18867.0,0
0.0,1.0,1.0,0,12997.0,0
0.0,1.0,1.0,0,29377.0,0
0.0,2.0,1.0,0,207.0,0
0.0,2.0,1.0,0,266.0,0
0.0,1.0,1.0,0,386.0,0
0.0,1.0,1.0,0,374.0,0
0.0,2.0,1.0,0,155.0,0
0.0,1.0,1.0,0,556.0,0
0.0,1.0,1.0,0,704.0,0
0.0,1.0,1.0,0,504.0,0
0.0,1.0,1.0,0,53473.0,0
0.0,1.0,1.0,0,10504.0,0
0.0,1.0,1.0,0,7394.0,0
0.0,1.0,1.0,0,866.0,0
0.0,1.0,1.0,0,6427.0,0
0.0,1.0,1.0,0,67974.0,0
0.0,1.0,1.0,0,40443.0,0
0.0,1.0,1.0,0,51508.0,0
0.0,1.0,1.0,0,42226.0,0
0.0,1.0,1.0,0,7197.0,0
0.0,1.0,1.0,0,20807.0,0
0.0,1.0,1.0,0,72793.0,0
0.0,1.0,1.0,0,19346.0,0
0.0,1.0,1.0,0,12262.0,0
1.0,1.0,1.0,0,13781.0,0
0.0,1.0,1.0,0,14821.0,0
0.0,1.0,1.0,0,17035.0,0
0.0,1.0,1.0,0,35302.0,0
0.0,1.0,1.0,0,37061.0,0
0.0,1.0,1.0,0,35698.0,0
0.0,1.0,1.0,0,31936.0,0
0.0,1.0,1.0,0,6558.0,0
0.0,1.0,1.0,0,500.0,0
0.0,1.0,1.0,0,164.0,0
0.0,1.0,1.0,0,792.0,0
0.0,1.0,1.0,0,466.0,0
0.0,1.0,1.0,0,307.0,0
0.0,1.0,1.0,0,415.0,0
0.0,2.0,1.0,0,260.0,0
0.0,1.0,1.0,0,337.0,0
0.0,1.0,1.0,0,619.0,0
0.0,1.0,1.0,0,850.0,0
0.0,1.0,1.0,0,671.0,0
0.0,1.0,1.0,0,104745.0,0
0.0,1.0,1.0,0,9245.0,0
0.0,1.0,1.0,0,7850.0,0
1.0,1.0,1.0,0,29542.0,0
0.0,1.0,1.0,0,2924.0,0
0.0,1.0,1.0,0,63551.0,0
0.0,1.0,1.0,0,49868.0,0
0.0,1.0,1.0,0,37765.0,0
1.0,1.0,1.0,0,9525.0,0
0.0,1.0,1.0,0,9417.0,0
1.0,1.0,1.0,0,1826.0,0
0.0,1.0,1.0,0,11929.0,1
0.0,1.0,1.0,0,32084.0,1
0.0,2.0,1.0,0,260.0,1
0.0,1.0,1.0,0,90246.0,1
0.0,1.0,1.0,0,12134.0,1
0.0,1.0,1.0,0,7055.0,1
0.0,1.0,1.0,0,2070.0,1
1.0,1.0,1.0,0,38608.0,1
0.0,1.0,1.0,0,98282.0,1
1.0,1.0,1.0,0,40092.0,1
0.0,1.0,1.0,0,86684.0,1
0.0,1.0,1.0,0,55564.0,1
0.0,1.0,1.0,0,6511.0,1
0.0,1.0,1.0,0,1734.0,1
0.0,1.0,1.0,0,6777.0,1
0.0,1.0,1.0,0,68012.0,1
0.0,1.0,1.0,0,30016.0,1
0.0,1.0,1.0,0,10612.0,1
0.0,1.0,1.0,0,16829.0,1
0.0,1.0,1.0,0,76556.0,1
0.0,1.0,1.0,0,36528.0,1
0.0,1.0,1.0,0,69260.0,1
0.0,1.0,1.0,0,48774.0,1
0.0,1.0,1.0,0,8380.0,1
0.0,1.0,1.0,0,19974.0,1
0.0,1.0,1.0,0,56584.0,1
0.0,1.0,1.0,0,52496.0,1
0.0,1.0,1.0,0,0.0,0
0.0,1.0,1.0,0,83760.0,0
0.0,1.0,1.0,0,77577.0,0
0.0,1.0,1.0,0,38019.0,0
0.0,1.0,1.0,0,43478.0,0
0.0,1.0,1.0,0,1247.0,0
0.0,1.0,1.0,0,48293.0,0
0.0,1.0,1.0,0,41837.0,0
1.0,1.0,1.0,0,16687.0,0
0.0,1.0,1.0,0,7507.0,0
0.0,1.0,1.0,0,20970.0,0
0.0,1.0,1.0,0,14230.0,0
0.0,1.0,1.0,0,8815.0,0
0.0,1.0,1.0,0,1166.0,0
0.0,1.0,1.0,0,50932.0,0
0.0,1.0,1.0,0,8028.0,0
0.0,1.0,1.0,0,105280.0,0
0.0,1.0,1.0,0,48389.0,0
0.0,1.0,1.0,0,66749.0,0
0.0,1.0,1.0,0,64458.0,0
0.0,1.0,1.0,0,73386.0,0
0.0,1.0,1.0,0,2618.0,0
0.0,1.0,1.0,0,5200.0,0
0.0,1.0,1.0,0,20026.0,0
0.0,1.0,1.0,0,6623.0,0
0.0,1.0,1.0,0,68460.0,0
0.0,1.0,1.0,0,14415.0,0
0.0,1.0,1.0,0,125936.0,0
0.0,1.0,1.0,0,5522.0,0
0.0,1.0,1.0,0,52825.0,0
0.0,1.0,1.0,0,32208.0,0
0.0,1.0,1.0,0,4290.0,0
1.0,1.0,1.0,0,71118.0,0
0.0,1.0,1.0,0,12476.0,0
0.0,1.0,1.0,0,31115.0,0
1.0,1.0,1.0,0,86977.0,0
0.0,1.0,1.0,0,14641.0,0
0.0,1.0,1.0,0,8199.0,0
0.0,1.0,1.0,0,28770.0,0
0.0,1.0,1.0,0,15735.0,0
0.0,1.0,1.0,0,46368.0,0
0.0,1.0,1.0,0,7257.0,0
0.0,1.0,1.0,0,14905.0,0
0.0,1.0,1.0,0,1827.0,0
0.0,1.0,1.0,0,7113.0,0
0.0,1.0,1.0,0,4509.0,0
0.0,1.0,1.0,0,103301.0,0
1.0,1.0,1.0,0,10949.0,0
0.0,1.0,1.0,0,29760.0,0
0.0,1.0,1.0,0,4588.0,0
0.0,1.0,1.0,0,66402.0,0
0.0,1.0,1.0,0,18194.0,0
0.0,1.0,1.0,0,36570.0,0
0.0,1.0,1.0,0,4518.0,0
0.0,1.0,1.0,0,3450.0,0
1.0,1.0,1.0,0,61673.0,0
0.0,1.0,1.0,0,12206.0,0
0.0,1.0,1.0,0,29264.0,0
0.0,1.0,1.0,0,20632.0,0
0.0,1.0,1.0,0,18224.0,0
0.0,1.0,1.0,0,95913.0,0
0.0,1.0,1.0,0,54705.0,0
0.0,1.0,1.0,0,13344.0,0
0.0,1.0,1.0,0,126181.0,0
0.0,1.0,1.0,0,34417.0,0
0.0,1.0,1.0,0,70221.0,0
0.0,1.0,1.0,0,98739.0,0
0.0,1.0,1.0,0,67626.0,0
0.0,1.0,1.0,0,20108.0,0
0.0,1.0,1.0,0,36099.0,0
0.0,1.0,1.0,0,0.0,0
0.0,1.0,1.0,0,8807.0,0
0.0,1.0,1.0,0,25020.0,0
0.0,1.0,1.0,0,7381.0,0
0.0,1.0,1.0,0,23165.0,0
0.0,1.0,1.0,0,47371.0,0
0.0,1.0,1.0,0,14482.0,0
0.0,1.0,1.0,0,46247.0,0
0.0,1.0,1.0,0,9837.0,0
0.0,1.0,1.0,0,139356.0,0
0.0,1.0,1.0,0,18056.0,0
0.0,1.0,1.0,0,14826.0,0
0.0,1.0,1.0,0,32279.0,0
0.0,1.0,1.0,0,1934.0,0
0.0,1.0,1.0,0,52399.0,0
1.0,1.0,1.0,0,67361.0,0
0.0,1.0,1.0,0,29005.0,0
0.0,1.0,1.0,0,10702.0,0
0.0,1.0,1.0,0,39081.0,0
0.0,1.0,1.0,0,11118.0,0
0.0,1.0,1.0,0,66942.0,0
0.0,1.0,1.0,0,7229.0,0
0.0,1.0,1.0,0,11632.0,0
0.0,1.0,1.0,0,40224.0,0
0.0,1.0,1.0,0,76189.0,0
0.0,1.0,1.0,0,44007.0,0
0.0,1.0,1.0,0,116784.0,0
0.0,1.0,1.0,0,1415.0,0
0.0,1.0,1.0,0,14279.0,0
0.0,1.0,1.0,0,5204.0,0
0.0,1.0,1.0,0,48729.0,0
0.0,1.0,1.0,0,24031.0,0
0.0,1.0,1.0,0,47554.0,0
0.0,1.0,1.0,0,6463.0,0
0.0,1.0,1.0,0,11304.0,0
0.0,1.0,1.0,0,14599.0,0
0.0,1.0,1.0,0,81011.0,0
0.0,1.0,1.0,0,8099.0,0
0.0,1.0,1.0,0,23694.0,0
0.0,1.0,1.0,0,56532.0,0
0.0,1.0,1.0,0,52897.0,0
0.0,1.0,1.0,0,4132.0,0
0.0,1.0,1.0,0,46209.0,0
0.0,1.0,1.0,0,19143.0,0
0.0,1.0,1.0,0,3346.0,0
0.0,1.0,1.0,0,6495.0,0
0.0,1.0,1.0,0,26454.0,0
0.0,1.0,1.0,0,12428.0,0
0.0,1.0,1.0,0,9224.0,0
0.0,1.0,1.0,0,78436.0,0
0.0,1.0,1.0,0,25481.0,0
0.0,1.0,1.0,0,9062.0,0
0.0,1.0,1.0,0,37570.0,0
0.0,1.0,1.0,0,48685.0,0
0.0,1.0,1.0,0,115112.0,0
0.0,1.0,1.0,0,52226.0,0
0.0,1.0,1.0,0,13467.0,0
1.0,1.0,1.0,0,10071.0,0
0.0,1.0,1.0,0,32666.0,0
0.0,1.0,1.0,0,42684.0,0
0.0,1.0,1.0,0,14700.0,0
0.0,1.0,1.0,0,8147.0,0
0.0,1.0,1.0,0,50143.0,0
0.0,1.0,1.0,0,37981.0,0
1.0,1.0,1.0,0,7178.0,0
0.0,1.0,1.0,0,93710.0,0
0.0,1.0,1.0,0,8726.0,0
0.0,1.0,1.0,0,41340.0,0
0.0,1.0,1.0,0,59065.0,0
0.0,1.0,1.0,0,1735.0,0
0.0,1.0,1.0,0,29988.0,0
0.0,1.0,1.0,0,4772.0,0
0.0,1.0,1.0,0,10711.0,0
0.0,1.0,1.0,0,44718.0,0
1.0,1.0,1.0,0,1280.0,0
0.0,1.0,1.0,0,21164.0,0
0.0,1.0,1.0,0,14548.0,0
1.0,1.0,1.0,0,19327.0,0
0.0,1.0,1.0,0,18183.0,0
0.0,1.0,1.0,0,43335.0,0
0.0,1.0,1.0,0,5838.0,0
0.0,1.0,1.0,0,20553.0,0
0.0,1.0,1.0,0,5030.0,0
0.0,1.0,1.0,0,55972.0,0
0.0,1.0,1.0,0,0.0,0
0.0,1.0,1.0,0,34785.0,0
0.0,1.0,1.0,0,19793.0,0
0.0,1.0,1.0,0,19234.0,0
0.0,1.0,1.0,0,2077.0,0
0.0,1.0,1.0,0,89904.0,0
0.0,1.0,1.0,0,45593.0,0
0.0,1.0,1.0,0,21460.0,0
0.0,1.0,1.0,0,64365.0,0
1.0,1.0,1.0,0,41902.0,0
0.0,1.0,1.0,0,14481.0,0
0.0,1.0,1.0,0,73317.0,0
0.0,1.0,1.0,0,6208.0,0
0.0,1.0,1.0,0,2831.0,0
0.0,1.0,1.0,0,5704.0,0
0.0,1.0,1.0,0,55260.0,0
0.0,1.0,1.0,0,15886.0,0
0.0,1.0,1.0,0,66377.0,0
0.0,1.0,1.0,0,7510.0,0
0.0,1.0,1.0,0,12226.0,0
1.0,1.0,1.0,0,25738.0,0
1.0,1.0,1.0,0,25759.0,0
0.0,1.0,1.0,0,7958.0,0
1.0,1.0,1.0,0,2881.0,0
0.0,1.0,1.0,0,29945.0,0
0.0,1.0,1.0,0,60757.0,0
0.0,1.0,1.0,0,7563.0,0
0.0,1.0,1.0,0,20677.0,0
0.0,1.0,1.0,0,69898.0,0
0.0,1.0,1.0,0,44761.0,0
0.0,1.0,2.0,0,22.0,0
0.0,1.0,1.0,0,11628.0,0
0.0,1.0,1.0,0,62792.0,0
0.0,1.0,1.0,0,26503.0,0
0.0,1.0,1.0,0,48204.0,0
0.0,1.0,1.0,0,8243.0,0
0.0,1.0,1.0,0,57792.0,0
0.0,1.0,1.0,0,13375.0,0
0.0,1.0,1.0,0,25019.0,0
0.0,1.0,1.0,0,37722.0,0
0.0,1.0,1.0,0,7074.0,0
0.0,1.0,1.0,0,82874.0,0
0.0,1.0,1.0,0,4779.0,0
0.0,1.0,1.0,0,4761.0,0
1.0,1.0,1.0,0,18145.0,0
0.0,1.0,1.0,0,26332.0,0
0.0,1.0,1.0,0,70678.0,0
0.0,1.0,1.0,0,4921.0,0
0.0,1.0,1.0,0,69021.0,0
0.0,1.0,1.0,0,26385.0,0
0.0,1.0,1.0,0,55809.0,0
0.0,1.0,1.0,0,44293.0,0
0.0,1.0,1.0,0,61202.0,0
0.0,1.0,1.0,0,120036.0,0
0.0,1.0,1.0,0,66181.0,0
0.0,1.0,1.0,0,8512.0,0
0.0,1.0,1.0,0,75562.0,0
0.0,1.0,1.0,0,27621.0,0
0.0,1.0,1.0,0,95332.0,0
0.0,1.0,1.0,0,7121.0,0
0.0,1.0,1.0,0,75733.0,0
0.0,1.0,1.0,0,15488.0,0
0.0,1.0,1.0,0,33909.0,0
1.0,1.0,1.0,0,25874.0,0
0.0,1.0,1.0,0,47889.0,0
0.0,1.0,1.0,0,127664.0,0
0.0,1.0,1.0,0,1203.0,0
0.0,1.0,1.0,0,12482.0,0
0.0,1.0,1.0,0,23689.0,0
0.0,1.0,1.0,0,17340.0,0
0.0,1.0,1.0,0,42919.0,0
0.0,1.0,1.0,0,58675.0,0
0.0,1.0,1.0,0,0.0,0
0.0,1.0,1.0,0,83554.0,0
0.0,1.0,1.0,0,54577.0,0
0.0,1.0,1.0,0,54309.0,0
0.0,1.0,1.0,0,3976.0,0
0.0,1.0,1.0,0,39435.0,0
1.0,1.0,1.0,0,102564.0,0
0.0,1.0,1.0,0,730.0,0
0.0,1.0,1.0,0,59454.0,0
0.0,1.0,1.0,0,44904.0,0
0.0,1.0,1.0,0,15312.0,0
0.0,2.0,1.0,0,195.0,0
0.0,2.0,1.0,0,225.0,0
0.0,1.0,1.0,0,792.0,0
0.0,1.0,1.0,0,554.0,0
0.0,1.0,1.0,0,13954.0,0
0.0,1.0,1.0,0,13391.0,0
1.0,1.0,1.0,0,17989.0,0
0.0,1.0,1.0,0,12504.0,0
0.0,1.0,1.0,0,18767.0,0
0.0,1.0,1.0,0,17422.0,0
0.0,1.0,1.0,0,1503.0,0
0.0,1.0,1.0,0,25933.0,0
0.0,1.0,1.0,0,80501.0,0
0.0,1.0,1.0,0,54463.0,0
0.0,1.0,1.0,0,48989.0,0
0.0,1.0,1.0,0,34128.0,0
0.0,1.0,1.0,0,39237.0,0
0.0,1.0,1.0,0,17808.0,0
0.0,1.0,1.0,0,101211.0,0
0.0,1.0,1.0,0,9469.0,0
0.0,1.0,1.0,0,23589.0,0
0.0,1.0,1.0,0,45808.0,0
0.0,1.0,1.0,0,94895.0,0
0.0,1.0,1.0,0,8350.0,0
0.0,1.0,1.0,0,8192.0,0
0.0,1.0,1.0,0,48677.0,0
0.0,1.0,1.0,0,14564.0,0
0.0,1.0,1.0,0,9205.0,0
0.0,1.0,1.0,0,20160.0,0
0.0,1.0,1.0,0,12287.0,0
0.0,1.0,1.0,0,71778.0,0
0.0,1.0,1.0,0,1827.0,0
0.0,1.0,1.0,0,33787.0,0
0.0,1.0,1.0,0,11234.0,0
0.0,1.0,1.0,0,39604.0,0
0.0,1.0,1.0,0,20408.0,0
0.0,1.0,1.0,0,46318.0,0
0.0,2.0,1.0,0,142.0,0
0.0,1.0,1.0,0,32867.0,0
0.0,1.0,1.0,0,5360.0,0
0.0,1.0,1.0,0,8919.0,0
0.0,1.0,1.0,0,18465.0,0
0.0,1.0,1.0,0,9910.0,0
0.0,1.0,1.0,0,25228.0,0
0.0,1.0,1.0,0,7603.0,0
0.0,1.0,1.0,0,6274.0,0
0.0,1.0,1.0,0,68068.0,0
0.0,1.0,1.0,0,98281.0,0
0.0,1.0,1.0,0,81858.0,0
0.0,1.0,1.0,0,103376.0,0
0.0,1.0,1.0,0,5431.0,0
0.0,1.0,1.0,0,2319.0,0
0.0,1.0,1.0,0,41460.0,0
0.0,1.0,1.0,0,225.0,0
0.0,1.0,1.0,0,706.0,0
0.0,1.0,1.0,0,326.0,0
0.0,1.0,1.0,0,481.0,0
0.0,1.0,1.0,0,481.0,0
0.0,2.0,1.0,0,199.0,0
0.0,1.0,1.0,0,629.0,0
0.0,1.0,1.0,0,167225.0,0
0.0,1.0,1.0,0,83696.0,0
0.0,1.0,1.0,0,29427.0,0
0.0,1.0,1.0,0,4801.0,0
0.0,1.0,1.0,0,8697.0,0
0.0,1.0,1.0,0,10064.0,0
0.0,1.0,1.0,0,2021.0,0
0.0,1.0,1.0,0,1254.0,0
0.0,1.0,1.0,0,4081.0,0
0.0,1.0,1.0,0,30839.0,0
0.0,1.0,1.0,0,382.0,0
0.0,1.0,1.0,0,624.0,0
0.0,1.0,1.0,0,553.0,0
0.0,1.0,1.0,0,786.0,0
0.0,2.0,1.0,0,210.0,0
0.0,1.0,1.0,0,144684.0,0
0.0,1.0,1.0,0,43147.0,0
0.0,1.0,1.0,0,6826.0,0
0.0,1.0,1.0,0,0.0,0
0.0,1.0,1.0,0,2253.0,0
0.0,1.0,1.0,0,42486.0,0
0.0,1.0,1.0,0,13599.0,0
0.0,1.0,1.0,0,2803.0,0
0.0,1.0,1.0,0,13810.0,0
1.0,1.0,1.0,0,42916.0,0
0.0,1.0,1.0,0,54355.0,0
0.0,1.0,1.0,0,10362.0,0
0.0,1.0,1.0,0,10059.0,0
0.0,1.0,1.0,0,11062.0,0
1.0,1.0,1.0,0,15172.0,0
0.0,1.0,1.0,0,4741.0,0
1.0,1.0,1.0,0,20698.0,0
0.0,1.0,1.0,0,73610.0,0
0.0,1.0,1.0,0,17765.0,0
1.0,1.0,1.0,0,27401.0,0
0.0,1.0,1.0,0,15241.0,0
0.0,1.0,1.0,0,36889.0,0
0.0,1.0,1.0,0,99544.0,0
0.0,1.0,1.0,0,7204.0,0
0.0,1.0,1.0,0,1479.0,0
0.0,1.0,1.0,0,21787.0,0
0.0,1.0,1.0,0,875.0,0
0.0,1.0,1.0,0,15084.0,0
0.0,1.0,1.0,0,30130.0,0
0.0,1.0,1.0,0,29919.0,0
0.0,1.0,1.0,0,6660.0,0
0.0,1.0,1.0,0,43639.0,0
0.0,1.0,1.0,0,32359.0,0
0.0,1.0,1.0,0,25775.0,0
0.0,1.0,1.0,0,56662.0,0
0.0,1.0,1.0,0,12212.0,0
0.0,1.0,1.0,0,10030.0,0
0.0,1.0,1.0,0,39720.0,0
0.0,1.0,1.0,0,4689.0,0
0.0,1.0,1.0,0,2998.0,0
0.0,1.0,1.0,0,7845.0,0
0.0,1.0,1.0,0,16967.0,0
0.0,1.0,1.0,0,14026.0,0
0.0,1.0,1.0,0,390.0,0
0.0,1.0,1.0,0,682.0,0
0.0,1.0,1.0,0,40745.0,0
0.0,1.0,1.0,0,16874.0,0
0.0,1.0,1.0,0,53783.0,0
1.0,1.0,1.0,0,22202.0,0
0.0,1.0,1.0,0,105205.0,0
0.0,1.0,1.0,0,5845.0,0
0.0,1.0,1.0,0,2620.0,0
0.0,1.0,1.0,0,12869.0,0
0.0,1.0,1.0,0,8297.0,0
0.0,1.0,1.0,0,20710.0,0
0.0,1.0,1.0,0,92965.0,0
0.0,1.0,1.0,0,73568.0,0
0.0,1.0,1.0,0,14790.0,0
0.0,1.0,1.0,0,25446.0,0
1.0,1.0,1.0,0,33172.0,0
0.0,1.0,1.0,0,15234.0,0
0.0,1.0,1.0,0,20766.0,0
0.0,1.0,1.0,0,33657.0,0
0.0,1.0,1.0,0,27998.0,0
0.0,1.0,1.0,0,11285.0,0
0.0,1.0,1.0,0,28132.0,0
0.0,1.0,1.0,0,56093.0,0
0.0,1.0,1.0,0,100803.0,0
1.0,1.0,1.0,0,38985.0,0
0.0,1.0,1.0,0,14803.0,0
0.0,1.0,1.0,0,10562.0,0
0.0,1.0,1.0,0,47703.0,0
0.0,1.0,1.0,0,3402.0,0
0.0,1.0,1.0,0,17197.0,0
0.0,1.0,1.0,0,73305.0,0
0.0,1.0,1.0,0,82096.0,0
0.0,1.0,1.0,0,57756.0,0
1.0,1.0,1.0,0,3481.0,0
0.0,1.0,1.0,0,38870.0,0
0.0,1.0,1.0,0,43717.0,0
0.0,1.0,1.0,0,42376.0,0
0.0,1.0,1.0,0,19204.0,0
0.0,1.0,1.0,0,7491.0,0
0.0,1.0,1.0,0,6721.0,0
0.0,1.0,1.0,0,28529.0,0
0.0,1.0,1.0,0,9108.0,0
0.0,1.0,1.0,0,24930.0,0
0.0,1.0,1.0,0,4464.0,0
0.0,1.0,1.0,0,13976.0,0
0.0,2.0,1.0,0,219.0,0
0.0,1.0,1.0,0,340.0,0
1.0,1.0,1.0,0,35729.0,0
0.0,1.0,1.0,0,84526.0,0
1.0,1.0,1.0,0,44072.0,0
0.0,1.0,1.0,0,11796.0,0
0.0,1.0,1.0,0,2667.0,0
0.0,1.0,1.0,0,4376.0,0
0.0,1.0,1.0,0,49304.0,0
0.0,1.0,1.0,0,20091.0,0
0.0,1.0,1.0,0,0.0,0
0.0,1.0,1.0,0,48799.0,0
0.0,1.0,1.0,0,28296.0,0
0.0,1.0,1.0,0,25567.0,0
0.0,1.0,1.0,0,5140.0,0
0.0,1.0,1.0,0,20887.0,0
1.0,1.0,1.0,0,8547.0,0
0.0,1.0,1.0,0,94829.0,0
0.0,1.0,1.0,0,34642.0,0
0.0,1.0,1.0,0,27939.0,0
0.0,1.0,1.0,0,155.0,0
0.0,1.0,1.0,0,33859.0,0
0.0,1.0,1.0,0,8686.0,0
0.0,1.0,1.0,0,40790.0,0
0.0,1.0,1.0,0,34076.0,0
0.0,1.0,1.0,0,112577.0,0
0.0,1.0,1.0,0,3210.0,0
0.0,1.0,1.0,0,31355.0,0
0.0,1.0,1.0,0,16653.0,0
0.0,1.0,1.0,0,60462.0,0
0.0,1.0,1.0,0,13317.0,0
1.0,1.0,1.0,0,17036.0,0
1.0,1.0,1.0,0,24431.0,0
0.0,1.0,1.0,0,24349.0,0
0.0,1.0,1.0,0,13354.0,0
0.0,1.0,1.0,0,74452.0,0
0.0,1.0,1.0,0,60961.0,0
0.0,1.0,1.0,0,4414.0,0
0.0,1.0,1.0,0,14324.0,0
0.0,1.0,1.0,0,1723.0,0
0.0,1.0,1.0,0,34179.0,0
1.0,1.0,1.0,0,42832.0,0
0.0,1.0,1.0,0,32706.0,0
0.0,1.0,1.0,0,23352.0,0
0.0,1.0,1.0,0,28150.0,0
0.0,1.0,1.0,0,890.0,0
1.0,1.0,1.0,0,34405.0,0
0.0,1.0,1.0,0,18917.0,0
0.0,1.0,1.0,0,115458.0,0
0.0,1.0,1.0,0,13409.0,0
0.0,1.0,1.0,0,31161.0,0
0.0,1.0,1.0,0,142509.0,0
0.0,1.0,1.0,0,8547.0,0
0.0,1.0,1.0,0,19666.0,0
0.0,1.0,1.0,0,2119.0,0
0.0,1.0,1.0,0,136779.0,0
0.0,1.0,1.0,0,8018.0,0
0.0,1.0,1.0,0,17242.0,0
0.0,1.0,1.0,0,164100.0,0
0.0,1.0,1.0,0,4766.0,0
1.0,1.0,1.0,0,147940.0,0
0.0,1.0,1.0,0,24797.0,0
0.0,1.0,1.0,0,29906.0,0
0.0,1.0,1.0,0,131572.0,0
0.0,1.0,1.0,0,81925.0,0
1.0,1.0,1.0,0,2084.0,0
0.0,1.0,1.0,0,22177.0,0
0.0,1.0,1.0,0,1312.0,0
0.0,1.0,1.0,0,86105.0,0
0.0,1.0,1.0,0,28397.0,0
0.0,1.0,1.0,0,855.0,0
0.0,1.0,1.0,0,21968.0,0
0.0,1.0,1.0,0,12864.0,0
0.0,1.0,1.0,0,2625.0,0
0.0,1.0,1.0,0,6697.0,0
0.0,1.0,1.0,0,79758.0,0
0.0,1.0,1.0,0,39999.0,0
0.0,1.0,1.0,0,94574.0,0
0.0,1.0,1.0,0,0.0,0
0.0,1.0,1.0,0,62595.0,0
0.0,1.0,1.0,0,41805.0,0
0.0,1.0,1.0,0,48617.0,0
0.0,1.0,1.0,0,2508.0,0
0.0,1.0,1.0,0,84716.0,0
0.0,1.0,1.0,0,29305.0,0
0.0,1.0,1.0,0,4135.0,0
0.0,1.0,1.0,0,80032.0,0
0.0,1.0,1.0,0,20608.0,0
1.0,1.0,1.0,0,32473.0,0
0.0,1.0,1.0,0,47895.0,0
0.0,1.0,1.0,0,17353.0,0
0.0,1.0,1.0,0,5236.0,0
0.0,1.0,1.0,0,44186.0,0
0.0,1.0,1.0,0,31806.0,0
0.0,1.0,1.0,0,21920.0,0
0.0,1.0,1.0,0,45825.0,0
0.0,1.0,1.0,0,142680.0,0
0.0,1.0,1.0,0,8438.0,0
0.0,1.0,1.0,0,3593.0,0
0.0,1.0,1.0,0,37789.0,0
0.0,1.0,1.0,0,69511.0,0
0.0,1.0,1.0,0,15400.0,0
0.0,1.0,1.0,0,34270.0,0
0.0,1.0,1.0,0,20153.0,0
0.0,1.0,1.0,0,893.0,0
0.0,1.0,1.0,0,39331.0,0
0.0,1.0,1.0,0,29268.0,0
0.0,1.0,1.0,0,23371.0,0
1.0,1.0,1.0,0,21746.0,0
0.0,1.0,1.0,0,48828.0,0
0.0,1.0,1.0,0,50849.0,0
1.0,1.0,1.0,0,33643.0,0
0.0,1.0,1.0,0,31970.0,0
1.0,1.0,1.0,0,20358.0,0
0.0,1.0,1.0,0,18764.0,0
0.0,1.0,1.0,0,42002.0,0
0.0,1.0,1.0,0,18000.0,0
0.0,1.0,1.0,0,28589.0,0
1.0,1.0,1.0,0,4214.0,0
0.0,1.0,1.0,0,35044.0,0
0.0,1.0,1.0,0,69799.0,0
0.0,1.0,1.0,0,5569.0,0
0.0,1.0,1.0,0,2292.0,0
0.0,1.0,1.0,0,12567.0,0
0.0,1.0,1.0,0,40656.0,0
0.0,1.0,1.0,0,76897.0,0
0.0,1.0,1.0,0,5516.0,0
1.0,1.0,1.0,0,1000.0,0
0.0,1.0,1.0,0,54578.0,0
0.0,1.0,1.0,0,12635.0,0
0.0,1.0,1.0,0,109221.0,0
1.0,1.0,1.0,0,18580.0,0
0.0,1.0,1.0,0,42507.0,0
0.0,1.0,1.0,0,49719.0,0
0.0,1.0,1.0,0,34415.0,0
0.0,1.0,1.0,0,11698.0,0
0.0,1.0,1.0,0,3859.0,0
0.0,1.0,1.0,0,69881.0,0
0.0,1.0,1.0,0,37402.0,0
0.0,1.0,1.0,0,8706.0,0
0.0,1.0,1.0,0,30898.0,0
0.0,1.0,1.0,0,33817.0,0
0.0,1.0,1.0,0,24394.0,0
0.0,1.0,1.0,0,29598.0,0
0.0,1.0,1.0,0,29099.0,0
0.0,1.0,1.0,0,21658.0,0
0.0,1.0,1.0,0,82990.0,0
0.0,1.0,1.0,0,92483.0,0
0.0,1.0,1.0,0,10853.0,0
0.0,1.0,1.0,0,26795.0,0
0.0,1.0,1.0,0,15737.0,0
0.0,1.0,1.0,0,12703.0,0
0.0,1.0,1.0,0,12170.0,0
0.0,1.0,1.0,0,35529.0,0
1.0,1.0,1.0,0,17603.0,0
0.0,1.0,1.0,0,0.0,0
0.0,1.0,1.0,0,29486.0,0
0.0,1.0,1.0,0,208342.0,0
0.0,1.0,1.0,0,28500.0,0
0.0,1.0,1.0,0,83768.0,0
0.0,1.0,1.0,0,46148.0,0
1.0,1.0,1.0,0,89292.0,0
0.0,1.0,1.0,0,15473.0,0
0.0,1.0,1.0,0,8331.0,0
0.0,1.0,1.0,0,4032.0,0
0.0,1.0,1.0,0,4641.0,0
0.0,1.0,1.0,0,38746.0,0
0.0,1.0,1.0,0,8845.0,0
0.0,1.0,1.0,0,71607.0,0
0.0,1.0,1.0,0,34156.0,0
0.0,1.0,1.0,0,25861.0,0
0.0,1.0,1.0,0,32247.0,0
0.0,1.0,1.0,0,62630.0,0
0.0,1.0,1.0,0,33000.0,0
0.0,1.0,1.0,0,69451.0,0
0.0,1.0,1.0,0,7450.0,0
0.0,1.0,1.0,0,16702.0,0
0.0,1.0,1.0,0,867.0,0
0.0,1.0,1.0,0,654.0,0
0.0,1.0,1.0,0,856.0,0
0.0,1.0,1.0,0,255.0,0
0.0,1.0,1.0,0,609.0,0
0.0,1.0,1.0,0,621.0,0
0.0,1.0,1.0,0,708.0,0
0.0,2.0,1.0,0,244.0,0
0.0,1.0,1.0,0,575.0,0
0.0,1.0,1.0,0,480.0,0
0.0,1.0,1.0,0,321.0,0
0.0,1.0,1.0,0,948.0,0
0.0,1.0,1.0,0,57843.0,0
0.0,1.0,1.0,0,13580.0,0
0.0,1.0,1.0,0,8628.0,0
0.0,1.0,1.0,0,4308.0,0
0.0,1.0,1.0,0,6185.0,0
0.0,1.0,1.0,0,48073.0,0
0.0,1.0,1.0,0,110542.0,0
1.0,1.0,1.0,0,16129.0,0
0.0,1.0,1.0,0,49235.0,0
0.0,1.0,1.0,0,8622.0,0
0.0,1.0,1.0,0,34963.0,0
0.0,1.0,1.0,0,460.0,0
0.0,1.0,1.0,0,366.0,0
0.0,1.0,1.0,0,643.0,0
0.0,1.0,1.0,0,705.0,0
0.0,2.0,1.0,0,62.0,0
0.0,1.0,1.0,0,409.0,0
0.0,1.0,1.0,0,739.0,0
0.0,2.0,1.0,0,263.0,0
0.0,1.0,1.0,0,584.0,0
0.0,1.0,1.0,0,763.0,0
0.0,1.0,1.0,0,370.0,0
0.0,1.0,1.0,0,547.0,0
0.0,1.0,1.0,0,513.0,0
0.0,1.0,1.0,0,651.0,0
0.0,1.0,1.0,0,48638.0,0
0.0,1.0,1.0,0,26060.0,0
0.0,1.0,1.0,0,10929.0,0
0.0,1.0,1.0,0,22655.0,0
0.0,1.0,1.0,0,28693.0,0
0.0,1.0,1.0,0,1374.0,0
0.0,1.0,1.0,0,56080.0,0
0.0,1.0,1.0,0,4974.0,0
0.0,1.0,1.0,0,16376.0,0
0.0,1.0,1.0,0,7469.0,0
0.0,1.0,1.0,0,3619.0,0
0.0,1.0,1.0,0,20241.0,0
0.0,1.0,1.0,0,5389.0,0
0.0,1.0,1.0,0,48958.0,0
0.0,1.0,1.0,0,23214.0,0
0.0,1.0,1.0,0,13124.0,0
0.0,1.0,1.0,0,77463.0,0
0.0,1.0,1.0,0,6342.0,0
0.0,1.0,1.0,0,80425.0,1
0.0,1.0,1.0,0,53424.0,1
0.0,1.0,1.0,0,8783.0,1
0.0,1.0,1.0,0,614.0,1
0.0,1.0,1.0,0,653.0,1
0.0,2.0,2.0,0,29.0,1
0.0,2.0,1.0,0,112.0,1
0.0,2.0,1.0,0,136.0,1
0.0,1.0,1.0,0,341.0,1
0.0,1.0,1.0,0,586.0,1
0.0,1.0,1.0,0,333.0,1
0.0,1.0,1.0,0,677.0,1
0.0,1.0,1.0,0,111071.0,1
1.0,1.0,1.0,0,1317.0,1
0.0,1.0,1.0,0,63421.0,1
0.0,1.0,1.0,0,1983.0,1
0.0,1.0,1.0,0,378.0,1
0.0,1.0,1.0,0,859.0,1
0.0,1.0,1.0,0,310.0,1
0.0,2.0,1.0,0,198.0,1
0.0,2.0,1.0,0,251.0,1
0.0,1.0,1.0,0,849.0,1
0.0,1.0,1.0,0,354.0,1
0.0,2.0,1.0,0,137.0,1
0.0,1.0,1.0,0,583.0,1
0.0,2.0,1.0,0,129.0,1
0.0,1.0,1.0,0,532.0,1
0.0,1.0,1.0,0,764.0,1
0.0,1.0,1.0,0,3348.0,1
1.0,1.0,1.0,0,66625.0,1
0.0,1.0,1.0,0,58742.0,1
0.0,1.0,1.0,0,46615.0,1
0.0,1.0,1.0,0,11898.0,1
0.0,1.0,1.0,0,64475.0,1
0.0,1.0,1.0,0,2188.0,1
0.0,1.0,1.0,0,25566.0,1
0.0,1.0,1.0,0,23523.0,1
0.0,1.0,1.0,0,2938.0,1
0.0,1.0,1.0,0,38906.0,1
0.0,1.0,1.0,0,20953.0,1
0.0,1.0,1.0,0,3791.0,1
0.0,1.0,1.0,0,3916.0,1
0.0,1.0,1.0,0,23368.0,1
0.0,1.0,1.0,0,26858.0,1
0.0,1.0,1.0,0,1916.0,1
1.0,1.0,1.0,0,54733.0,1
0.0,1.0,1.0,0,51584.0,1
1.0,1.0,1.0,0,5069.0,1
0.0,1.0,1.0,0,0.0,0
0.0,1.0,1.0,0,30242.0,0
0.0,1.0,1.0,0,1571.0,0
0.0,1.0,1.0,0,26430.0,0
0.0,1.0,1.0,0,22232.0,0
0.0,1.0,1.0,0,7856.0,0
0.0,1.0,1.0,0,15188.0,0
0.0,1.0,1.0,0,33973.0,0
0.0,1.0,1.0,0,35506.0,0
0.0,1.0,1.0,0,16397.0,0
0.0,1.0,1.0,0,67995.0,0
0.0,1.0,1.0,0,88641.0,0
0.0,1.0,1.0,0,13730.0,0
0.0,1.0,1.0,0,1527.0,0
1.0,1.0,1.0,0,12381.0,0
0.0,1.0,1.0,0,13823.0,0
1.0,1.0,1.0,0,11967.0,0
0.0,1.0,1.0,0,18160.0,0
0.0,1.0,1.0,0,7871.0,0
0.0,1.0,1.0,0,64152.0,0
0.0,1.0,1.0,0,35034.0,0
0.0,1.0,1.0,0,119603.0,0
0.0,1.0,1.0,0,43862.0,0
0.0,1.0,1.0,0,686.0,0
0.0,1.0,1.0,0,54200.0,0
0.0,1.0,1.0,0,14038.0,0
0.0,1.0,1.0,0,126692.0,0
0.0,1.0,1.0,0,13122.0,0
0.0,1.0,1.0,0,31709.0,0
0.0,1.0,1.0,0,16932.0,0
0.0,1.0,1.0,0,45444.0,0
0.0,1.0,1.0,0,21029.0,0
0.0,1.0,1.0,0,19357.0,0
0.0,1.0,1.0,0,37839.0,0
0.0,1.0,1.0,0,50302.0,0
0.0,1.0,1.0,0,10469.0,0
0.0,1.0,1.0,0,9389.0,0
0.0,1.0,1.0,0,67745.0,0
0.0,1.0,1.0,0,7713.0,0
0.0,1.0,1.0,0,8093.0,0
0.0,1.0,1.0,0,18211.0,0
0.0,1.0,1.0,0,6547.0,0
0.0,1.0,1.0,0,33309.0,0
0.0,1.0,1.0,0,12317.0,0
0.0,1.0,1.0,0,34313.0,0
0.0,1.0,1.0,0,15642.0,0
0.0,1.0,1.0,0,31086.0,0
0.0,1.0,1.0,0,29848.0,0
0.0,1.0,1.0,0,24481.0,0
0.0,1.0,1.0,0,1911.0,0
0.0,1.0,1.0,0,5100.0,0
0.0,1.0,1.0,0,54873.0,0
0.0,1.0,1.0,0,64320.0,0
0.0,1.0,1.0,0,90813.0,0
0.0,1.0,1.0,0,9718.0,0
0.0,1.0,1.0,0,33579.0,0
0.0,1.0,1.0,0,38558.0,0
0.0,1.0,1.0,0,2927.0,0
0.0,1.0,1.0,0,41392.0,0
0.0,1.0,1.0,0,46635.0,0
0.0,1.0,1.0,0,22482.0,0
0.0,1.0,1.0,0,51171.0,0
0.0,1.0,1.0,0,81838.0,0
0.0,1.0,1.0,0,23063.0,0
0.0,1.0,1.0,0,78338.0,1
0.0,1.0,1.0,0,65309.0,1
0.0,1.0,1.0,0,27283.0,1
0.0,1.0,1.0,0,39374.0,1
0.0,1.0,1.0,0,8737.0,1
0.0,1.0,1.0,0,14781.0,1
0.0,1.0,1.0,0,4860.0,1
0.0,1.0,1.0,0,4776.0,1
0.0,1.0,1.0,0,58379.0,1
0.0,1.0,1.0,0,21289.0,1
0.0,1.0,1.0,0,7414.0,1
0.0,1.0,1.0,0,34010.0,1
0.0,1.0,1.0,0,69994.0,1
0.0,1.0,1.0,0,17095.0,1
0.0,1.0,1.0,0,13525.0,1
0.0,1.0,1.0,0,49121.0,1
0.0,1.0,1.0,0,11467.0,1
0.0,1.0,1.0,0,21036.0,1
0.0,1.0,1.0,0,7294.0,1
1.0,1.0,1.0,0,0.0,0
0.0,1.0,1.0,0,22667.0,0
0.0,1.0,1.0,0,16328.0,0
0.0,1.0,1.0,0,33515.0,0
0.0,1.0,1.0,0,4020.0,0
0.0,1.0,1.0,0,74383.0,0
0.0,1.0,1.0,0,3997.0,0
0.0,1.0,1.0,0,99168.0,0
0.0,1.0,1.0,0,22548.0,0
0.0,1.0,1.0,0,8196.0,0
0.0,1.0,1.0,0,61775.0,0
0.0,1.0,1.0,0,6318.0,0
0.0,1.0,1.0,0,15237.0,0
0.0,1.0,1.0,0,11934.0,0
0.0,1.0,1.0,0,3352.0,0
0.0,1.0,1.0,0,56276.0,0
0.0,1.0,1.0,0,29676.0,0
0.0,1.0,1.0,0,28782.0,0
0.0,1.0,1.0,0,121853.0,0
0.0,1.0,1.0,0,952.0,0
0.0,1.0,1.0,0,10971.0,0
0.0,1.0,1.0,0,25269.0,0
0.0,1.0,1.0,0,18824.0,0
0.0,1.0,1.0,0,12717.0,0
0.0,1.0,1.0,0,56345.0,0
0.0,1.0,1.0,0,42380.0,0
0.0,1.0,1.0,0,2812.0,0
0.0,1.0,1.0,0,14097.0,0
0.0,1.0,1.0,0,58499.0,0
0.0,1.0,1.0,0,13625.0,0
0.0,1.0,1.0,0,15160.0,0
0.0,1.0,1.0,0,32361.0,0
0.0,1.0,1.0,0,10213.0,0
0.0,1.0,1.0,0,3723.0,0
0.0,1.0,1.0,0,3879.0,0
0.0,1.0,1.0,0,11710.0,0
0.0,1.0,1.0,0,17088.0,0
0.0,1.0,1.0,0,66483.0,0
0.0,1.0,1.0,0,18965.0,0
0.0,1.0,1.0,0,23918.0,0
0.0,1.0,1.0,0,131294.0,0
0.0,1.0,1.0,0,13450.0,0
0.0,1.0,1.0,0,69845.0,0
0.0,1.0,1.0,0,36145.0,0
1.0,1.0,1.0,0,7870.0,0
0.0,1.0,1.0,0,5696.0,0
0.0,1.0,1.0,0,1432.0,0
0.0,1.0,1.0,0,89702.0,0
0.0,1.0,1.0,0,54492.0,0
0.0,1.0,1.0,0,62484.0,0
0.0,1.0,1.0,0,89838.0,0
0.0,1.0,1.0,0,40554.0,0
0.0,1.0,1.0,0,13261.0,0
0.0,1.0,1.0,0,55922.0,0
0.0,1.0,1.0,0,87427.0,0
0.0,1.0,1.0,0,68562.0,0
0.0,1.0,1.0,0,6382.0,0
0.0,1.0,1.0,0,33836.0,0
0.0,1.0,1.0,0,167107.0,0
0.0,1.0,1.0,0,20799.0,0
0.0,1.0,1.0,0,12482.0,0
0.0,1.0,1.0,0,63439.0,0
1.0,1.0,1.0,0,29061.0,0
0.0,1.0,1.0,0,99474.0,0
0.0,1.0,1.0,0,35265.0,0
0.0,1.0,1.0,0,4621.0,0
0.0,1.0,1.0,0,31066.0,0
0.0,1.0,1.0,0,16895.0,0
0.0,1.0,1.0,0,71290.0,0
0.0,1.0,1.0,0,18845.0,0
0.0,1.0,1.0,0,0.0,0
0.0,1.0,1.0,0,4428.0,0
0.0,1.0,1.0,0,833.0,0
0.0,1.0,1.0,0,15705.0,0
0.0,1.0,1.0,0,1838.0,0
0.0,1.0,1.0,0,3166.0,0
0.0,1.0,1.0,0,41331.0,0
0.0,1.0,1.0,0,4067.0,0
0.0,1.0,1.0,0,3841.0,0
0.0,1.0,1.0,0,9811.0,0
0.0,1.0,1.0,0,12766.0,0
0.0,1.0,1.0,0,12824.0,0
1.0,1.0,1.0,0,71508.0,0
0.0,1.0,1.0,0,153963.0,0
0.0,1.0,1.0,0,1104.0,0
0.0,1.0,1.0,0,14615.0,0
0.0,1.0,1.0,0,33688.0,0
0.0,1.0,1.0,0,941.0,0
0.0,1.0,1.0,0,85548.0,0
1.0,1.0,1.0,0,3713.0,0
1.0,1.0,1.0,0,22506.0,0
0.0,1.0,1.0,0,3626.0,0
0.0,1.0,1.0,0,142400.0,0
0.0,1.0,1.0,0,11856.0,0
0.0,1.0,1.0,0,75526.0,0
0.0,1.0,1.0,0,5777.0,0
0.0,1.0,1.0,0,36309.0,0
0.0,1.0,1.0,0,46300.0,0
0.0,1.0,1.0,0,63037.0,0
0.0,1.0,1.0,0,9867.0,0
0.0,1.0,1.0,0,5996.0,0
0.0,1.0,1.0,0,23516.0,0
1.0,1.0,1.0,0,27618.0,0
0.0,1.0,1.0,0,56674.0,0
0.0,1.0,1.0,0,3648.0,0
0.0,1.0,1.0,0,4463.0,0
0.0,1.0,1.0,0,1321.0,0
0.0,1.0,1.0,0,16878.0,0
0.0,1.0,1.0,0,7796.0,0
0.0,1.0,1.0,0,21672.0,0
0.0,1.0,1.0,0,12903.0,0
0.0,1.0,1.0,0,47182.0,0
0.0,1.0,1.0,0,2207.0,0
0.0,1.0,1.0,0,54686.0,0
0.0,1.0,1.0,0,30491.0,0
0.0,1.0,1.0,0,4241.0,0
0.0,1.0,1.0,0,19030.0,0
0.0,1.0,1.0,0,2604.0,0
1.0,1.0,1.0,0,82437.0,0
0.0,1.0,1.0,0,19033.0,0
0.0,1.0,1.0,0,64422.0,0
0.0,1.0,1.0,0,96538.0,0
0.0,1.0,1.0,0,41380.0,0
0.0,1.0,1.0,0,1394.0,0
1.0,1.0,1.0,0,21713.0,0
0.0,1.0,1.0,0,57681.0,1
0.0,1.0,1.0,0,115915.0,1
0.0,1.0,1.0,0,25178.0,1
0.0,1.0,1.0,0,26629.0,1
0.0,1.0,1.0,0,2830.0,1
0.0,1.0,1.0,0,22435.0,1
0.0,1.0,1.0,0,40421.0,1
0.0,1.0,1.0,0,47543.0,1
0.0,1.0,1.0,0,590.0,1
0.0,1.0,1.0,0,35677.0,1
0.0,1.0,1.0,0,3498.0,1
0.0,1.0,1.0,0,24581.0,1
0.0,1.0,1.0,0,27001.0,1
0.0,1.0,1.0,0,28302.0,1
0.0,1.0,1.0,0,56470.0,1
0.0,1.0,1.0,0,97833.0,1
0.0,1.0,1.0,0,16981.0,1
0.0,1.0,1.0,0,112713.0,1
0.0,1.0,1.0,0,14268.0,1
1.0,1.0,1.0,0,15291.0,1
0.0,1.0,1.0,0,55426.0,1
0.0,1.0,1.0,0,425.0,1
0.0,1.0,1.0,0,41222.0,1
0.0,1.0,1.0,0,13144.0,1
0.0,1.0,1.0,0,5796.0,1
0.0,1.0,1.0,0,11022.0,1
0.0,1.0,1.0,0,7191.0,1
1.0,1.0,1.0,0,25091.0,1
1.0,1.0,1.0,0,48341.0,1
0.0,1.0,1.0,0,15031.0,1
0.0,1.0,1.0,0,7557.0,1
0.0,1.0,1.0,0,0.0,0
1.0,1.0,1.0,0,38707.0,0
0.0,1.0,1.0,0,13984.0,0
0.0,1.0,1.0,0,10009.0,0
0.0,1.0,1.0,0,55521.0,0
0.0,1.0,1.0,0,37300.0,0
0.0,1.0,1.0,0,3786.0,0
0.0,1.0,1.0,0,29143.0,0
0.0,1.0,1.0,0,5127.0,0
0.0,1.0,1.0,0,64944.0,0
0.0,1.0,1.0,0,10031.0,0
0.0,1.0,1.0,0,18514.0,0
0.0,1.0,1.0,0,63988.0,0
0.0,1.0,1.0,0,9261.0,0
0.0,1.0,1.0,0,7069.0,0
0.0,1.0,1.0,0,64664.0,0
0.0,1.0,1.0,0,7520.0,0
0.0,1.0,1.0,0,37684.0,0
0.0,1.0,1.0,0,18627.0,0
0.0,1.0,1.0,0,4210.0,0
0.0,1.0,1.0,0,10186.0,0
0.0,1.0,1.0,0,4329.0,0
0.0,1.0,1.0,0,13939.0,0
0.0,1.0,1.0,0,27525.0,0
0.0,1.0,1.0,0,14027.0,0
0.0,1.0,1.0,0,14081.0,0
0.0,1.0,1.0,0,30610.0,0
0.0,1.0,1.0,0,39390.0,0
0.0,1.0,1.0,0,129755.0,0
1.0,1.0,1.0,0,37439.0,0
0.0,1.0,1.0,0,60744.0,0
0.0,1.0,1.0,0,87204.0,0
0.0,1.0,1.0,0,83595.0,0
0.0,1.0,1.0,0,26312.0,0
1.0,1.0,1.0,0,2882.0,0
1.0,1.0,1.0,0,3072.0,0
0.0,1.0,1.0,0,133829.0,0
0.0,1.0,1.0,0,18962.0,0
0.0,1.0,1.0,0,21498.0,0
0.0,1.0,1.0,0,110378.0,0
0.0,1.0,1.0,0,8669.0,0
0.0,1.0,1.0,0,70864.0,0
0.0,1.0,1.0,0,4613.0,0
0.0,1.0,1.0,0,777.0,0
1.0,1.0,1.0,0,124863.0,0
0.0,1.0,1.0,0,57569.0,0
1.0,1.0,1.0,0,44803.0,0
1.0,1.0,1.0,0,30568.0,0
0.0,1.0,1.0,0,33909.0,0
0.0,1.0,1.0,0,10078.0,0
0.0,1.0,1.0,0,87962.0,0
0.0,1.0,1.0,0,43733.0,0
0.0,1.0,1.0,0,777.0,0
0.0,1.0,1.0,0,42152.0,0
0.0,1.0,1.0,0,53493.0,0
0.0,1.0,1.0,0,64486.0,0
0.0,2.0,2.0,0,21.0,0
0.0,1.0,1.0,0,15293.0,0
0.0,1.0,1.0,0,16495.0,0
0.0,1.0,1.0,0,192586.0,0
0.0,1.0,1.0,0,77997.0,0
1.0,1.0,1.0,0,12774.0,0
0.0,1.0,1.0,0,1369.0,0
0.0,1.0,1.0,0,10664.0,0
0.0,1.0,1.0,0,92425.0,0
0.0,1.0,1.0,0,23632.0,0
0.0,1.0,1.0,0,6014.0,0
0.0,1.0,1.0,0,17250.0,0
0.0,1.0,1.0,0,19895.0,0
0.0,1.0,1.0,0,0.0,0
0.0,1.0,1.0,0,98877.0,0
0.0,1.0,1.0,0,80128.0,0
0.0,1.0,1.0,0,82329.0,0
0.0,1.0,1.0,0,8029.0,0
0.0,1.0,1.0,0,47265.0,0
0.0,1.0,1.0,0,4055.0,0
0.0,1.0,1.0,0,30417.0,0
0.0,1.0,1.0,0,35502.0,0
0.0,1.0,1.0,0,41934.0,0
0.0,1.0,1.0,0,14128.0,0
0.0,1.0,1.0,0,12125.0,0
0.0,1.0,1.0,0,15192.0,0
0.0,1.0,1.0,0,29706.0,0
0.0,1.0,1.0,0,21747.0,0
0.0,1.0,1.0,0,37899.0,0
0.0,1.0,1.0,0,72019.0,0
0.0,1.0,1.0,0,34817.0,0
1.0,1.0,1.0,0,53878.0,0
0.0,1.0,1.0,0,20118.0,0
1.0,1.0,1.0,0,7579.0,0
0.0,1.0,1.0,0,13131.0,0
0.0,1.0,1.0,0,21052.0,0
0.0,1.0,1.0,0,33220.0,0
1.0,1.0,1.0,0,19775.0,0
0.0,1.0,1.0,0,960.0,0
0.0,1.0,1.0,0,78545.0,0
0.0,1.0,1.0,0,12404.0,0
0.0,1.0,1.0,0,92694.0,0
0.0,1.0,1.0,0,2260.0,0
0.0,1.0,1.0,0,29653.0,0
0.0,1.0,1.0,0,30445.0,0
0.0,1.0,1.0,0,36156.0,0
0.0,1.0,1.0,0,15027.0,0
1.0,1.0,1.0,0,48837.0,0
0.0,1.0,1.0,0,911.0,0
0.0,1.0,1.0,0,25816.0,0
0.0,1.0,1.0,0,72312.0,0
0.0,1.0,1.0,0,34174.0,0
0.0,1.0,1.0,0,6762.0,0
0.0,1.0,1.0,0,19845.0,0
0.0,1.0,1.0,0,12256.0,0
0.0,1.0,1.0,0,82172.0,0
0.0,1.0,1.0,0,25859.0,0
1.0,1.0,1.0,0,93400.0,0
0.0,1.0,1.0,0,6656.0,0
0.0,1.0,1.0,0,18722.0,0
0.0,1.0,1.0,0,23624.0,0
0.0,1.0,1.0,0,2546.0,0
0.0,1.0,1.0,0,44446.0,0
0.0,1.0,1.0,0,10614.0,0
0.0,1.0,1.0,0,71739.0,0
0.0,1.0,1.0,0,22332.0,0
0.0,1.0,1.0,0,5298.0,0
0.0,1.0,1.0,0,29788.0,0
0.0,1.0,1.0,0,5485.0,0
0.0,1.0,1.0,0,26299.0,0
0.0,1.0,1.0,0,4148.0,0
0.0,1.0,1.0,0,13803.0,0
0.0,1.0,1.0,0,23472.0,0
1.0,1.0,1.0,0,17015.0,0
1.0,1.0,1.0,0,6732.0,0
0.0,1.0,1.0,0,12136.0,0
0.0,1.0,1.0,0,26014.0,0
0.0,1.0,1.0,0,1660.0,0
0.0,1.0,1.0,0,103611.0,0
0.0,1.0,1.0,0,1189.0,0
0.0,1.0,1.0,0,3666.0,0
0.0,1.0,1.0,0,358.0,0
0.0,1.0,1.0,0,723.0,0
0.0,1.0,1.0,0,411.0,0
0.0,2.0,1.0,0,191.0,0
0.0,2.0,1.0,0,168.0,0
0.0,1.0,1.0,0,523.0,0
0.0,1.0,1.0,0,20841.0,0
0.0,1.0,1.0,0,305.0,0
0.0,1.0,1.0,0,43799.0,0
0.0,1.0,1.0,0,21037.0,0
0.0,1.0,1.0,0,28415.0,0
0.0,1.0,1.0,0,43931.0,0
0.0,1.0,1.0,0,74300.0,0
0.0,1.0,1.0,0,61280.0,0
0.0,1.0,1.0,0,6479.0,0
0.0,1.0,1.0,0,90794.0,0
0.0,1.0,1.0,0,18954.0,0
0.0,1.0,1.0,0,118508.0,0
0.0,1.0,1.0,0,0.0,0
0.0,1.0,1.0,0,82315.0,0
0.0,1.0,1.0,0,3388.0,0
1.0,1.0,1.0,0,23106.0,0
0.0,1.0,1.0,0,73602.0,0
0.0,1.0,1.0,0,9321.0,0
0.0,1.0,1.0,0,7063.0,0
1.0,1.0,1.0,0,9020.0,0
0.0,1.0,1.0,0,749.0,0
0.0,1.0,1.0,0,12851.0,0
1.0,1.0,1.0,0,56067.0,0
0.0,1.0,1.0,0,8796.0,0
0.0,1.0,1.0,0,74529.0,0
0.0,1.0,1.0,0,11199.0,0
0.0,1.0,1.0,0,57963.0,0
0.0,1.0,1.0,0,5522.0,0
0.0,1.0,1.0,0,95518.0,0
0.0,1.0,1.0,0,24258.0,0
1.0,2.0,1.0,0,195.0,0
0.0,1.0,1.0,0,10034.0,0
0.0,1.0,1.0,0,10981.0,0
0.0,1.0,1.0,0,91932.0,0
0.0,1.0,1.0,0,36042.0,0
0.0,1.0,1.0,0,7553.0,0
0.0,1.0,1.0,0,16951.0,0
0.0,1.0,1.0,0,2114.0,0
0.0,1.0,1.0,0,168913.0,0
0.0,1.0,1.0,0,7325.0,0
1.0,1.0,1.0,0,5017.0,0
0.0,1.0,1.0,0,31221.0,0
1.0,1.0,1.0,0,73121.0,0
0.0,1.0,1.0,0,102661.0,0
0.0,1.0,1.0,0,14608.0,0
0.0,1.0,1.0,0,47296.0,0
0.0,1.0,1.0,0,6407.0,0
0.0,1.0,1.0,0,52247.0,0
0.0,1.0,1.0,0,92733.0,0
0.0,1.0,1.0,0,19907.0,0
0.0,1.0,1.0,0,16010.0,0
0.0,1.0,1.0,0,43248.0,0
0.0,1.0,1.0,0,59422.0,0
0.0,1.0,1.0,0,8376.0,0
0.0,1.0,1.0,0,57210.0,0
0.0,1.0,1.0,0,15399.0,0
0.0,1.0,1.0,0,10914.0,0
0.0,1.0,1.0,0,22357.0,0
0.0,1.0,1.0,0,161785.0,0
0.0,1.0,1.0,0,3622.0,0
0.0,1.0,1.0,0,159787.0,1
0.0,1.0,1.0,0,40384.0,1
0.0,1.0,1.0,0,30419.0,1
0.0,1.0,1.0,0,71941.0,1
0.0,1.0,1.0,0,34282.0,1
0.0,1.0,1.0,0,40521.0,1
0.0,1.0,1.0,0,21850.0,1
0.0,1.0,1.0,0,1998.0,1
0.0,1.0,1.0,0,11110.0,1
0.0,1.0,1.0,0,24841.0,1
0.0,1.0,1.0,0,24273.0,1
0.0,1.0,1.0,0,23360.0,1
0.0,1.0,1.0,0,17785.0,1
0.0,1.0,1.0,0,9350.0,1
0.0,1.0,1.0,0,10189.0,1
0.0,1.0,1.0,0,65572.0,1
0.0,1.0,1.0,0,11661.0,1
0.0,1.0,1.0,0,28702.0,1
0.0,1.0,1.0,0,37360.0,1
0.0,1.0,1.0,0,35892.0,1
1.0,1.0,1.0,0,2934.0,1
1.0,1.0,1.0,0,6810.0,1
0.0,1.0,1.0,0,0.0,0
1.0,1.0,1.0,0,4863.0,0
0.0,1.0,1.0,0,31941.0,0
0.0,1.0,1.0,0,1596.0,0
0.0,1.0,1.0,0,102695.0,0
0.0,1.0,1.0,0,13748.0,0
0.0,1.0,1.0,0,94134.0,0
0.0,1.0,1.0,0,12908.0,0
0.0,1.0,1.0,0,10447.0,0
0.0,1.0,1.0,0,14888.0,0
0.0,1.0,1.0,0,74763.0,0
0.0,1.0,1.0,0,33854.0,0
0.0,1.0,1.0,0,22355.0,0
0.0,1.0,1.0,0,58734.0,0
0.0,1.0,1.0,0,58216.0,0
0.0,1.0,1.0,0,7670.0,0
0.0,1.0,1.0,0,14584.0,0
0.0,1.0,1.0,0,6714.0,0
0.0,1.0,1.0,0,72633.0,0
0.0,1.0,1.0,0,2293.0,0
0.0,1.0,1.0,0,5194.0,0
0.0,1.0,1.0,0,76059.0,0
0.0,1.0,1.0,0,27232.0,0
0.0,1.0,1.0,0,17041.0,0
0.0,1.0,1.0,0,49941.0,0
0.0,1.0,1.0,0,11146.0,0
0.0,1.0,1.0,0,22115.0,0
0.0,1.0,1.0,0,124477.0,0
1.0,1.0,1.0,0,68022.0,0
0.0,1.0,1.0,0,80616.0,0
0.0,1.0,1.0,0,44339.0,0
0.0,1.0,1.0,0,25301.0,0
0.0,1.0,1.0,0,64396.0,0
0.0,1.0,1.0,0,29084.0,0
0.0,1.0,1.0,0,38737.0,0
0.0,1.0,1.0,0,1486.0,0
0.0,1.0,1.0,0,31361.0,0
1.0,1.0,1.0,0,37848.0,0
0.0,1.0,1.0,0,29445.0,0
0.0,1.0,1.0,0,6469.0,0
0.0,1.0,1.0,0,76174.0,0
0.0,1.0,1.0,0,37398.0,0
0.0,1.0,1.0,0,88629.0,0
0.0,1.0,1.0,0,14098.0,0
1.0,1.0,1.0,0,9782.0,0
0.0,1.0,1.0,0,74694.0,0
1.0,1.0,1.0,0,3231.0,0
0.0,1.0,1.0,0,39944.0,0
0.0,1.0,1.0,0,7181.0,0
0.0,1.0,1.0,0,9501.0,0
0.0,1.0,1.0,0,90187.0,0
0.0,1.0,1.0,0,3678.0,0
0.0,1.0,1.0,0,60359.0,0
0.0,1.0,1.0,0,4971.0,0
0.0,1.0,1.0,0,8100.0,0
0.0,1.0,1.0,0,16829.0,0
0.0,1.0,1.0,0,17729.0,0
0.0,1.0,1.0,0,688.0,0
0.0,1.0,1.0,0,162993.0,0
0.0,1.0,1.0,0,50441.0,0
0.0,1.0,1.0,0,25386.0,0
0.0,1.0,1.0,0,4508.0,0
1.0,1.0,1.0,0,29549.0,0
0.0,1.0,1.0,0,20881.0,0
0.0,1.0,1.0,0,43407.0,0
0.0,1.0,1.0,0,2151.0,0
0.0,1.0,1.0,0,12421.0,0
0.0,1.0,1.0,0,41142.0,0
0.0,1.0,1.0,0,10044.0,0
0.0,1.0,1.0,0,24367.0,0
0.0,1.0,1.0,0,14443.0,0
0.0,1.0,1.0,0,6071.0,0
0.0,1.0,1.0,0,12189.0,0
0.0,1.0,1.0,0,0.0,0
0.0,1.0,1.0,0,16324.0,0
0.0,1.0,1.0,0,122470.0,0
0.0,1.0,1.0,0,19292.0,0
0.0,1.0,1.0,0,366.0,0
0.0,1.0,1.0,0,8408.0,0
0.0,1.0,1.0,0,5537.0,0
1.0,1.0,1.0,0,3202.0,0
1.0,1.0,1.0,0,76298.0,0
0.0,1.0,1.0,0,35427.0,0
0.0,1.0,1.0,0,107839.0,0
0.0,1.0,1.0,0,36244.0,0
0.0,1.0,1.0,0,34130.0,0
0.0,1.0,1.0,0,23684.0,0
0.0,1.0,1.0,0,6869.0,0
1.0,1.0,1.0,0,33335.0,0
0.0,1.0,1.0,0,1260.0,0
0.0,1.0,1.0,0,2671.0,0
1.0,1.0,1.0,0,2761.0,0
0.0,1.0,1.0,0,68059.0,0
0.0,1.0,1.0,0,20604.0,0
0.0,1.0,1.0,0,30567.0,0
0.0,1.0,1.0,0,9644.0,0
0.0,1.0,1.0,0,19411.0,0
1.0,1.0,1.0,0,1268.0,0
0.0,1.0,1.0,0,39611.0,0
0.0,1.0,1.0,0,42980.0,0
0.0,1.0,1.0,0,5293.0,0
0.0,1.0,1.0,0,512.0,0
0.0,1.0,1.0,0,32643.0,0
0.0,1.0,1.0,0,15717.0,0
0.0,1.0,1.0,0,9471.0,0
0.0,1.0,1.0,0,51715.0,0
0.0,1.0,1.0,0,12763.0,0
0.0,1.0,1.0,0,19326.0,0
0.0,1.0,1.0,0,41108.0,0
0.0,1.0,1.0,0,44116.0,0
0.0,1.0,1.0,0,19369.0,0
1.0,1.0,1.0,0,13441.0,0
1.0,1.0,1.0,0,29079.0,0
0.0,1.0,1.0,0,11005.0,0
0.0,1.0,1.0,0,28807.0,0
1.0,1.0,1.0,0,111732.0,0
0.0,1.0,1.0,0,1578.0,0
0.0,1.0,1.0,0,2163.0,0
0.0,1.0,1.0,0,3971.0,0
0.0,1.0,1.0,0,4324.0,0
0.0,1.0,1.0,0,6084.0,0
0.0,1.0,1.0,0,37779.0,0
0.0,1.0,1.0,0,12882.0,0
0.0,1.0,1.0,0,114357.0,0
0.0,1.0,1.0,0,80566.0,0
0.0,1.0,1.0,0,42083.0,0
0.0,1.0,1.0,0,6666.0,0
0.0,1.0,1.0,0,11750.0,0
0.0,1.0,1.0,0,20266.0,0
1.0,1.0,1.0,0,3145.0,0
0.0,1.0,1.0,0,54405.0,0
0.0,1.0,1.0,0,1049.0,0
0.0,1.0,1.0,0,69622.0,0
1.0,1.0,1.0,0,28234.0,0
0.0,1.0,1.0,0,33306.0,0
0.0,2.0,2.0,0,57.0,0
0.0,1.0,1.0,0,15339.0,0
0.0,1.0,1.0,0,12123.0,0
1.0,1.0,1.0,0,6391.0,0
0.0,1.0,1.0,0,11736.0,0
0.0,1.0,1.0,0,24041.0,0
0.0,1.0,1.0,0,11337.0,0
0.0,1.0,1.0,0,74910.0,0
0.0,1.0,1.0,0,11935.0,0
1.0,1.0,1.0,0,24427.0,0
0.0,1.0,1.0,0,4872.0,0
0.0,1.0,1.0,0,56262.0,0
1.0,1.0,1.0,0,5706.0,0
1.0,1.0,1.0,0,14792.0,0
0.0,1.0,1.0,0,10419.0,0
0.0,1.0,1.0,0,14946.0,0
0.0,1.0,1.0,0,46362.0,1
0.0,2.0,1.0,0,158.0,1
0.0,1.0,1.0,0,32374.0,1
0.0,1.0,1.0,0,20019.0,1
0.0,1.0,1.0,0,37356.0,1
0.0,1.0,1.0,0,8444.0,1
0.0,1.0,1.0,0,461.0,1
0.0,1.0,1.0,0,51513.0,1
0.0,1.0,1.0,0,7006.0,1
0.0,1.0,1.0,0,15527.0,1
0.0,1.0,1.0,0,39570.0,1
0.0,1.0,1.0,0,26055.0,1
0.0,1.0,1.0,0,13238.0,1
0.0,1.0,1.0,0,8692.0,1
0.0,1.0,1.0,0,10791.0,1
0.0,1.0,1.0,0,126931.0,1
0.0,1.0,1.0,0,9495.0,1
0.0,1.0,1.0,0,40598.0,1
0.0,1.0,1.0,0,0.0,0
0.0,1.0,1.0,0,9663.0,0
0.0,1.0,1.0,0,8942.0,0
0.0,1.0,1.0,0,32112.0,0
0.0,1.0,1.0,0,2931.0,0
0.0,1.0,1.0,0,19869.0,0
0.0,1.0,1.0,0,22188.0,0
0.0,1.0,1.0,0,5184.0,0
0.0,1.0,1.0,0,673.0,0
0.0,1.0,1.0,0,12933.0,0
0.0,1.0,1.0,0,77494.0,0
0.0,1.0,1.0,0,24021.0,0
0.0,1.0,1.0,0,8782.0,0
0.0,1.0,1.0,0,5086.0,0
0.0,2.0,1.0,0,290.0,0
0.0,1.0,1.0,0,84921.0,0
0.0,1.0,1.0,0,1003.0,0
0.0,1.0,1.0,0,371.0,0
0.0,1.0,1.0,0,15742.0,0
0.0,1.0,1.0,0,24956.0,0
1.0,1.0,1.0,0,51928.0,0
0.0,1.0,1.0,0,9446.0,0
0.0,1.0,1.0,0,50932.0,0
0.0,1.0,1.0,0,5428.0,0
0.0,1.0,1.0,0,28522.0,0
0.0,1.0,1.0,0,27351.0,0
0.0,1.0,1.0,0,85631.0,0
0.0,1.0,1.0,0,25430.0,0
0.0,1.0,1.0,0,22326.0,0
0.0,1.0,1.0,0,38778.0,0
0.0,1.0,1.0,0,241.0,0
0.0,1.0,1.0,0,32478.0,0
0.0,1.0,1.0,0,159610.0,0
0.0,1.0,1.0,0,87674.0,0
0.0,1.0,1.0,0,76699.0,0
1.0,1.0,1.0,0,12613.0,0
0.0,1.0,1.0,0,18883.0,0
0.0,1.0,1.0,0,31991.0,0
0.0,1.0,1.0,0,79124.0,0
0.0,1.0,1.0,0,25342.0,0
0.0,1.0,1.0,0,20417.0,0
0.0,1.0,1.0,0,15991.0,0
0.0,1.0,1.0,0,1095.0,0
0.0,1.0,1.0,0,21662.0,0
0.0,1.0,1.0,0,16962.0,0
0.0,1.0,1.0,0,40790.0,0
0.0,1.0,1.0,0,6911.0,0
0.0,1.0,1.0,0,40086.0,0
0.0,1.0,1.0,0,25856.0,0
0.0,1.0,1.0,0,136479.0,0
0.0,1.0,1.0,0,10323.0,0
1.0,1.0,1.0,0,10415.0,0
0.0,1.0,1.0,0,11099.0,0
0.0,1.0,1.0,0,33110.0,0
0.0,1.0,1.0,0,11756.0,0
1.0,1.0,1.0,0,67324.0,0
0.0,1.0,1.0,0,1528.0,0
0.0,1.0,1.0,0,39058.0,0
0.0,1.0,1.0,0,45484.0,0
1.0,1.0,1.0,0,11758.0,0
0.0,1.0,1.0,0,130923.0,0
0.0,1.0,1.0,0,3908.0,0
0.0,1.0,1.0,0,28807.0,0
0.0,1.0,1.0,0,113848.0,0
0.0,1.0,1.0,0,24519.0,0
0.0,1.0,1.0,0,22458.0,0
0.0,1.0,1.0,0,31666.0,0
0.0,1.0,1.0,0,33674.0,0
0.0,1.0,1.0,0,55290.0,0
0.0,1.0,1.0,0,15649.0,0
0.0,1.0,1.0,0,522.0,0
0.0,1.0,1.0,0,11348.0,0
0.0,1.0,1.0,0,7120.0,0
0.0,1.0,1.0,0,57039.0,0
0.0,1.0,1.0,0,34890.0,0
0.0,1.0,1.0,0,10771.0,0
1.0,1.0,1.0,0,7408.0,0
0.0,1.0,1.0,0,33547.0,0
0.0,1.0,1.0,0,103291.0,0
0.0,1.0,1.0,0,4359.0,0
0.0,1.0,1.0,0,0.0,0
1.0,1.0,1.0,0,23164.0,0
0.0,1.0,1.0,0,2497.0,0
0.0,1.0,1.0,0,77963.0,0
0.0,1.0,1.0,0,29835.0,0
0.0,1.0,1.0,0,10713.0,0
0.0,1.0,1.0,0,6395.0,0
0.0,1.0,1.0,0,1522.0,0
1.0,1.0,1.0,0,15219.0,0
0.0,1.0,1.0,0,39727.0,0
0.0,1.0,1.0,0,103219.0,0
1.0,1.0,1.0,0,5290.0,0
0.0,1.0,1.0,0,31527.0,0
0.0,1.0,1.0,0,32958.0,0
0.0,1.0,1.0,0,6073.0,0
0.0,1.0,1.0,0,5277.0,0
0.0,1.0,1.0,0,32812.0,0
0.0,1.0,1.0,0,101357.0,0
0.0,1.0,1.0,0,408.0,0
0.0,1.0,1.0,0,1961.0,0
0.0,1.0,1.0,0,95201.0,0
0.0,1.0,1.0,0,9193.0,0
0.0,1.0,1.0,0,31389.0,0
0.0,1.0,1.0,0,24560.0,0
0.0,1.0,1.0,0,40605.0,0
0.0,1.0,1.0,0,1407.0,0
0.0,1.0,1.0,0,50573.0,0
0.0,1.0,1.0,0,32653.0,0
0.0,1.0,1.0,0,64901.0,0
0.0,1.0,1.0,0,10499.0,0
0.0,1.0,1.0,0,23830.0,0
0.0,1.0,1.0,0,16263.0,0
0.0,1.0,1.0,0,3915.0,0
0.0,1.0,1.0,0,52603.0,0
0.0,1.0,1.0,0,70224.0,0
0.0,1.0,1.0,0,48264.0,0
0.0,1.0,1.0,0,6297.0,0
0.0,1.0,1.0,0,15384.0,0
0.0,1.0,1.0,0,83930.0,0
1.0,1.0,1.0,0,21022.0,0
0.0,1.0,1.0,0,2942.0,0
1.0,1.0,1.0,0,47388.0,0
0.0,1.0,1.0,0,14934.0,0
0.0,1.0,1.0,0,21110.0,0
0.0,1.0,1.0,0,47046.0,0
0.0,1.0,1.0,0,71410.0,0
0.0,1.0,1.0,0,2253.0,0
0.0,1.0,1.0,0,82027.0,0
0.0,1.0,1.0,0,14389.0,1
0.0,1.0,1.0,0,326.0,1
0.0,1.0,1.0,0,58482.0,1
0.0,1.0,1.0,0,10829.0,1
0.0,1.0,1.0,0,10121.0,1
0.0,1.0,1.0,0,222926.0,1
0.0,1.0,1.0,0,74107.0,1
0.0,1.0,1.0,0,1181.0,1
0.0,1.0,1.0,0,4829.0,1
0.0,1.0,1.0,0,9008.0,1
0.0,1.0,1.0,0,51252.0,1
0.0,1.0,1.0,0,88392.0,1
0.0,1.0,1.0,0,7288.0,1
0.0,1.0,1.0,0,32924.0,1
0.0,1.0,1.0,0,101512.0,1
0.0,1.0,1.0,0,69428.0,1
0.0,1.0,1.0,0,73383.0,1
0.0,1.0,1.0,0,22850.0,1
0.0,1.0,1.0,0,52648.0,1
0.0,1.0,1.0,0,1149.0,1
0.0,1.0,1.0,0,17961.0,1
0.0,1.0,1.0,0,14085.0,1
0.0,1.0,1.0,0,68539.0,1
0.0,1.0,1.0,0,10596.0,1
0.0,1.0,1.0,0,0.0,0
0.0,1.0,1.0,0,44529.0,0
0.0,1.0,1.0,0,23312.0,0
0.0,1.0,1.0,0,4438.0,0
0.0,1.0,1.0,0,3495.0,0
0.0,1.0,1.0,0,18544.0,0
1.0,1.0,1.0,0,356.0,0
0.0,1.0,1.0,0,46553.0,0
0.0,1.0,1.0,0,80110.0,0
0.0,1.0,1.0,0,5957.0,0
0.0,1.0,1.0,0,24346.0,0
1.0,1.0,1.0,0,6954.0,0
0.0,1.0,1.0,0,43041.0,0
0.0,1.0,1.0,0,1470.0,0
0.0,1.0,1.0,0,16700.0,0
0.0,1.0,1.0,0,11508.0,0
0.0,1.0,1.0,0,910.0,0
0.0,1.0,1.0,0,9379.0,0
1.0,1.0,1.0,0,37894.0,0
0.0,1.0,1.0,0,29924.0,0
0.0,1.0,1.0,0,1058.0,0
0.0,1.0,1.0,0,28109.0,0
0.0,1.0,1.0,0,5139.0,0
0.0,1.0,1.0,0,10726.0,0
0.0,1.0,1.0,0,22710.0,0
0.0,1.0,1.0,0,45509.0,0
0.0,1.0,1.0,0,85319.0,0
0.0,1.0,1.0,0,27822.0,0
0.0,1.0,1.0,0,472.0,0
0.0,1.0,1.0,0,35269.0,0
0.0,1.0,1.0,0,26629.0,0
1.0,1.0,1.0,0,22039.0,0
0.0,1.0,1.0,0,8501.0,0
0.0,1.0,1.0,0,11092.0,0
0.0,1.0,1.0,0,19827.0,0
0.0,1.0,1.0,0,57225.0,0
0.0,1.0,1.0,0,67931.0,0
0.0,1.0,1.0,0,91249.0,0
0.0,1.0,1.0,0,4914.0,0
0.0,1.0,1.0,0,45175.0,0
0.0,1.0,1.0,0,75969.0,0
0.0,1.0,1.0,0,17238.0,0
0.0,1.0,1.0,0,71253.0,0
0.0,1.0,1.0,0,18041.0,0
0.0,1.0,1.0,0,627.0,0
0.0,1.0,1.0,0,929.0,0
1.0,1.0,1.0,0,34905.0,0
0.0,1.0,1.0,0,19425.0,0
0.0,1.0,1.0,0,92886.0,0
0.0,1.0,1.0,0,17622.0,0
0.0,1.0,1.0,0,54130.0,0
0.0,1.0,1.0,0,72401.0,0
0.0,1.0,1.0,0,12397.0,0
0.0,1.0,1.0,0,19182.0,0
0.0,1.0,1.0,0,63541.0,0
0.0,1.0,1.0,0,48975.0,0
0.0,1.0,1.0,0,98461.0,0
0.0,1.0,1.0,0,2216.0,0
0.0,1.0,1.0,0,33315.0,0
0.0,1.0,1.0,0,8680.0,0
1.0,1.0,1.0,0,55799.0,0
0.0,1.0,1.0,0,112994.0,0
0.0,1.0,1.0,0,32518.0,0
0.0,1.0,1.0,0,3550.0,0
0.0,1.0,1.0,0,30862.0,0
0.0,1.0,1.0,0,54176.0,0
0.0,1.0,1.0,0,27227.0,0
0.0,1.0,1.0,0,54319.0,0
0.0,1.0,1.0,0,48648.0,0
0.0,1.0,1.0,0,2984.0,0
0.0,1.0,1.0,0,172677.0,0
0.0,1.0,1.0,0,32328.0,0
0.0,1.0,1.0,0,39925.0,0
0.0,1.0,1.0,0,69129.0,0
0.0,1.0,1.0,0,0.0,0
0.0,1.0,1.0,0,31231.0,0
0.0,1.0,1.0,0,1412.0,0
0.0,1.0,1.0,0,84794.0,0
0.0,1.0,1.0,0,43712.0,0
0.0,1.0,1.0,0,24725.0,0
1.0,1.0,1.0,0,37048.0,0
0.0,1.0,1.0,0,11306.0,0
0.0,1.0,1.0,0,28472.0,0
0.0,1.0,1.0,0,777.0,0
0.0,1.0,1.0,0,26700.0,0
0.0,1.0,1.0,0,22844.0,0
0.0,1.0,1.0,0,32611.0,0
0.0,1.0,1.0,0,28428.0,0
0.0,1.0,1.0,0,3545.0,0
0.0,1.0,1.0,0,14311.0,0
0.0,1.0,1.0,0,21265.0,0
0.0,1.0,1.0,0,9224.0,0
0.0,1.0,1.0,0,9047.0,0
0.0,1.0,1.0,0,2155.0,0
0.0,1.0,1.0,0,32205.0,0
0.0,1.0,1.0,0,7770.0,0
0.0,1.0,1.0,0,48852.0,0
0.0,1.0,1.0,0,7888.0,0
0.0,1.0,1.0,0,101499.0,0
0.0,1.0,1.0,0,4050.0,0
0.0,1.0,1.0,0,3353.0,0
0.0,1.0,1.0,0,8674.0,0
1.0,1.0,1.0,0,47324.0,0
0.0,1.0,1.0,0,26015.0,0
0.0,1.0,1.0,0,2778.0,0
1.0,1.0,1.0,0,29708.0,0
0.0,1.0,1.0,0,99966.0,0
0.0,1.0,1.0,0,21452.0,0
0.0,1.0,1.0,0,6253.0,0
0.0,1.0,1.0,0,359.0,0
0.0,1.0,1.0,0,77599.0,0
0.0,1.0,1.0,0,95253.0,0
0.0,1.0,1.0,0,9842.0,0
0.0,1.0,1.0,0,6705.0,0
0.0,1.0,1.0,0,80539.0,0
0.0,1.0,1.0,0,27229.0,0
0.0,1.0,1.0,0,10371.0,0
0.0,1.0,1.0,0,8716.0,0
0.0,1.0,1.0,0,17961.0,0
0.0,1.0,1.0,0,11482.0,0
0.0,1.0,1.0,0,15073.0,0
0.0,1.0,1.0,0,8049.0,0
0.0,1.0,1.0,0,7447.0,0
0.0,1.0,1.0,0,139140.0,0
0.0,1.0,1.0,0,10704.0,0
0.0,1.0,1.0,0,20968.0,0
0.0,1.0,1.0,0,14641.0,0
1.0,1.0,1.0,0,39805.0,0
0.0,1.0,1.0,0,90892.0,0
0.0,1.0,1.0,0,1731.0,0
0.0,1.0,1.0,0,48351.0,0
0.0,1.0,1.0,0,42107.0,0
0.0,1.0,1.0,0,25038.0,0
0.0,1.0,1.0,0,66814.0,0
0.0,1.0,1.0,0,36477.0,0
0.0,1.0,1.0,0,46052.0,0
0.0,1.0,1.0,0,8517.0,0
0.0,1.0,1.0,0,66698.0,0
0.0,1.0,1.0,0,36215.0,0
0.0,1.0,1.0,0,2106.0,0
0.0,1.0,1.0,0,23197.0,0
0.0,1.0,1.0,0,10477.0,0
0.0,1.0,1.0,0,19997.0,0
0.0,1.0,1.0,0,128305.0,0
0.0,1.0,1.0,0,6280.0,0
0.0,1.0,1.0,0,28588.0,0
0.0,1.0,1.0,0,63999.0,1
0.0,1.0,1.0,0,37911.0,1
0.0,1.0,1.0,0,32841.0,1
0.0,1.0,1.0,0,48723.0,1
0.0,1.0,1.0,0,20400.0,1
0.0,1.0,1.0,0,89274.0,1
0.0,1.0,1.0,0,0.0,0
0.0,1.0,1.0,0,5315.0,0
0.0,1.0,1.0,0,7383.0,0
0.0,1.0,1.0,0,52935.0,0
0.0,1.0,1.0,0,20991.0,0
0.0,1.0,1.0,0,151971.0,0
0.0,1.0,1.0,0,20438.0,0
0.0,1.0,1.0,0,7548.0,0
0.0,1.0,1.0,0,29137.0,0
0.0,1.0,1.0,0,38617.0,0
0.0,1.0,1.0,0,5859.0,0
0.0,1.0,1.0,0,3420.0,0
0.0,1.0,1.0,0,20195.0,0
0.0,1.0,1.0,0,56455.0,0
1.0,1.0,1.0,0,3881.0,0
0.0,1.0,1.0,0,33790.0,0
0.0,1.0,1.0,0,4476.0,0
0.0,1.0,1.0,0,113344.0,0
0.0,1.0,1.0,0,71654.0,0
0.0,1.0,1.0,0,4826.0,0
1.0,1.0,1.0,0,12302.0,0
0.0,1.0,1.0,0,48537.0,0
0.0,1.0,1.0,0,12742.0,0
0.0,1.0,1.0,0,2554.0,0
0.0,1.0,1.0,0,28831.0,0
0.0,1.0,1.0,0,14589.0,0
0.0,1.0,1.0,0,579.0,0
0.0,1.0,1.0,0,71335.0,0
0.0,1.0,1.0,0,115857.0,0
0.0,1.0,1.0,0,68948.0,0
0.0,1.0,1.0,0,3796.0,0
1.0,2.0,1.0,0,283.0,0
1.0,1.0,1.0,0,16280.0,0
0.0,1.0,1.0,0,15942.0,0
0.0,1.0,1.0,0,2766.0,0
0.0,1.0,1.0,0,42915.0,0
0.0,1.0,1.0,0,119725.0,0
0.0,1.0,1.0,0,4549.0,0
0.0,2.0,1.0,0,126.0,0
0.0,1.0,1.0,0,19056.0,0
0.0,1.0,1.0,0,121699.0,0
0.0,1.0,1.0,0,30179.0,0
1.0,1.0,1.0,0,80157.0,0
0.0,1.0,1.0,0,14130.0,0
0.0,1.0,1.0,0,16337.0,0
0.0,1.0,1.0,0,47343.0,0
0.0,1.0,1.0,0,48663.0,0
0.0,1.0,1.0,0,36091.0,0
0.0,1.0,1.0,0,1729.0,0
0.0,1.0,1.0,0,2635.0,0
0.0,1.0,1.0,0,33829.0,0
0.0,1.0,1.0,0,95527.0,0
0.0,1.0,1.0,0,34315.0,0
1.0,1.0,1.0,0,6756.0,0
0.0,1.0,1.0,0,44984.0,0
0.0,1.0,1.0,0,12086.0,0
0.0,1.0,1.0,0,14350.0,0
0.0,1.0,1.0,0,50443.0,0
0.0,1.0,1.0,0,11080.0,0
0.0,1.0,1.0,0,14078.0,0
0.0,1.0,1.0,0,60521.0,0
0.0,1.0,1.0,0,15121.0,0
1.0,1.0,1.0,0,55153.0,0
0.0,1.0,1.0,0,130919.0,0
0.0,1.0,1.0,0,67128.0,0
0.0,1.0,1.0,0,4338.0,0
0.0,1.0,1.0,0,8491.0,0
0.0,1.0,1.0,0,11990.0,0
0.0,1.0,1.0,0,12208.0,0
0.0,1.0,1.0,0,9169.0,0
0.0,1.0,1.0,0,1489.0,0
0.0,1.0,1.0,0,468.0,0
0.0,1.0,1.0,0,40484.0,0
0.0,1.0,1.0,0,14867.0,0
0.0,1.0,1.0,0,16156.0,0
0.0,1.0,1.0,0,32033.0,0
0.0,1.0,1.0,0,11271.0,0
1.0,1.0,1.0,0,5577.0,0
0.0,1.0,1.0,0,16166.0,0
1.0,1.0,1.0,0,0.0,0
0.0,1.0,1.0,0,804.0,0
0.0,1.0,1.0,0,61358.0,0
0.0,1.0,1.0,0,25946.0,0
0.0,1.0,1.0,0,31473.0,0
0.0,1.0,1.0,0,7657.0,0
0.0,1.0,1.0,0,12783.0,0
1.0,1.0,1.0,0,36244.0,0
0.0,1.0,1.0,0,141584.0,0
0.0,1.0,1.0,0,38802.0,0
0.0,1.0,1.0,0,15360.0,0
1.0,1.0,1.0,0,151952.0,0
0.0,1.0,1.0,0,1036.0,0
0.0,1.0,1.0,0,29036.0,0
0.0,1.0,1.0,0,3114.0,0
0.0,1.0,1.0,0,34767.0,0
0.0,1.0,1.0,0,98888.0,0
0.0,1.0,1.0,0,17621.0,0
0.0,1.0,1.0,0,9430.0,0
0.0,1.0,1.0,0,37036.0,0
0.0,1.0,1.0,0,9488.0,0
0.0,1.0,1.0,0,50517.0,0
0.0,1.0,1.0,0,6701.0,0
0.0,1.0,1.0,0,9747.0,0
0.0,1.0,1.0,0,13816.0,0
0.0,1.0,1.0,0,14566.0,0
1.0,1.0,1.0,0,16158.0,0
0.0,1.0,1.0,0,17113.0,0
0.0,1.0,1.0,0,17098.0,0
0.0,1.0,1.0,0,15682.0,0
0.0,1.0,1.0,0,65702.0,0
0.0,1.0,1.0,0,15420.0,0
0.0,1.0,1.0,0,24239.0,0
0.0,1.0,1.0,0,41167.0,0
0.0,1.0,1.0,0,12881.0,0
0.0,1.0,1.0,0,23055.0,0
0.0,1.0,1.0,0,52925.0,0
0.0,1.0,1.0,0,38365.0,0
0.0,1.0,1.0,0,29440.0,0
0.0,1.0,1.0,0,39047.0,0
0.0,1.0,1.0,0,63852.0,0
0.0,1.0,1.0,0,53669.0,0
1.0,1.0,1.0,0,8232.0,0
0.0,1.0,1.0,0,102609.0,0
1.0,1.0,1.0,0,13001.0,0
0.0,1.0,1.0,0,34467.0,0
0.0,1.0,1.0,0,11054.0,0
1.0,1.0,1.0,0,1035.0,0
0.0,1.0,1.0,0,9781.0,0
0.0,1.0,1.0,0,114778.0,0
0.0,1.0,1.0,0,52913.0,0
0.0,1.0,1.0,0,20547.0,0
0.0,1.0,1.0,0,14690.0,0
0.0,1.0,1.0,0,85787.0,0
0.0,1.0,1.0,0,6725.0,0
0.0,1.0,1.0,0,91753.0,0
0.0,1.0,1.0,0,14906.0,0
0.0,1.0,1.0,0,733.0,0
0.0,1.0,1.0,0,21891.0,0
0.0,1.0,1.0,0,662.0,0
0.0,1.0,1.0,0,8655.0,0
0.0,1.0,1.0,0,67893.0,0
0.0,1.0,1.0,0,25695.0,0
0.0,1.0,1.0,0,13160.0,0
0.0,1.0,1.0,0,48632.0,0
0.0,1.0,1.0,0,61505.0,0
1.0,1.0,1.0,0,1102.0,0
1.0,1.0,1.0,0,7634.0,0
0.0,1.0,1.0,0,66846.0,0
0.0,1.0,1.0,0,15289.0,0
0.0,1.0,1.0,0,35328.0,0
0.0,1.0,1.0,0,3773.0,0
0.0,1.0,1.0,0,49730.0,0
0.0,1.0,1.0,0,466.0,0
0.0,1.0,1.0,0,23972.0,0
0.0,1.0,1.0,0,18407.0,0
1.0,1.0,1.0,0,2382.0,0
0.0,1.0,1.0,0,47048.0,0
0.0,1.0,1.0,0,16662.0,0
0.0,1.0,1.0,0,8664.0,0
1.0,1.0,1.0,0,27035.0,0
0.0,1.0,1.0,0,0.0,0
0.0,1.0,1.0,0,10799.0,0
1.0,1.0,1.0,0,18744.0,0
0.0,1.0,1.0,0,668.0,0
0.0,1.0,1.0,0,26306.0,0
0.0,1.0,1.0,0,26399.0,0
0.0,1.0,1.0,0,5326.0,0
0.0,1.0,1.0,0,4935.0,0
0.0,1.0,1.0,0,25583.0,0
0.0,1.0,1.0,0,9278.0,0
0.0,1.0,1.0,0,24315.0,0
0.0,1.0,1.0,0,22480.0,0
0.0,1.0,1.0,0,8438.0,0
0.0,1.0,1.0,0,32202.0,0
0.0,1.0,1.0,0,849.0,0
0.0,1.0,1.0,0,14679.0,0
0.0,1.0,1.0,0,59546.0,0
0.0,1.0,1.0,0,61420.0,0
0.0,1.0,1.0,0,37030.0,0
0.0,1.0,1.0,0,33600.0,0
0.0,1.0,1.0,0,149916.0,0
0.0,1.0,1.0,0,6860.0,0
0.0,1.0,1.0,0,52792.0,0
0.0,1.0,1.0,0,1506.0,0
0.0,1.0,1.0,0,19708.0,0
0.0,1.0,1.0,0,8994.0,0
0.0,1.0,1.0,0,12882.0,0
0.0,1.0,1.0,0,36968.0,0
0.0,1.0,1.0,0,14522.0,0
0.0,1.0,1.0,0,2415.0,0
0.0,1.0,1.0,0,22292.0,0
0.0,1.0,1.0,0,4574.0,0
0.0,1.0,1.0,0,45086.0,0
0.0,1.0,1.0,0,13209.0,0
0.0,1.0,1.0,0,2799.0,0
1.0,1.0,1.0,0,1857.0,0
0.0,1.0,1.0,0,30159.0,0
0.0,1.0,1.0,0,48836.0,0
1.0,1.0,1.0,0,24467.0,0
0.0,1.0,1.0,0,2749.0,0
0.0,1.0,1.0,0,19099.0,0
0.0,1.0,1.0,0,30970.0,0
1.0,1.0,1.0,0,30675.0,0
1.0,1.0,1.0,0,8164.0,0
0.0,1.0,1.0,0,7723.0,0
0.0,1.0,1.0,0,65182.0,0
1.0,1.0,1.0,0,169501.0,0
0.0,1.0,1.0,0,30650.0,0
0.0,1.0,1.0,0,55915.0,0
0.0,1.0,1.0,0,26936.0,0
0.0,1.0,1.0,0,93299.0,0
0.0,1.0,1.0,0,12340.0,0
0.0,1.0,1.0,0,135698.0,0
0.0,1.0,1.0,0,47177.0,0
0.0,1.0,1.0,0,63521.0,0
0.0,1.0,1.0,0,25553.0,0
0.0,1.0,1.0,0,9824.0,0
0.0,1.0,1.0,0,9850.0,0
0.0,1.0,1.0,0,35562.0,0
0.0,1.0,1.0,0,7190.0,0
0.0,1.0,1.0,0,23626.0,0
0.0,1.0,1.0,0,14974.0,0
0.0,1.0,1.0,0,2862.0,0
0.0,1.0,1.0,0,15374.0,0
0.0,1.0,1.0,0,5922.0,0
0.0,1.0,2.0,0,27.0,0
0.0,1.0,1.0,0,57015.0,0
0.0,1.0,1.0,0,23917.0,0
0.0,1.0,1.0,0,35476.0,0
0.0,1.0,1.0,0,24012.0,0
0.0,1.0,1.0,0,251834.0,0
0.0,1.0,1.0,0,47053.0,0
0.0,1.0,1.0,0,21846.0,0
0.0,1.0,1.0,0,22183.0,0
0.0,1.0,1.0,0,9415.0,0
0.0,1.0,1.0,0,1363.0,0
0.0,1.0,1.0,0,15638.0,0
0.0,1.0,1.0,0,57357.0,0
0.0,1.0,1.0,0,78601.0,0
0.0,1.0,1.0,0,22751.0,0
0.0,1.0,1.0,0,42513.0,0
0.0,1.0,1.0,0,0.0,0
0.0,1.0,1.0,0,77580.0,0
0.0,1.0,1.0,0,6307.0,0
0.0,1.0,1.0,0,25876.0,0
0.0,1.0,1.0,0,21188.0,0
0.0,1.0,1.0,0,9541.0,0
0.0,1.0,1.0,0,3725.0,0
0.0,1.0,1.0,0,59466.0,0
0.0,1.0,1.0,0,17323.0,0
0.0,1.0,1.0,0,22758.0,0
0.0,1.0,1.0,0,42627.0,0
0.0,1.0,1.0,0,1173.0,0
0.0,1.0,1.0,0,32286.0,0
1.0,1.0,1.0,0,56570.0,0
0.0,1.0,1.0,0,49379.0,0
0.0,1.0,1.0,0,109564.0,0
0.0,1.0,1.0,0,66104.0,0
0.0,1.0,1.0,0,16853.0,0
0.0,1.0,1.0,0,18152.0,0
0.0,1.0,1.0,0,7508.0,0
0.0,1.0,1.0,0,39870.0,0
0.0,1.0,1.0,0,14751.0,0
0.0,1.0,1.0,0,296430.0,0
0.0,1.0,1.0,0,52525.0,0
0.0,1.0,1.0,0,42548.0,0
1.0,1.0,1.0,0,4668.0,0
0.0,1.0,1.0,0,23866.0,0
0.0,1.0,1.0,0,20647.0,0
0.0,1.0,1.0,0,26137.0,0
0.0,1.0,1.0,0,77666.0,0
0.0,1.0,1.0,0,1741.0,0
0.0,1.0,1.0,0,22097.0,0
0.0,1.0,1.0,0,21851.0,0
0.0,1.0,1.0,0,48991.0,0
0.0,1.0,1.0,0,22948.0,0
0.0,1.0,1.0,0,42225.0,0
0.0,1.0,1.0,0,30476.0,0
0.0,1.0,1.0,0,2407.0,0
0.0,1.0,1.0,0,79118.0,0
0.0,1.0,1.0,0,15578.0,0
0.0,1.0,1.0,0,15061.0,0
0.0,1.0,1.0,0,88121.0,0
0.0,1.0,1.0,0,81121.0,0
0.0,1.0,1.0,0,22518.0,0
0.0,1.0,1.0,0,6601.0,0
0.0,1.0,1.0,0,37144.0,0
0.0,1.0,1.0,0,18894.0,0
0.0,1.0,1.0,0,37113.0,0
1.0,1.0,1.0,0,21385.0,0
0.0,1.0,1.0,0,5291.0,0
0.0,1.0,1.0,0,878.0,0
0.0,2.0,1.0,0,273.0,0
0.0,1.0,1.0,0,523.0,0
0.0,1.0,1.0,0,784.0,0
0.0,2.0,1.0,0,139.0,0
0.0,1.0,1.0,0,710.0,0
0.0,1.0,1.0,0,15102.0,0
0.0,1.0,1.0,0,23927.0,0
0.0,1.0,1.0,0,22640.0,0
1.0,1.0,1.0,0,9241.0,0
0.0,1.0,1.0,0,54748.0,0
0.0,1.0,1.0,0,18087.0,0
1.0,1.0,1.0,0,32348.0,0
0.0,1.0,1.0,0,392.0,1
0.0,1.0,1.0,0,48252.0,1
0.0,1.0,1.0,0,114857.0,1
0.0,1.0,1.0,0,57711.0,1
0.0,1.0,1.0,0,6714.0,1
0.0,1.0,1.0,0,21351.0,1
0.0,1.0,1.0,0,43539.0,1
0.0,1.0,1.0,0,11697.0,1
0.0,1.0,1.0,0,24867.0,1
0.0,1.0,1.0,0,25386.0,1
0.0,1.0,1.0,0,5692.0,1
0.0,1.0,1.0,0,44982.0,1
0.0,1.0,1.0,0,42543.0,1
0.0,1.0,1.0,0,43663.0,1
0.0,1.0,1.0,0,2439.0,1
1.0,1.0,1.0,0,0.0,0
0.0,1.0,1.0,0,77176.0,0
0.0,1.0,1.0,0,80661.0,0
0.0,1.0,1.0,0,15211.0,0
0.0,1.0,1.0,0,141701.0,0
0.0,1.0,1.0,0,25539.0,0
1.0,1.0,1.0,0,28876.0,0
0.0,1.0,1.0,0,27714.0,0
0.0,1.0,1.0,0,27711.0,0
0.0,1.0,1.0,0,9653.0,0
0.0,1.0,1.0,0,25710.0,0
0.0,1.0,1.0,0,67829.0,0
1.0,1.0,1.0,0,46279.0,0
0.0,1.0,1.0,0,20114.0,0
0.0,1.0,1.0,0,140365.0,0
0.0,1.0,1.0,0,57478.0,0
0.0,1.0,1.0,0,7462.0,0
0.0,1.0,1.0,0,129327.0,0
1.0,1.0,1.0,0,7709.0,0
1.0,1.0,1.0,0,66273.0,0
0.0,1.0,1.0,0,30586.0,0
0.0,1.0,1.0,0,364.0,0
0.0,1.0,1.0,0,22878.0,0
0.0,1.0,1.0,0,22774.0,0
0.0,1.0,1.0,0,2367.0,0
0.0,1.0,1.0,0,10902.0,0
0.0,1.0,1.0,0,152817.0,0
0.0,1.0,1.0,0,12711.0,0
0.0,1.0,1.0,0,1455.0,0
0.0,1.0,1.0,0,7385.0,0
0.0,1.0,1.0,0,34616.0,0
0.0,1.0,1.0,0,59375.0,0
0.0,1.0,1.0,0,8223.0,0
0.0,1.0,1.0,0,38848.0,0
0.0,1.0,1.0,0,77370.0,0
0.0,1.0,1.0,0,122918.0,0
0.0,1.0,1.0,0,33694.0,0
1.0,1.0,1.0,0,9403.0,0
0.0,1.0,1.0,0,37626.0,0
0.0,1.0,1.0,0,14766.0,0
0.0,1.0,1.0,0,42295.0,0
0.0,1.0,1.0,0,19912.0,0
0.0,1.0,1.0,0,2561.0,0
0.0,1.0,1.0,0,119674.0,0
0.0,1.0,1.0,0,144182.0,0
0.0,1.0,1.0,0,1408.0,0
0.0,1.0,1.0,0,29774.0,0
0.0,1.0,1.0,0,23305.0,0
1.0,1.0,1.0,0,61834.0,0
0.0,1.0,1.0,0,8710.0,0
0.0,1.0,1.0,0,57018.0,0
0.0,1.0,1.0,0,16048.0,0
0.0,1.0,1.0,0,1073.0,0
0.0,1.0,1.0,0,30844.0,0
1.0,1.0,1.0,0,5172.0,0
0.0,1.0,1.0,0,14137.0,0
0.0,1.0,1.0,0,57761.0,0
0.0,1.0,1.0,0,90552.0,0
0.0,1.0,1.0,0,20323.0,0
0.0,1.0,1.0,0,39379.0,0
0.0,1.0,1.0,0,0.0,0
0.0,1.0,1.0,0,5833.0,0
0.0,1.0,1.0,0,65999.0,0
0.0,1.0,1.0,0,97054.0,0
0.0,1.0,1.0,0,3378.0,0
0.0,1.0,1.0,0,22511.0,0
0.0,1.0,1.0,0,40634.0,0
0.0,1.0,1.0,0,8379.0,0
0.0,1.0,1.0,0,7724.0,0
0.0,1.0,1.0,0,2099.0,0
0.0,1.0,1.0,0,26661.0,0
1.0,1.0,1.0,0,121935.0,0
1.0,1.0,1.0,0,44960.0,0
0.0,1.0,1.0,0,12365.0,0
0.0,1.0,1.0,0,5217.0,0
0.0,1.0,1.0,0,9126.0,0
0.0,1.0,1.0,0,21242.0,0
0.0,1.0,1.0,0,3907.0,0
0.0,1.0,1.0,0,7715.0,0
0.0,1.0,1.0,0,47860.0,0
0.0,1.0,1.0,0,6582.0,0
0.0,1.0,1.0,0,10972.0,0
0.0,1.0,1.0,0,78758.0,0
0.0,1.0,1.0,0,17361.0,0
0.0,1.0,1.0,0,23597.0,0
0.0,1.0,1.0,0,53365.0,0
0.0,1.0,1.0,0,50075.0,0
0.0,1.0,1.0,0,64808.0,0
0.0,1.0,1.0,0,30989.0,0
0.0,1.0,1.0,0,17108.0,0
0.0,1.0,1.0,0,56947.0,0
0.0,1.0,1.0,0,11583.0,0
0.0,1.0,1.0,0,52831.0,0
0.0,1.0,1.0,0,5369.0,0
0.0,1.0,1.0,0,31645.0,0
0.0,1.0,1.0,0,6641.0,0
0.0,1.0,1.0,0,82308.0,0
0.0,2.0,1.0,0,164.0,0
0.0,1.0,1.0,0,36670.0,0
0.0,1.0,1.0,0,36493.0,0
0.0,1.0,1.0,0,41374.0,0
1.0,1.0,1.0,0,11284.0,0
0.0,1.0,1.0,0,72076.0,0
0.0,1.0,1.0,0,37426.0,0
0.0,1.0,1.0,0,78363.0,0
1.0,1.0,1.0,0,71965.0,0
0.0,1.0,1.0,0,10362.0,0
0.0,1.0,1.0,0,87268.0,0
0.0,1.0,1.0,0,17905.0,0
0.0,1.0,1.0,0,132577.0,0
0.0,1.0,1.0,0,63816.0,0
0.0,1.0,1.0,0,644.0,0
0.0,1.0,1.0,0,6259.0,0
0.0,1.0,1.0,0,28899.0,0
0.0,1.0,1.0,0,40344.0,0
0.0,1.0,1.0,0,42418.0,0
0.0,1.0,1.0,0,37209.0,0
0.0,1.0,1.0,0,12568.0,0
0.0,1.0,1.0,0,18172.0,0
0.0,1.0,1.0,0,15689.0,0
0.0,1.0,1.0,0,10408.0,0
0.0,1.0,1.0,0,55434.0,0
0.0,1.0,1.0,0,45509.0,0
1.0,1.0,1.0,0,5694.0,0
0.0,1.0,1.0,0,39554.0,0
0.0,1.0,1.0,0,55291.0,0
0.0,1.0,1.0,0,29324.0,0
0.0,1.0,1.0,0,8632.0,0
0.0,1.0,1.0,0,29542.0,0
0.0,1.0,1.0,0,77484.0,1
0.0,1.0,1.0,0,114222.0,1
0.0,1.0,1.0,0,42455.0,1
1.0,1.0,1.0,0,0.0,0
0.0,1.0,1.0,0,15006.0,0
0.0,1.0,1.0,0,26226.0,0
0.0,1.0,1.0,0,34396.0,0
0.0,1.0,1.0,0,6825.0,0
0.0,1.0,1.0,0,31923.0,0
0.0,1.0,1.0,0,75038.0,0
0.0,1.0,1.0,0,993.0,0
0.0,1.0,1.0,0,5665.0,0
0.0,1.0,1.0,0,14829.0,0
0.0,1.0,1.0,0,50179.0,0
0.0,1.0,1.0,0,88395.0,0
0.0,1.0,1.0,0,147305.0,0
0.0,1.0,1.0,0,63942.0,0
0.0,1.0,1.0,0,50935.0,0
0.0,1.0,1.0,0,2434.0,0
0.0,1.0,1.0,0,6277.0,0
0.0,1.0,1.0,0,81621.0,0
0.0,1.0,1.0,0,39818.0,0
0.0,1.0,1.0,0,11709.0,0
0.0,1.0,1.0,0,25637.0,0
0.0,1.0,1.0,0,17889.0,0
0.0,1.0,1.0,0,114458.0,0
0.0,1.0,1.0,0,11422.0,0
0.0,1.0,1.0,0,19260.0,0
0.0,1.0,1.0,0,18495.0,0
0.0,1.0,1.0,0,1159.0,0
0.0,1.0,1.0,0,57135.0,0
0.0,1.0,1.0,0,70397.0,0
0.0,1.0,1.0,0,54046.0,0
0.0,1.0,1.0,0,10173.0,0
0.0,1.0,1.0,0,17669.0,0
0.0,1.0,1.0,0,11656.0,0
0.0,1.0,1.0,0,133962.0,0
0.0,1.0,1.0,0,24257.0,0
0.0,1.0,1.0,0,19616.0,0
0.0,1.0,1.0,0,34016.0,0
1.0,1.0,1.0,0,1181.0,0
0.0,1.0,1.0,0,339.0,0
0.0,1.0,1.0,0,42454.0,0
1.0,1.0,1.0,0,58366.0,0
0.0,1.0,1.0,0,18874.0,0
0.0,1.0,1.0,0,4347.0,0
0.0,1.0,1.0,0,16273.0,0
0.0,1.0,1.0,0,19808.0,0
0.0,1.0,1.0,0,39490.0,0
0.0,1.0,1.0,0,43401.0,0
0.0,1.0,1.0,0,23500.0,0
0.0,1.0,1.0,0,8825.0,0
0.0,1.0,1.0,0,14983.0,0
0.0,1.0,1.0,0,26286.0,0
0.0,1.0,1.0,0,27574.0,0
0.0,1.0,1.0,0,2021.0,0
0.0,1.0,1.0,0,51797.0,0
0.0,1.0,1.0,0,18965.0,0
0.0,1.0,1.0,0,168248.0,0
0.0,1.0,1.0,0,28070.0,0
0.0,1.0,1.0,0,9071.0,0
0.0,1.0,1.0,0,85861.0,0
0.0,1.0,1.0,0,25054.0,0
0.0,1.0,1.0,0,26531.0,0
0.0,1.0,1.0,0,33676.0,0
0.0,1.0,1.0,0,15304.0,0
1.0,1.0,1.0,0,24917.0,0
0.0,1.0,1.0,0,14969.0,0
0.0,1.0,1.0,0,30231.0,0
1.0,1.0,1.0,0,248358.0,0
0.0,1.0,1.0,0,6757.0,0
0.0,1.0,1.0,0,13471.0,0
0.0,1.0,1.0,0,23056.0,0
0.0,1.0,1.0,0,0.0,0
0.0,1.0,1.0,0,20489.0,0
0.0,1.0,1.0,0,38651.0,0
0.0,1.0,1.0,0,31500.0,0
0.0,1.0,1.0,0,45550.0,0
0.0,1.0,1.0,0,1820.0,0
0.0,1.0,1.0,0,41325.0,0
1.0,1.0,1.0,0,24519.0,0
0.0,1.0,1.0,0,4116.0,0
1.0,1.0,1.0,0,9431.0,0
1.0,1.0,1.0,0,16629.0,0
1.0,1.0,1.0,0,29260.0,0
0.0,1.0,1.0,0,28202.0,0
0.0,1.0,1.0,0,72061.0,0
0.0,1.0,1.0,0,6033.0,0
0.0,1.0,1.0,0,10772.0,0
0.0,1.0,1.0,0,6212.0,0
0.0,1.0,1.0,0,102978.0,0
0.0,1.0,1.0,0,2199.0,0
0.0,1.0,1.0,0,545.0,0
0.0,1.0,1.0,0,39156.0,0
1.0,1.0,1.0,0,918.0,0
0.0,1.0,1.0,0,18943.0,0
0.0,1.0,1.0,0,11575.0,0
0.0,1.0,1.0,0,2463.0,0
0.0,1.0,1.0,0,118958.0,0
0.0,1.0,1.0,0,48322.0,0
0.0,1.0,1.0,0,135527.0,0
0.0,1.0,1.0,0,4785.0,0
0.0,1.0,1.0,0,4455.0,0
0.0,1.0,1.0,0,2294.0,0
0.0,1.0,1.0,0,3826.0,0
0.0,1.0,1.0,0,3334.0,0
0.0,1.0,1.0,0,85633.0,0
0.0,1.0,1.0,0,4515.0,0
0.0,1.0,1.0,0,75374.0,0
0.0,1.0,1.0,0,22771.0,0
0.0,1.0,1.0,0,61937.0,0
0.0,1.0,1.0,0,8542.0,0
0.0,1.0,1.0,0,84451.0,0
0.0,1.0,1.0,0,25416.0,0
0.0,1.0,1.0,0,22730.0,0
0.0,1.0,1.0,0,3446.0,0
0.0,2.0,2.0,0,59.0,0
0.0,1.0,1.0,0,6613.0,0
1.0,1.0,1.0,0,6138.0,0
1.0,1.0,1.0,0,13380.0,0
0.0,1.0,1.0,0,5446.0,0
0.0,1.0,1.0,0,41892.0,0
0.0,1.0,1.0,0,104190.0,0
0.0,1.0,1.0,0,7112.0,0
0.0,1.0,1.0,0,10921.0,0
0.0,1.0,1.0,0,32187.0,0
0.0,1.0,1.0,0,13413.0,1
0.0,1.0,1.0,0,1562.0,1
1.0,1.0,1.0,0,20486.0,1
0.0,1.0,1.0,0,128151.0,1
0.0,1.0,1.0,0,46917.0,1
0.0,1.0,1.0,0,106397.0,1
0.0,1.0,1.0,0,42778.0,1
0.0,1.0,1.0,0,24192.0,1
1.0,1.0,1.0,0,16640.0,1
0.0,1.0,1.0,0,29985.0,1
0.0,1.0,1.0,0,77750.0,1
0.0,1.0,1.0,0,10898.0,1
0.0,1.0,1.0,0,54537.0,1
0.0,1.0,1.0,0,13135.0,1
0.0,1.0,1.0,0,9745.0,1
0.0,1.0,1.0,0,25923.0,1
0.0,1.0,1.0,0,3455.0,1
1.0,1.0,1.0,0,28158.0,1
0.0,1.0,1.0,0,20848.0,1
0.0,1.0,1.0,0,8844.0,1
0.0,1.0,1.0,0,40063.0,1
0.0,1.0,1.0,0,24425.0,1
0.0,1.0,1.0,0,6192.0,1
0.0,1.0,1.0,0,11093.0,1
0.0,1.0,1.0,0,19839.0,1
0.0,1.0,1.0,0,66561.0,1
0.0,1.0,1.0,0,26322.0,1
0.0,1.0,1.0,0,37644.0,1
1.0,1.0,1.0,0,34640.0,1
0.0,1.0,1.0,0,2632.0,1
0.0,1.0,1.0,0,0.0,0
0.0,1.0,1.0,0,79799.0,0
0.0,1.0,1.0,0,57993.0,0
0.0,1.0,1.0,0,19224.0,0
0.0,1.0,1.0,0,589.0,0
0.0,1.0,1.0,0,362.0,0
0.0,1.0,1.0,0,475.0,0
0.0,2.0,1.0,0,118.0,0
0.0,1.0,1.0,0,658.0,0
0.0,1.0,1.0,0,374.0,0
0.0,1.0,1.0,0,846.0,0
0.0,1.0,1.0,0,658.0,0
0.0,2.0,1.0,0,214.0,0
0.0,1.0,1.0,0,37011.0,0
0.0,1.0,1.0,0,34371.0,0
0.0,1.0,1.0,0,9087.0,0
0.0,1.0,1.0,0,1980.0,0
0.0,1.0,1.0,0,5137.0,0
0.0,1.0,1.0,0,8261.0,0
0.0,1.0,1.0,0,159911.0,0
0.0,1.0,1.0,0,114839.0,0
1.0,1.0,1.0,0,66439.0,0
0.0,1.0,1.0,0,12936.0,0
0.0,1.0,1.0,0,54336.0,0
0.0,1.0,1.0,0,31393.0,0
0.0,1.0,1.0,0,44112.0,0
0.0,1.0,1.0,0,50814.0,0
0.0,1.0,1.0,0,3634.0,0
0.0,1.0,1.0,0,110056.0,0
0.0,1.0,1.0,0,45385.0,0
0.0,1.0,1.0,0,76661.0,0
1.0,1.0,1.0,0,15556.0,0
0.0,1.0,1.0,0,29000.0,0
0.0,1.0,1.0,0,68135.0,0
0.0,1.0,1.0,0,210.0,0
0.0,1.0,1.0,0,58898.0,0
0.0,1.0,1.0,0,12078.0,0
0.0,1.0,1.0,0,2260.0,0
0.0,1.0,1.0,0,33715.0,0
0.0,1.0,1.0,0,6178.0,0
0.0,1.0,1.0,0,13401.0,0
0.0,1.0,1.0,0,33474.0,0
0.0,1.0,1.0,0,29803.0,0
0.0,1.0,1.0,0,52282.0,0
0.0,1.0,1.0,0,3544.0,0
0.0,1.0,1.0,0,35446.0,0
1.0,1.0,1.0,0,1832.0,0
0.0,1.0,1.0,0,19956.0,0
0.0,1.0,1.0,0,15610.0,0
0.0,1.0,1.0,0,16003.0,0
0.0,1.0,1.0,0,10336.0,0
1.0,1.0,1.0,0,3223.0,0
0.0,1.0,1.0,0,9762.0,0
0.0,1.0,1.0,0,41342.0,0
0.0,1.0,1.0,0,59859.0,0
0.0,1.0,1.0,0,17535.0,0
0.0,1.0,1.0,0,29060.0,0
0.0,1.0,1.0,0,46416.0,0
0.0,1.0,1.0,0,34437.0,0
0.0,1.0,1.0,0,130589.0,0
0.0,1.0,1.0,0,28049.0,0
0.0,1.0,1.0,0,44759.0,0
0.0,1.0,1.0,0,8129.0,0
0.0,1.0,1.0,0,103114.0,0
0.0,1.0,1.0,0,106995.0,0
0.0,1.0,1.0,0,6535.0,0
0.0,1.0,1.0,0,19151.0,0
0.0,1.0,1.0,0,44926.0,0
0.0,1.0,1.0,0,14143.0,0
0.0,1.0,1.0,0,259.0,0
0.0,1.0,1.0,0,392.0,0
0.0,1.0,1.0,0,231.0,0
0.0,1.0,1.0,0,867.0,0
0.0,1.0,1.0,0,742.0,0
0.0,2.0,1.0,0,171.0,0
0.0,2.0,1.0,0,271.0,0
0.0,1.0,1.0,0,503.0,0
0.0,2.0,1.0,0,281.0,0
0.0,1.0,1.0,0,364.0,0
0.0,1.0,1.0,0,405.0,0
0.0,1.0,1.0,0,459.0,0
0.0,1.0,1.0,0,184.0,0
0.0,1.0,1.0,0,38018.0,0
0.0,1.0,1.0,0,107949.0,0
0.0,1.0,1.0,0,45458.0,0
0.0,1.0,1.0,0,18718.0,0
0.0,1.0,1.0,0,23395.0,0
0.0,1.0,1.0,0,3850.0,0
0.0,1.0,1.0,0,51608.0,0
0.0,1.0,1.0,0,29384.0,0
0.0,1.0,1.0,0,0.0,0
0.0,1.0,1.0,0,1182.0,0
1.0,1.0,1.0,0,10236.0,0
0.0,1.0,1.0,0,4845.0,0
0.0,1.0,1.0,0,91540.0,0
0.0,1.0,1.0,0,3916.0,0
0.0,1.0,1.0,0,83596.0,0
0.0,1.0,1.0,0,5339.0,0
1.0,1.0,1.0,0,17635.0,0
0.0,1.0,1.0,0,20704.0,0
0.0,1.0,1.0,0,42493.0,0
0.0,1.0,1.0,0,6619.0,0
0.0,1.0,1.0,0,9711.0,0
0.0,1.0,1.0,0,29323.0,0
0.0,1.0,1.0,0,9357.0,0
0.0,1.0,1.0,0,17952.0,0
0.0,1.0,1.0,0,2864.0,0
0.0,1.0,1.0,0,46003.0,0
0.0,1.0,1.0,0,37211.0,0
1.0,1.0,1.0,0,17778.0,0
1.0,1.0,1.0,0,6598.0,0
0.0,1.0,1.0,0,4815.0,0
0.0,1.0,1.0,0,94939.0,0
0.0,1.0,1.0,0,2957.0,0
0.0,1.0,1.0,0,22809.0,0
0.0,1.0,1.0,0,40839.0,0
0.0,1.0,1.0,0,11433.0,0
0.0,1.0,1.0,0,959.0,0
0.0,1.0,1.0,0,58144.0,0
0.0,1.0,1.0,0,14536.0,0
0.0,1.0,1.0,0,45156.0,0
1.0,1.0,1.0,0,11762.0,0
0.0,1.0,1.0,0,13442.0,0
0.0,1.0,1.0,0,27162.0,0
0.0,1.0,1.0,0,124437.0,0
0.0,1.0,1.0,0,37758.0,0
0.0,1.0,1.0,0,33652.0,0
0.0,1.0,1.0,0,19129.0,0
0.0,1.0,1.0,0,79335.0,0
0.0,1.0,1.0,0,15116.0,0
0.0,1.0,1.0,0,18237.0,0
0.0,1.0,1.0,0,28645.0,0
0.0,1.0,1.0,0,67808.0,0
1.0,1.0,1.0,0,120285.0,0
0.0,1.0,1.0,0,15207.0,0
1.0,1.0,1.0,0,68173.0,0
1.0,1.0,1.0,0,34405.0,0
1.0,1.0,1.0,0,85886.0,0
1.0,1.0,1.0,0,743.0,0
0.0,1.0,1.0,0,36097.0,0
0.0,1.0,1.0,0,36902.0,0
1.0,1.0,1.0,0,37791.0,0
0.0,1.0,1.0,0,24273.0,0
0.0,1.0,1.0,0,1168.0,0
0.0,1.0,1.0,0,1227.0,0
0.0,1.0,1.0,0,31084.0,0
0.0,1.0,1.0,0,49777.0,0
0.0,1.0,1.0,0,3829.0,0
0.0,1.0,1.0,0,1723.0,0
0.0,1.0,1.0,0,37128.0,0
0.0,1.0,1.0,0,19000.0,0
0.0,1.0,1.0,0,133786.0,0
0.0,1.0,1.0,0,4070.0,0
0.0,1.0,1.0,0,2396.0,0
1.0,1.0,1.0,0,51552.0,0
0.0,1.0,1.0,0,72250.0,0
0.0,1.0,1.0,0,2186.0,0
0.0,1.0,1.0,0,76940.0,0
0.0,1.0,1.0,0,77320.0,0
0.0,1.0,1.0,0,34913.0,0
0.0,1.0,1.0,0,24957.0,0
0.0,1.0,1.0,0,97344.0,0
0.0,1.0,1.0,0,0.0,0
0.0,1.0,1.0,0,357.0,0
0.0,1.0,1.0,0,57674.0,0
1.0,1.0,1.0,0,27552.0,0
0.0,1.0,1.0,0,9750.0,0
0.0,1.0,1.0,0,1554.0,0
0.0,1.0,1.0,0,2428.0,0
0.0,1.0,1.0,0,4292.0,0
0.0,1.0,1.0,0,3750.0,0
0.0,1.0,1.0,0,45656.0,0
1.0,1.0,1.0,0,14423.0,0
1.0,1.0,1.0,0,9614.0,0
0.0,1.0,1.0,0,7083.0,0
1.0,1.0,1.0,0,58645.0,0
0.0,1.0,1.0,0,38390.0,0
0.0,1.0,1.0,0,17475.0,0
0.0,1.0,1.0,0,36726.0,0
0.0,1.0,1.0,0,10956.0,0
0.0,1.0,1.0,0,92069.0,0
0.0,1.0,1.0,0,385.0,0
1.0,1.0,1.0,0,10346.0,0
0.0,1.0,1.0,0,16027.0,0
0.0,1.0,1.0,0,19686.0,0
0.0,1.0,1.0,0,25967.0,0
0.0,1.0,1.0,0,4866.0,0
0.0,1.0,1.0,0,10810.0,0
0.0,1.0,1.0,0,92618.0,0
0.0,1.0,1.0,0,15520.0,0
0.0,1.0,1.0,0,43602.0,0
0.0,1.0,1.0,0,22909.0,0
0.0,1.0,1.0,0,43414.0,0
0.0,1.0,1.0,0,53901.0,0
0.0,1.0,1.0,0,7023.0,0
0.0,1.0,1.0,0,17224.0,0
0.0,1.0,1.0,0,21213.0,0
0.0,1.0,1.0,0,10230.0,0
0.0,1.0,1.0,0,51497.0,0
0.0,1.0,1.0,0,10088.0,0
0.0,1.0,1.0,0,12034.0,0
1.0,1.0,1.0,0,48244.0,0
0.0,1.0,1.0,0,24896.0,0
0.0,1.0,1.0,0,81150.0,0
0.0,1.0,1.0,0,41913.0,0
0.0,1.0,1.0,0,15668.0,0
0.0,1.0,1.0,0,71136.0,0
1.0,1.0,1.0,0,18919.0,0
0.0,1.0,1.0,0,9632.0,0
1.0,1.0,1.0,0,20515.0,0
0.0,1.0,1.0,0,42276.0,0
0.0,1.0,1.0,0,9368.0,0
0.0,1.0,1.0,0,10321.0,0
0.0,1.0,1.0,0,74137.0,0
0.0,1.0,1.0,0,3860.0,0
0.0,1.0,1.0,0,19862.0,0
0.0,1.0,1.0,0,53091.0,0
0.0,1.0,1.0,0,14895.0,0
0.0,1.0,1.0,0,633.0,0
0.0,1.0,1.0,0,39856.0,0
0.0,1.0,1.0,0,7302.0,0
1.0,1.0,1.0,0,6771.0,0
0.0,1.0,1.0,0,25948.0,0
0.0,1.0,1.0,0,119158.0,0
1.0,1.0,1.0,0,7064.0,0
0.0,1.0,1.0,0,7568.0,0
0.0,1.0,1.0,0,71837.0,0
1.0,1.0,1.0,0,13355.0,0
0.0,1.0,1.0,0,26908.0,0
0.0,1.0,1.0,0,658.0,0
0.0,1.0,1.0,0,3266.0,0
0.0,1.0,1.0,0,9234.0,0
0.0,1.0,1.0,0,689.0,0
0.0,1.0,1.0,0,161607.0,0
0.0,1.0,1.0,0,10373.0,0
0.0,1.0,1.0,0,74464.0,0
0.0,1.0,1.0,0,53716.0,0
0.0,1.0,1.0,0,36023.0,0
1.0,1.0,1.0,0,40359.0,0
0.0,1.0,1.0,0,84110.0,0
0.0,1.0,1.0,0,40417.0,0
0.0,1.0,1.0,0,134546.0,0
0.0,1.0,1.0,0,31936.0,0
0.0,1.0,1.0,0,32931.0,0
0.0,1.0,1.0,0,17726.0,0
1.0,1.0,1.0,0,0.0,0
0.0,1.0,1.0,0,113529.0,0
0.0,1.0,1.0,0,17319.0,0
0.0,1.0,1.0,0,19094.0,0
0.0,1.0,1.0,0,42367.0,0
0.0,1.0,1.0,0,95823.0,0
0.0,1.0,1.0,0,96275.0,0
1.0,1.0,1.0,0,36807.0,0
0.0,1.0,1.0,0,46059.0,0
0.0,1.0,1.0,0,10824.0,0
0.0,1.0,1.0,0,76903.0,0
0.0,1.0,1.0,0,2722.0,0
0.0,1.0,1.0,0,32232.0,0
0.0,1.0,1.0,0,25491.0,0
0.0,1.0,1.0,0,147915.0,0
0.0,1.0,1.0,0,25759.0,0
0.0,1.0,1.0,0,42605.0,0
0.0,1.0,1.0,0,49552.0,0
0.0,1.0,1.0,0,10405.0,0
0.0,1.0,1.0,0,22420.0,0
0.0,1.0,1.0,0,49618.0,0
0.0,1.0,1.0,0,73012.0,0
0.0,1.0,1.0,0,30924.0,0
0.0,1.0,1.0,0,5090.0,0
0.0,1.0,1.0,0,4096.0,0
0.0,1.0,1.0,0,15968.0,0
1.0,1.0,1.0,0,3519.0,0
0.0,1.0,1.0,0,96305.0,0
0.0,1.0,1.0,0,53586.0,0
0.0,1.0,1.0,0,15368.0,0
0.0,1.0,1.0,0,31984.0,0
0.0,1.0,1.0,0,4604.0,0
0.0,1.0,1.0,0,36240.0,0
0.0,1.0,1.0,0,10320.0,0
0.0,2.0,1.0,0,130.0,0
1.0,1.0,1.0,0,93833.0,0
0.0,1.0,1.0,0,2086.0,0
0.0,1.0,1.0,0,4281.0,0
0.0,1.0,1.0,0,19453.0,0
0.0,1.0,1.0,0,1944.0,0
0.0,1.0,1.0,0,27275.0,0
0.0,1.0,1.0,0,41921.0,0
0.0,1.0,1.0,0,16646.0,0
0.0,1.0,1.0,0,573.0,0
0.0,1.0,1.0,0,28688.0,0
0.0,1.0,1.0,0,54485.0,0
1.0,1.0,1.0,0,33843.0,0
0.0,1.0,1.0,0,36324.0,0
0.0,1.0,1.0,0,3309.0,0
0.0,1.0,1.0,0,24664.0,0
0.0,1.0,1.0,0,15101.0,0
0.0,1.0,1.0,0,18845.0,0
0.0,1.0,1.0,0,382.0,0
0.0,1.0,1.0,0,6366.0,0
0.0,1.0,1.0,0,30010.0,0
0.0,2.0,2.0,0,29.0,0
0.0,1.0,1.0,0,46284.0,0
0.0,1.0,1.0,0,10315.0,0
0.0,1.0,1.0,0,57947.0,0
0.0,1.0,1.0,0,100172.0,0
0.0,1.0,1.0,0,11247.0,0
0.0,1.0,1.0,0,41344.0,0
0.0,1.0,1.0,0,45376.0,0
0.0,1.0,1.0,0,11772.0,0
0.0,1.0,1.0,0,5087.0,0
1.0,1.0,1.0,0,21076.0,0
0.0,1.0,1.0,0,15394.0,0
0.0,1.0,1.0,0,20231.0,0
0.0,1.0,1.0,0,22903.0,0
1.0,1.0,1.0,0,18220.0,0
0.0,1.0,1.0,0,35184.0,0
1.0,1.0,1.0,0,13730.0,0
0.0,1.0,1.0,0,1080.0,1
0.0,1.0,1.0,0,12816.0,1
1.0,1.0,1.0,0,73038.0,1
0.0,1.0,1.0,0,74377.0,1
0.0,1.0,1.0,0,18112.0,1
0.0,1.0,1.0,0,83037.0,1
0.0,1.0,1.0,0,0.0,0
0.0,1.0,1.0,0,20768.0,0
0.0,1.0,1.0,0,33215.0,0
0.0,1.0,1.0,0,69555.0,0
0.0,1.0,1.0,0,91787.0,0
0.0,1.0,1.0,0,372.0,0
0.0,1.0,1.0,0,38716.0,0
0.0,1.0,1.0,0,31512.0,0
0.0,1.0,1.0,0,874.0,0
0.0,1.0,1.0,0,45906.0,0
0.0,1.0,1.0,0,22984.0,0
0.0,1.0,1.0,0,7041.0,0
0.0,1.0,1.0,0,10698.0,0
0.0,1.0,1.0,0,5541.0,0
0.0,1.0,1.0,0,2456.0,0
0.0,1.0,1.0,0,49185.0,0
0.0,1.0,1.0,0,15582.0,0
0.0,1.0,1.0,0,146203.0,0
0.0,1.0,1.0,0,32033.0,0
0.0,1.0,1.0,0,44076.0,0
0.0,1.0,1.0,0,13897.0,0
0.0,1.0,1.0,0,17083.0,0
0.0,1.0,1.0,0,17157.0,0
0.0,1.0,1.0,0,5028.0,0
0.0,1.0,1.0,0,4742.0,0
0.0,1.0,1.0,0,28672.0,0
0.0,1.0,1.0,0,20881.0,0
0.0,1.0,1.0,0,46985.0,0
0.0,1.0,1.0,0,4130.0,0
0.0,1.0,1.0,0,81271.0,0
0.0,1.0,1.0,0,22282.0,0
0.0,1.0,1.0,0,24600.0,0
0.0,1.0,1.0,0,3492.0,0
0.0,1.0,1.0,0,7527.0,0
0.0,1.0,1.0,0,65112.0,0
0.0,1.0,1.0,0,18895.0,0
0.0,1.0,1.0,0,12229.0,0
0.0,1.0,1.0,0,37768.0,0
1.0,1.0,1.0,0,12281.0,0
1.0,1.0,1.0,0,93547.0,0
0.0,1.0,1.0,0,16204.0,0
0.0,1.0,1.0,0,40973.0,0
0.0,1.0,1.0,0,1072.0,0
0.0,1.0,1.0,0,309.0,0
0.0,1.0,1.0,0,42738.0,0
0.0,1.0,1.0,0,11983.0,0
0.0,1.0,1.0,0,19943.0,0
1.0,1.0,1.0,0,13547.0,0
0.0,1.0,1.0,0,33983.0,0
0.0,1.0,1.0,0,42319.0,0
0.0,1.0,1.0,0,37324.0,0
0.0,1.0,1.0,0,31490.0,0
0.0,1.0,1.0,0,3807.0,0
1.0,1.0,1.0,0,16899.0,0
0.0,1.0,1.0,0,1741.0,0
0.0,1.0,1.0,0,31062.0,0
0.0,1.0,1.0,0,25789.0,0
1.0,1.0,1.0,0,67423.0,0
0.0,1.0,1.0,0,62384.0,0
0.0,1.0,1.0,0,71052.0,1
0.0,1.0,1.0,0,17765.0,1
0.0,1.0,1.0,0,1102.0,1
0.0,1.0,1.0,0,17080.0,1
0.0,1.0,1.0,0,12289.0,1
0.0,1.0,1.0,0,42120.0,1
0.0,1.0,1.0,0,51363.0,1
0.0,1.0,1.0,0,42987.0,1
0.0,1.0,1.0,0,27157.0,1
0.0,1.0,1.0,0,3243.0,1
0.0,1.0,1.0,0,18285.0,1
0.0,1.0,1.0,0,3207.0,1
0.0,1.0,1.0,0,60668.0,1
0.0,1.0,1.0,0,28516.0,1
0.0,1.0,1.0,0,13894.0,1
0.0,1.0,1.0,0,29285.0,1
0.0,1.0,1.0,0,9189.0,1
0.0,1.0,1.0,0,30430.0,1
0.0,1.0,1.0,0,2369.0,1
0.0,1.0,1.0,0,42694.0,1
0.0,1.0,1.0,0,21891.0,1
0.0,1.0,1.0,0,13984.0,1
0.0,2.0,1.0,0,144.0,1
1.0,1.0,1.0,0,15541.0,1
0.0,1.0,1.0,0,59160.0,1
0.0,1.0,1.0,0,34321.0,1
0.0,1.0,1.0,0,77399.0,1
0.0,1.0,1.0,0,54154.0,1
0.0,1.0,1.0,0,2786.0,1
0.0,1.0,1.0,0,14876.0,1
0.0,1.0,1.0,0,23644.0,1
0.0,1.0,1.0,0,0.0,0
0.0,1.0,1.0,0,9034.0,0
0.0,1.0,1.0,0,19989.0,0
0.0,1.0,1.0,0,37800.0,0
0.0,1.0,1.0,0,1715.0,0
0.0,1.0,1.0,0,91942.0,0
0.0,1.0,1.0,0,2338.0,0
0.0,1.0,1.0,0,60110.0,0
0.0,1.0,1.0,0,56717.0,0
0.0,1.0,1.0,0,25356.0,0
0.0,1.0,1.0,0,8734.0,0
1.0,1.0,1.0,0,75042.0,0
0.0,1.0,1.0,0,29810.0,0
0.0,1.0,1.0,0,25283.0,0
1.0,1.0,1.0,0,23117.0,0
0.0,1.0,1.0,0,12926.0,0
0.0,1.0,1.0,0,20387.0,0
0.0,1.0,1.0,0,40228.0,0
0.0,1.0,1.0,0,16472.0,0
0.0,1.0,1.0,0,117882.0,0
0.0,1.0,1.0,0,50994.0,0
0.0,1.0,1.0,0,3701.0,0
0.0,1.0,1.0,0,80825.0,0
1.0,1.0,1.0,0,59441.0,0
0.0,1.0,1.0,0,7813.0,0
0.0,1.0,1.0,0,7485.0,0
0.0,1.0,1.0,0,29821.0,0
0.0,1.0,1.0,0,980.0,0
0.0,1.0,1.0,0,7598.0,0
0.0,1.0,1.0,0,19699.0,0
0.0,1.0,1.0,0,19687.0,0
1.0,1.0,1.0,0,3901.0,0
1.0,1.0,1.0,0,58858.0,0
0.0,1.0,1.0,0,27984.0,0
0.0,1.0,1.0,0,74206.0,0
0.0,1.0,1.0,0,8932.0,0
0.0,1.0,1.0,0,10696.0,0
0.0,1.0,1.0,0,11535.0,0
0.0,1.0,1.0,0,47413.0,0
0.0,1.0,1.0,0,11057.0,0
0.0,1.0,1.0,0,38523.0,0
0.0,1.0,1.0,0,741.0,0
0.0,1.0,1.0,0,12384.0,0
1.0,1.0,1.0,0,5385.0,0
0.0,1.0,1.0,0,22825.0,0
0.0,1.0,1.0,0,8609.0,0
0.0,1.0,1.0,0,29148.0,0
0.0,1.0,1.0,0,1104.0,0
0.0,1.0,1.0,0,14598.0,0
0.0,1.0,1.0,0,25528.0,0
0.0,1.0,1.0,0,6716.0,0
0.0,1.0,1.0,0,44580.0,0
0.0,1.0,1.0,0,2144.0,0
0.0,1.0,1.0,0,47659.0,0
0.0,1.0,1.0,0,2163.0,0
0.0,1.0,1.0,0,15716.0,0
0.0,1.0,1.0,0,7836.0,0
0.0,1.0,1.0,0,70280.0,0
0.0,1.0,1.0,0,12090.0,0
0.0,1.0,1.0,0,20656.0,0
0.0,1.0,1.0,0,13025.0,0
1.0,1.0,1.0,0,13153.0,0
0.0,1.0,1.0,0,2276.0,0
1.0,1.0,1.0,0,90254.0,0
0.0,1.0,1.0,0,43969.0,0
0.0,1.0,1.0,0,55251.0,0
0.0,1.0,1.0,0,41782.0,0
0.0,1.0,1.0,0,14229.0,0
0.0,1.0,1.0,0,9215.0,0
0.0,1.0,1.0,0,42721.0,0
0.0,1.0,1.0,0,65694.0,0
0.0,1.0,1.0,0,2081.0,1
1.0,1.0,1.0,0,4104.0,1
1.0,1.0,1.0,0,131330.0,1
0.0,1.0,1.0,0,15804.0,1
0.0,1.0,1.0,0,96416.0,1
1.0,1.0,1.0,0,16856.0,1
0.0,1.0,1.0,0,40911.0,1
0.0,1.0,1.0,0,43101.0,1
0.0,1.0,1.0,0,13489.0,1
1.0,1.0,1.0,0,15491.0,1
0.0,1.0,1.0,0,42811.0,1
0.0,1.0,1.0,0,51151.0,1
0.0,1.0,1.0,0,54560.0,1
1.0,1.0,1.0,0,13804.0,1
0.0,1.0,1.0,0,14765.0,1
0.0,1.0,1.0,0,0.0,0
0.0,1.0,1.0,0,22618.0,0
0.0,1.0,1.0,0,1683.0,0
1.0,1.0,1.0,0,847.0,0
0.0,1.0,1.0,0,24871.0,0
0.0,1.0,1.0,0,14689.0,0
0.0,1.0,1.0,0,1040.0,0
0.0,1.0,1.0,0,25032.0,0
0.0,1.0,1.0,0,34953.0,0
0.0,1.0,1.0,0,2921.0,0
0.0,1.0,1.0,0,39643.0,0
0.0,1.0,1.0,0,183694.0,0
1.0,1.0,1.0,0,37461.0,0
0.0,1.0,1.0,0,42310.0,0
0.0,1.0,1.0,0,36927.0,0
0.0,1.0,1.0,0,32970.0,0
0.0,1.0,1.0,0,67238.0,0
0.0,1.0,1.0,0,19844.0,0
0.0,1.0,1.0,0,41851.0,0
0.0,1.0,1.0,0,14293.0,0
0.0,1.0,1.0,0,14762.0,0
0.0,1.0,1.0,0,42399.0,0
0.0,1.0,1.0,0,114586.0,0
0.0,1.0,1.0,0,902.0,0
0.0,1.0,1.0,0,79055.0,0
0.0,1.0,1.0,0,32346.0,0
0.0,1.0,1.0,0,34416.0,0
0.0,1.0,1.0,0,18345.0,0
0.0,1.0,1.0,0,1160.0,0
0.0,1.0,1.0,0,12259.0,0
0.0,1.0,1.0,0,18161.0,0
1.0,1.0,1.0,0,29635.0,0
0.0,1.0,1.0,0,87628.0,0
0.0,1.0,1.0,0,111546.0,0
1.0,1.0,1.0,0,37950.0,0
0.0,1.0,1.0,0,3789.0,0
0.0,1.0,1.0,0,16484.0,0
0.0,1.0,1.0,0,5407.0,0
0.0,1.0,1.0,0,14803.0,0
0.0,1.0,1.0,0,11822.0,0
0.0,1.0,1.0,0,49093.0,0
0.0,1.0,1.0,0,13061.0,0
0.0,1.0,1.0,0,32357.0,0
1.0,1.0,1.0,0,10878.0,0
0.0,1.0,1.0,0,9868.0,0
0.0,1.0,1.0,0,76468.0,0
0.0,1.0,1.0,0,8458.0,0
0.0,1.0,1.0,0,27500.0,0
0.0,1.0,1.0,0,35405.0,0
0.0,1.0,1.0,0,33696.0,0
0.0,1.0,1.0,0,18311.0,0
0.0,1.0,1.0,0,9569.0,0
1.0,1.0,1.0,0,8711.0,0
0.0,1.0,1.0,0,13222.0,0
0.0,1.0,1.0,0,50427.0,0
0.0,1.0,1.0,0,19442.0,0
0.0,1.0,1.0,0,20430.0,0
0.0,1.0,1.0,0,177690.0,0
1.0,1.0,1.0,0,1583.0,0
0.0,1.0,1.0,0,70709.0,0
0.0,1.0,1.0,0,11901.0,0
0.0,1.0,1.0,0,7411.0,0
0.0,1.0,1.0,0,28942.0,0
0.0,1.0,1.0,0,55534.0,0
0.0,1.0,1.0,0,10128.0,0
0.0,1.0,1.0,0,16147.0,0
1.0,1.0,1.0,0,54683.0,0
0.0,1.0,1.0,0,8397.0,0
0.0,1.0,1.0,0,67336.0,0
0.0,1.0,1.0,0,5782.0,0
0.0,1.0,1.0,0,7648.0,0
0.0,1.0,1.0,0,48915.0,0
0.0,1.0,1.0,0,16323.0,0
0.0,1.0,1.0,0,48267.0,0
0.0,1.0,1.0,0,84417.0,0
0.0,1.0,1.0,0,75161.0,0
0.0,2.0,2.0,0,36.0,0
0.0,1.0,1.0,0,0.0,0
0.0,1.0,1.0,0,4381.0,0
0.0,1.0,1.0,0,15664.0,0
1.0,1.0,1.0,0,5205.0,0
0.0,1.0,1.0,0,10032.0,0
0.0,1.0,1.0,0,799.0,0
0.0,1.0,1.0,0,405.0,0
0.0,1.0,1.0,0,631.0,0
0.0,1.0,1.0,0,789.0,0
0.0,1.0,1.0,0,550.0,0
0.0,2.0,1.0,0,179.0,0
0.0,1.0,1.0,0,45297.0,0
0.0,1.0,1.0,0,35786.0,0
0.0,1.0,1.0,0,25386.0,0
0.0,1.0,1.0,0,30147.0,0
0.0,1.0,1.0,0,4046.0,0
0.0,1.0,1.0,0,4531.0,0
0.0,1.0,1.0,0,104231.0,0
0.0,1.0,1.0,0,90053.0,0
0.0,1.0,1.0,0,359.0,0
0.0,1.0,1.0,0,18920.0,0
0.0,1.0,1.0,0,16009.0,0
0.0,1.0,1.0,0,2050.0,0
0.0,1.0,1.0,0,46266.0,0
0.0,1.0,1.0,0,178749.0,0
0.0,1.0,1.0,0,26303.0,0
0.0,1.0,1.0,0,21068.0,0
0.0,1.0,1.0,0,84312.0,0
0.0,1.0,1.0,0,53384.0,0
0.0,1.0,1.0,0,12543.0,0
0.0,1.0,1.0,0,30747.0,0
0.0,1.0,1.0,0,30194.0,0
0.0,1.0,1.0,0,662.0,0
0.0,1.0,1.0,0,430.0,0
0.0,1.0,1.0,0,2113.0,0
0.0,1.0,1.0,0,146875.0,0
0.0,1.0,1.0,0,72449.0,0
0.0,1.0,1.0,0,102534.0,0
0.0,1.0,1.0,0,25559.0,0
0.0,1.0,1.0,0,31567.0,0
0.0,1.0,1.0,0,10082.0,0
1.0,1.0,1.0,0,73863.0,0
0.0,1.0,1.0,0,10741.0,0
0.0,1.0,1.0,0,74943.0,0
0.0,1.0,1.0,0,20880.0,0
0.0,1.0,1.0,0,52983.0,0
1.0,1.0,1.0,0,9257.0,0
0.0,1.0,1.0,0,10622.0,0
0.0,1.0,1.0,0,18976.0,0
0.0,1.0,1.0,0,1736.0,0
0.0,1.0,1.0,0,46892.0,0
0.0,1.0,1.0,0,8175.0,0
0.0,1.0,1.0,0,450.0,0
0.0,1.0,1.0,0,49051.0,0
0.0,1.0,1.0,0,32338.0,0
0.0,1.0,1.0,0,18653.0,0
0.0,1.0,1.0,0,10819.0,0
0.0,1.0,1.0,0,15791.0,0
0.0,1.0,1.0,0,46858.0,0
1.0,1.0,1.0,0,134999.0,0
1.0,1.0,1.0,0,24476.0,0
0.0,1.0,1.0,0,37098.0,0
0.0,1.0,1.0,0,11086.0,0
0.0,1.0,1.0,0,584.0,0
0.0,1.0,1.0,0,484.0,0
0.0,1.0,1.0,0,900.0,0
0.0,2.0,1.0,0,297.0,0
0.0,1.0,1.0,0,507.0,0
0.0,1.0,1.0,0,326.0,0
0.0,2.0,1.0,0,187.0,0
0.0,1.0,1.0,0,740.0,0
0.0,1.0,1.0,0,1527.0,0
0.0,1.0,1.0,0,835.0,0
0.0,1.0,1.0,0,315.0,0
0.0,1.0,1.0,0,671.0,0
0.0,1.0,1.0,0,58725.0,0
0.0,1.0,1.0,0,53970.0,0
0.0,1.0,1.0,0,57437.0,0
0.0,1.0,1.0,0,14198.0,0
0.0,1.0,1.0,0,5834.0,0
0.0,1.0,1.0,0,653.0,0
0.0,1.0,1.0,0,680.0,0
0.0,2.0,1.0,0,265.0,0
0.0,1.0,1.0,0,669.0,0
0.0,1.0,1.0,0,836.0,0
0.0,1.0,1.0,0,619.0,0
0.0,1.0,1.0,0,841.0,0
0.0,1.0,1.0,0,810.0,0
0.0,1.0,1.0,0,46209.0,0
0.0,1.0,1.0,0,4298.0,0
0.0,1.0,1.0,0,14792.0,0
0.0,1.0,1.0,0,49765.0,0
0.0,1.0,1.0,0,23099.0,0
0.0,1.0,1.0,0,2491.0,0
1.0,1.0,1.0,0,24791.0,0
0.0,1.0,1.0,0,15758.0,0
0.0,1.0,1.0,0,28477.0,0
0.0,1.0,1.0,0,27219.0,0
0.0,1.0,1.0,0,13267.0,0
0.0,1.0,1.0,0,75055.0,0
0.0,1.0,1.0,0,0.0,0
0.0,1.0,1.0,0,11726.0,0
0.0,1.0,1.0,0,6304.0,0
0.0,1.0,1.0,0,12273.0,0
0.0,1.0,1.0,0,14611.0,0
0.0,1.0,1.0,0,81107.0,0
0.0,1.0,1.0,0,23028.0,0
0.0,1.0,1.0,0,30110.0,0
0.0,1.0,1.0,0,5829.0,0
0.0,1.0,1.0,0,5611.0,0
0.0,1.0,1.0,0,37741.0,0
0.0,1.0,1.0,0,7513.0,0
0.0,1.0,1.0,0,12230.0,0
0.0,1.0,1.0,0,90237.0,0
0.0,1.0,1.0,0,1426.0,0
0.0,1.0,1.0,0,32373.0,0
0.0,1.0,1.0,0,8436.0,0
0.0,1.0,1.0,0,82277.0,0
0.0,1.0,1.0,0,3082.0,0
0.0,1.0,1.0,0,38977.0,0
0.0,1.0,1.0,0,17262.0,0
0.0,1.0,1.0,0,43850.0,0
0.0,1.0,1.0,0,8787.0,0
0.0,1.0,1.0,0,156245.0,0
0.0,1.0,1.0,0,20151.0,0
0.0,1.0,1.0,0,18506.0,0
0.0,1.0,1.0,0,6009.0,0
0.0,1.0,1.0,0,5561.0,0
0.0,1.0,1.0,0,55881.0,0
0.0,1.0,1.0,0,24606.0,0
0.0,1.0,1.0,0,837.0,0
0.0,1.0,1.0,0,8617.0,0
0.0,1.0,1.0,0,140287.0,0
0.0,1.0,1.0,0,78328.0,0
0.0,1.0,1.0,0,27570.0,0
0.0,1.0,1.0,0,23990.0,0
1.0,1.0,1.0,0,91930.0,0
0.0,1.0,1.0,0,5751.0,0
0.0,1.0,1.0,0,16188.0,0
0.0,1.0,1.0,0,23600.0,0
1.0,1.0,1.0,0,12152.0,0
0.0,1.0,1.0,0,24281.0,0
1.0,1.0,1.0,0,5734.0,0
0.0,1.0,1.0,0,49721.0,0
0.0,1.0,1.0,0,21144.0,0
0.0,1.0,1.0,0,40100.0,0
0.0,1.0,1.0,0,7949.0,0
0.0,1.0,1.0,0,30406.0,0
0.0,1.0,1.0,0,7074.0,0
0.0,1.0,1.0,0,17346.0,0
0.0,1.0,1.0,0,73253.0,0
1.0,1.0,1.0,0,11912.0,0
0.0,1.0,1.0,0,40138.0,0
0.0,1.0,1.0,0,118227.0,0
0.0,1.0,1.0,0,8261.0,0
0.0,1.0,1.0,0,97006.0,0
0.0,1.0,1.0,0,20107.0,0
0.0,1.0,1.0,0,11714.0,0
0.0,1.0,1.0,0,32075.0,0
1.0,1.0,1.0,0,10861.0,0
0.0,1.0,1.0,0,46481.0,0
0.0,1.0,1.0,0,971.0,0
0.0,1.0,1.0,0,34052.0,0
0.0,1.0,1.0,0,12120.0,0
1.0,1.0,1.0,0,20705.0,0
0.0,1.0,1.0,0,97021.0,0
0.0,1.0,1.0,0,22920.0,0
0.0,1.0,1.0,0,1278.0,0
0.0,1.0,1.0,0,30422.0,0
0.0,1.0,1.0,0,4198.0,0
0.0,1.0,1.0,0,20900.0,0
0.0,1.0,1.0,0,23199.0,0
0.0,1.0,1.0,0,16118.0,0
0.0,1.0,1.0,0,31581.0,0
0.0,1.0,1.0,0,12152.0,0
0.0,1.0,1.0,0,9607.0,0
0.0,1.0,1.0,0,65805.0,0
0.0,1.0,1.0,0,9417.0,0
0.0,1.0,1.0,0,45517.0,0
0.0,1.0,1.0,0,16920.0,0
0.0,1.0,1.0,0,9874.0,0
0.0,1.0,1.0,0,31633.0,0
0.0,1.0,1.0,0,8349.0,0
1.0,1.0,1.0,0,321.0,0
0.0,1.0,1.0,0,4033.0,0
0.0,1.0,1.0,0,71102.0,0
0.0,1.0,1.0,0,0.0,0
0.0,1.0,1.0,0,7131.0,0
0.0,1.0,1.0,0,68364.0,0
0.0,1.0,1.0,0,14552.0,0
0.0,1.0,1.0,0,1500.0,0
0.0,1.0,1.0,0,33231.0,0
0.0,1.0,1.0,0,29055.0,0
0.0,1.0,1.0,0,10428.0,0
0.0,1.0,1.0,0,7142.0,0
0.0,1.0,1.0,0,15178.0,0
0.0,1.0,1.0,0,81197.0,0
0.0,1.0,1.0,0,17251.0,0
0.0,1.0,1.0,0,4137.0,0
0.0,1.0,1.0,0,165669.0,0
1.0,1.0,1.0,0,118522.0,0
0.0,1.0,1.0,0,29074.0,0
0.0,1.0,1.0,0,42934.0,0
0.0,1.0,1.0,0,5469.0,0
0.0,1.0,1.0,0,3261.0,0
0.0,1.0,1.0,0,6164.0,0
0.0,1.0,1.0,0,19429.0,0
1.0,1.0,1.0,0,76083.0,0
0.0,1.0,1.0,0,17109.0,0
0.0,1.0,1.0,0,27760.0,0
0.0,1.0,1.0,0,142096.0,0
0.0,1.0,1.0,0,71022.0,0
1.0,1.0,1.0,0,93084.0,0
0.0,1.0,1.0,0,6047.0,0
0.0,1.0,1.0,0,68061.0,0
0.0,1.0,1.0,0,35878.0,0
0.0,1.0,1.0,0,6928.0,0
0.0,1.0,1.0,0,46941.0,0
0.0,1.0,1.0,0,151306.0,0
0.0,1.0,1.0,0,66806.0,0
1.0,1.0,1.0,0,218126.0,0
0.0,1.0,1.0,0,6496.0,0
1.0,1.0,1.0,0,19147.0,0
0.0,1.0,1.0,0,66563.0,0
0.0,1.0,1.0,0,16948.0,0
0.0,1.0,1.0,0,71709.0,0
0.0,1.0,1.0,0,14766.0,0
0.0,1.0,1.0,0,48203.0,0
0.0,1.0,1.0,0,78444.0,0
0.0,1.0,1.0,0,34294.0,0
0.0,1.0,1.0,0,27763.0,0
0.0,1.0,1.0,0,22784.0,0
0.0,1.0,1.0,0,15521.0,0
0.0,1.0,1.0,0,5815.0,0
0.0,1.0,1.0,0,14387.0,0
0.0,1.0,1.0,0,24941.0,0
0.0,1.0,1.0,0,29019.0,0
0.0,1.0,1.0,0,117956.0,0
0.0,1.0,1.0,0,454.0,0
1.0,1.0,1.0,0,127755.0,0
0.0,1.0,1.0,0,0.0,0
0.0,1.0,1.0,0,14227.0,0
0.0,1.0,1.0,0,19444.0,0
1.0,1.0,1.0,0,19499.0,0
0.0,1.0,1.0,0,18959.0,0
0.0,1.0,1.0,0,16513.0,0
0.0,1.0,1.0,0,9027.0,0
0.0,1.0,1.0,0,17066.0,0
0.0,1.0,1.0,0,39139.0,0
0.0,1.0,1.0,0,30254.0,0
0.0,1.0,1.0,0,84854.0,0
0.0,1.0,1.0,0,28911.0,0
0.0,1.0,1.0,0,220041.0,0
0.0,1.0,1.0,0,8638.0,0
0.0,1.0,1.0,0,8253.0,0
0.0,1.0,1.0,0,18409.0,0
0.0,1.0,1.0,0,5403.0,0
0.0,1.0,1.0,0,60591.0,0
0.0,1.0,1.0,0,1456.0,0
0.0,1.0,1.0,0,52510.0,0
0.0,1.0,1.0,0,11536.0,0
0.0,1.0,1.0,0,9698.0,0
0.0,1.0,1.0,0,7009.0,0
0.0,1.0,1.0,0,15481.0,0
0.0,1.0,1.0,0,103317.0,0
0.0,1.0,1.0,0,6654.0,0
0.0,1.0,1.0,0,61352.0,0
0.0,1.0,1.0,0,21556.0,0
0.0,1.0,1.0,0,34247.0,0
0.0,1.0,1.0,0,94516.0,0
0.0,1.0,1.0,0,36408.0,0
0.0,1.0,1.0,0,10299.0,0
0.0,1.0,1.0,0,11104.0,0
0.0,1.0,1.0,0,37878.0,0
0.0,1.0,1.0,0,23590.0,0
0.0,1.0,1.0,0,37576.0,0
0.0,1.0,1.0,0,11871.0,0
0.0,1.0,1.0,0,18261.0,0
0.0,1.0,1.0,0,24030.0,0
0.0,1.0,1.0,0,45041.0,0
0.0,1.0,1.0,0,65120.0,0
0.0,1.0,1.0,0,49698.0,0
0.0,1.0,1.0,0,87950.0,0
0.0,1.0,1.0,0,10972.0,0
0.0,1.0,1.0,0,68901.0,0
0.0,1.0,1.0,0,9806.0,0
0.0,1.0,1.0,0,70091.0,0
0.0,1.0,1.0,0,32181.0,0
0.0,1.0,1.0,0,14824.0,0
1.0,1.0,1.0,0,10248.0,0
0.0,1.0,1.0,0,1166.0,0
0.0,1.0,1.0,0,13408.0,0
0.0,1.0,1.0,0,5459.0,0
0.0,1.0,1.0,0,46770.0,0
0.0,1.0,1.0,0,50714.0,0
0.0,1.0,1.0,0,18419.0,0
0.0,1.0,1.0,0,89795.0,0
0.0,1.0,1.0,0,19899.0,0
0.0,1.0,1.0,0,16192.0,0
0.0,1.0,1.0,0,63481.0,0
0.0,1.0,1.0,0,10027.0,0
0.0,1.0,1.0,0,24909.0,0
0.0,1.0,1.0,0,820.0,0
0.0,1.0,1.0,0,2115.0,0
0.0,1.0,1.0,0,24571.0,0
0.0,1.0,1.0,0,19525.0,0
1.0,1.0,1.0,0,30623.0,0
0.0,1.0,1.0,0,28945.0,0
0.0,1.0,1.0,0,42580.0,0
0.0,1.0,1.0,0,94993.0,0
0.0,1.0,1.0,0,44246.0,0
0.0,1.0,1.0,0,33399.0,0
0.0,1.0,1.0,0,1510.0,0
0.0,1.0,1.0,0,105145.0,0
0.0,1.0,1.0,0,0.0,0
0.0,1.0,1.0,0,23523.0,0
1.0,1.0,1.0,0,31918.0,0
0.0,1.0,1.0,0,7526.0,0
0.0,1.0,1.0,0,38704.0,0
0.0,1.0,1.0,0,9727.0,0
0.0,1.0,1.0,0,47786.0,0
0.0,1.0,1.0,0,33271.0,0
0.0,1.0,1.0,0,3976.0,0
0.0,1.0,1.0,0,7643.0,0
0.0,1.0,1.0,0,28622.0,0
0.0,1.0,1.0,0,49512.0,0
0.0,1.0,1.0,0,29876.0,0
0.0,1.0,1.0,0,10190.0,0
0.0,1.0,1.0,0,84740.0,0
0.0,1.0,1.0,0,23811.0,0
0.0,1.0,1.0,0,37491.0,0
0.0,1.0,1.0,0,20251.0,0
0.0,1.0,1.0,0,285.0,0
0.0,1.0,1.0,0,96831.0,0
0.0,1.0,1.0,0,5868.0,0
0.0,1.0,1.0,0,10661.0,0
0.0,1.0,1.0,0,27741.0,0
0.0,1.0,1.0,0,11650.0,0
0.0,1.0,1.0,0,42565.0,0
0.0,1.0,1.0,0,13117.0,0
0.0,1.0,1.0,0,2414.0,0
1.0,1.0,1.0,0,13518.0,0
0.0,1.0,1.0,0,40343.0,0
0.0,1.0,1.0,0,6368.0,0
0.0,1.0,1.0,0,16558.0,0
0.0,1.0,1.0,0,57854.0,0
0.0,1.0,1.0,0,39873.0,0
0.0,1.0,1.0,0,7545.0,0
1.0,1.0,1.0,0,58690.0,0
0.0,1.0,1.0,0,26834.0,0
0.0,1.0,1.0,0,14244.0,0
0.0,1.0,1.0,0,30954.0,0
0.0,1.0,1.0,0,80643.0,0
0.0,1.0,1.0,0,28875.0,0
0.0,1.0,1.0,0,80915.0,0
0.0,1.0,1.0,0,29111.0,0
0.0,1.0,1.0,0,7772.0,0
0.0,1.0,1.0,0,7611.0,0
0.0,1.0,1.0,0,17133.0,0
0.0,1.0,1.0,0,664.0,0
0.0,1.0,1.0,0,11041.0,0
0.0,1.0,1.0,0,17386.0,0
0.0,1.0,1.0,0,75684.0,0
0.0,1.0,1.0,0,40734.0,0
1.0,1.0,1.0,0,44904.0,0
0.0,1.0,1.0,0,68356.0,0
0.0,1.0,1.0,0,112519.0,0
0.0,1.0,1.0,0,584.0,0
0.0,1.0,1.0,0,108309.0,0
0.0,1.0,1.0,0,9753.0,0
0.0,1.0,1.0,0,26083.0,0
0.0,1.0,1.0,0,22818.0,0
0.0,1.0,1.0,0,10829.0,0
0.0,1.0,1.0,0,45925.0,0
0.0,1.0,1.0,0,27963.0,0
0.0,1.0,1.0,0,43260.0,0
0.0,1.0,1.0,0,4509.0,0
0.0,1.0,1.0,0,49187.0,0
0.0,1.0,1.0,0,24176.0,0
0.0,1.0,1.0,0,46405.0,0
0.0,1.0,1.0,0,29817.0,0
0.0,1.0,1.0,0,4485.0,0
0.0,1.0,1.0,0,387.0,0
0.0,1.0,1.0,0,90285.0,0
0.0,1.0,1.0,0,41842.0,0
0.0,1.0,1.0,0,82743.0,0
0.0,1.0,1.0,0,20112.0,0
0.0,1.0,1.0,0,5752.0,0
0.0,1.0,1.0,0,3133.0,0
1.0,1.0,1.0,0,15803.0,0
1.0,1.0,1.0,0,74327.0,0
0.0,1.0,1.0,0,0.0,0
0.0,1.0,1.0,0,3462.0,0
0.0,1.0,1.0,0,13932.0,0
0.0,1.0,1.0,0,41089.0,0
0.0,1.0,1.0,0,40131.0,0
0.0,1.0,1.0,0,10125.0,0
1.0,1.0,1.0,0,45612.0,0
0.0,1.0,1.0,0,14156.0,0
0.0,1.0,1.0,0,35427.0,0
1.0,1.0,1.0,0,7107.0,0
0.0,1.0,1.0,0,14325.0,0
0.0,1.0,1.0,0,6258.0,0
0.0,1.0,1.0,0,82776.0,0
1.0,1.0,1.0,0,12218.0,0
0.0,1.0,1.0,0,37135.0,0
0.0,1.0,1.0,0,16940.0,0
0.0,1.0,1.0,0,15255.0,0
1.0,1.0,1.0,0,32925.0,0
0.0,1.0,1.0,0,9741.0,0
0.0,1.0,1.0,0,82780.0,0
0.0,1.0,1.0,0,60871.0,0
0.0,1.0,1.0,0,77494.0,0
0.0,1.0,1.0,0,45154.0,0
0.0,1.0,1.0,0,4614.0,0
0.0,1.0,1.0,0,10975.0,0
0.0,1.0,1.0,0,38157.0,0
0.0,1.0,1.0,0,17815.0,0
0.0,1.0,1.0,0,33028.0,0
0.0,1.0,1.0,0,2879.0,0
0.0,1.0,1.0,0,106100.0,0
0.0,1.0,1.0,0,574.0,0
0.0,1.0,1.0,0,14630.0,0
0.0,1.0,1.0,0,7162.0,0
0.0,1.0,1.0,0,7282.0,0
0.0,1.0,1.0,0,104574.0,0
0.0,1.0,1.0,0,51488.0,0
0.0,1.0,1.0,0,14395.0,0
0.0,1.0,1.0,0,54455.0,0
0.0,1.0,1.0,0,18518.0,0
0.0,1.0,1.0,0,8659.0,0
0.0,1.0,1.0,0,663.0,0
1.0,1.0,1.0,0,13767.0,0
0.0,1.0,1.0,0,180696.0,0
1.0,1.0,1.0,0,6993.0,0
0.0,1.0,1.0,0,6726.0,0
0.0,1.0,1.0,0,11489.0,0
0.0,1.0,1.0,0,55152.0,0
0.0,1.0,1.0,0,73251.0,0
0.0,1.0,1.0,0,140157.0,0
0.0,1.0,1.0,0,56350.0,0
0.0,1.0,1.0,0,25821.0,0
0.0,1.0,1.0,0,678.0,0
0.0,1.0,1.0,0,8831.0,0
0.0,1.0,1.0,0,10355.0,0
0.0,1.0,1.0,0,17097.0,0
0.0,1.0,1.0,0,7020.0,0
0.0,1.0,1.0,0,38809.0,0
0.0,1.0,1.0,0,3387.0,0
0.0,1.0,1.0,0,5252.0,0
0.0,1.0,1.0,0,32390.0,0
0.0,1.0,1.0,0,48132.0,0
1.0,1.0,1.0,0,4566.0,0
0.0,1.0,1.0,0,3939.0,0
0.0,1.0,1.0,0,13872.0,0
0.0,1.0,1.0,0,4474.0,0
0.0,1.0,1.0,0,651.0,1
0.0,1.0,1.0,0,94776.0,1
0.0,1.0,1.0,0,5439.0,1
0.0,1.0,1.0,0,2756.0,1
0.0,1.0,1.0,0,43541.0,1
0.0,1.0,1.0,0,19857.0,1
0.0,1.0,1.0,0,8591.0,1
0.0,1.0,1.0,0,49584.0,1
0.0,1.0,1.0,0,72552.0,1
0.0,1.0,1.0,0,18144.0,1
0.0,1.0,1.0,0,37985.0,1
0.0,1.0,1.0,0,66478.0,1
0.0,1.0,1.0,0,1041.0,1
0.0,1.0,1.0,0,24428.0,1
0.0,1.0,1.0,0,29989.0,1
0.0,1.0,1.0,0,15136.0,1
0.0,1.0,1.0,0,28025.0,1
0.0,1.0,1.0,0,44727.0,1
0.0,1.0,1.0,0,1563.0,1
0.0,1.0,1.0,0,2657.0,1
0.0,1.0,1.0,0,1013.0,1
0.0,1.0,1.0,0,10486.0,1
0.0,1.0,1.0,0,0.0,0
0.0,1.0,1.0,0,14386.0,0
0.0,1.0,1.0,0,98736.0,0
0.0,1.0,1.0,0,35604.0,0
1.0,1.0,1.0,0,7403.0,0
0.0,1.0,1.0,0,56345.0,0
0.0,1.0,1.0,0,25639.0,0
0.0,1.0,1.0,0,18477.0,0
0.0,1.0,1.0,0,46246.0,0
0.0,1.0,1.0,0,72018.0,0
1.0,1.0,1.0,0,7518.0,0
0.0,1.0,1.0,0,85010.0,0
0.0,1.0,1.0,0,12061.0,0
0.0,1.0,1.0,0,13051.0,0
0.0,1.0,1.0,0,154511.0,0
0.0,1.0,1.0,0,14574.0,0
0.0,1.0,1.0,0,13215.0,0
0.0,1.0,1.0,0,52517.0,0
0.0,1.0,1.0,0,22655.0,0
0.0,1.0,1.0,0,1826.0,0
0.0,1.0,1.0,0,4463.0,0
0.0,1.0,1.0,0,160293.0,0
0.0,1.0,1.0,0,103092.0,0
0.0,1.0,1.0,0,16139.0,0
0.0,1.0,1.0,0,17025.0,0
0.0,1.0,1.0,0,495.0,0
0.0,1.0,1.0,0,14367.0,0
1.0,1.0,1.0,0,67463.0,0
0.0,1.0,1.0,0,31906.0,0
0.0,1.0,1.0,0,27899.0,0
0.0,1.0,1.0,0,6979.0,0
0.0,1.0,1.0,0,83556.0,0
0.0,1.0,1.0,0,35383.0,0
0.0,1.0,1.0,0,55538.0,0
0.0,1.0,1.0,0,20300.0,0
0.0,1.0,1.0,0,51584.0,0
0.0,1.0,1.0,0,9999.0,0
1.0,1.0,1.0,0,2726.0,0
0.0,1.0,1.0,0,1925.0,0
0.0,1.0,1.0,0,32113.0,0
0.0,1.0,1.0,0,3818.0,0
0.0,1.0,1.0,0,24472.0,0
0.0,1.0,1.0,0,27217.0,0
0.0,1.0,1.0,0,135079.0,0
0.0,1.0,1.0,0,106545.0,0
0.0,1.0,1.0,0,6762.0,0
0.0,2.0,1.0,0,123.0,0
0.0,1.0,1.0,0,43173.0,0
1.0,1.0,1.0,0,12631.0,0
0.0,1.0,1.0,0,5278.0,0
0.0,1.0,1.0,0,107210.0,0
0.0,1.0,1.0,0,5500.0,0
0.0,1.0,1.0,0,26883.0,0
0.0,1.0,1.0,0,52817.0,0
0.0,1.0,1.0,0,7000.0,0
1.0,1.0,1.0,0,25034.0,0
0.0,1.0,1.0,0,44818.0,0
0.0,1.0,1.0,0,36634.0,0
0.0,1.0,1.0,0,29634.0,0
1.0,1.0,1.0,0,26357.0,0
0.0,1.0,1.0,0,17609.0,0
0.0,1.0,1.0,0,26877.0,0
0.0,1.0,1.0,0,50971.0,0
0.0,1.0,1.0,0,1318.0,0
0.0,1.0,1.0,0,39854.0,0
0.0,1.0,1.0,0,8105.0,0
0.0,1.0,1.0,0,55334.0,0
0.0,1.0,1.0,0,103206.0,0
0.0,1.0,1.0,0,16661.0,0
0.0,1.0,1.0,0,2740.0,0
0.0,1.0,1.0,0,0.0,0
0.0,1.0,1.0,0,8679.0,0
0.0,1.0,1.0,0,7738.0,0
0.0,1.0,1.0,0,50920.0,0
0.0,1.0,1.0,0,24847.0,0
0.0,1.0,1.0,0,14243.0,0
0.0,1.0,1.0,0,89192.0,0
0.0,1.0,1.0,0,24051.0,0
0.0,1.0,1.0,0,2995.0,0
0.0,1.0,1.0,0,50624.0,0
0.0,1.0,1.0,0,26604.0,0
0.0,1.0,1.0,0,34739.0,0
0.0,1.0,1.0,0,9945.0,0
1.0,1.0,1.0,0,22276.0,0
0.0,1.0,1.0,0,35265.0,0
1.0,1.0,1.0,0,57514.0,0
0.0,1.0,1.0,0,36944.0,0
0.0,1.0,1.0,0,52016.0,0
0.0,1.0,1.0,0,11497.0,0
0.0,1.0,1.0,0,3116.0,0
0.0,1.0,1.0,0,81077.0,0
0.0,1.0,1.0,0,60477.0,0
0.0,1.0,1.0,0,26570.0,0
0.0,1.0,1.0,0,33944.0,0
0.0,1.0,1.0,0,28650.0,0
0.0,1.0,1.0,0,111645.0,0
0.0,1.0,1.0,0,9968.0,0
0.0,1.0,1.0,0,54545.0,0
0.0,1.0,1.0,0,89273.0,0
0.0,1.0,1.0,0,7738.0,0
0.0,1.0,1.0,0,16768.0,0
0.0,1.0,1.0,0,3749.0,0
0.0,1.0,1.0,0,2283.0,0
0.0,1.0,1.0,0,10529.0,0
1.0,1.0,1.0,0,14807.0,0
0.0,1.0,1.0,0,36795.0,0
0.0,1.0,1.0,0,7933.0,0
0.0,1.0,1.0,0,128868.0,0
1.0,1.0,1.0,0,8121.0,0
0.0,1.0,1.0,0,24782.0,0
0.0,1.0,1.0,0,42269.0,0
0.0,1.0,1.0,0,24946.0,0
0.0,1.0,1.0,0,19907.0,0
1.0,1.0,1.0,0,53635.0,0
1.0,1.0,1.0,0,18500.0,0
0.0,1.0,1.0,0,77985.0,0
0.0,1.0,1.0,0,46686.0,0
0.0,1.0,1.0,0,3878.0,0
0.0,1.0,1.0,0,39902.0,0
0.0,1.0,1.0,0,9198.0,0
0.0,1.0,1.0,0,3758.0,0
0.0,1.0,1.0,0,30213.0,0
0.0,1.0,1.0,0,4396.0,0
1.0,1.0,1.0,0,35831.0,0
0.0,1.0,1.0,0,16986.0,0
0.0,1.0,1.0,0,10073.0,0
0.0,1.0,1.0,0,170478.0,0
0.0,1.0,1.0,0,43277.0,0
0.0,1.0,1.0,0,19850.0,0
0.0,1.0,1.0,0,171853.0,0
0.0,1.0,1.0,0,11329.0,0
0.0,1.0,1.0,0,83630.0,0
0.0,1.0,1.0,0,18128.0,0
0.0,1.0,1.0,0,65108.0,0
0.0,1.0,1.0,0,8237.0,0
0.0,1.0,1.0,0,13435.0,0
0.0,1.0,1.0,0,16606.0,0
0.0,1.0,1.0,0,25174.0,0
0.0,1.0,1.0,0,52530.0,0
0.0,1.0,1.0,0,33616.0,0
1.0,1.0,1.0,0,5806.0,0
0.0,1.0,1.0,0,2767.0,0
0.0,1.0,1.0,0,27205.0,0
0.0,1.0,1.0,0,33791.0,0
0.0,1.0,1.0,0,0.0,0
0.0,1.0,1.0,0,21255.0,0
0.0,1.0,1.0,0,810.0,0
0.0,1.0,1.0,0,47332.0,0
0.0,1.0,1.0,0,15695.0,0
0.0,1.0,1.0,0,23703.0,0
1.0,1.0,1.0,0,27403.0,0
0.0,1.0,1.0,0,128200.0,0
0.0,1.0,1.0,0,26021.0,0
0.0,1.0,1.0,0,40003.0,0
0.0,1.0,1.0,0,39963.0,0
0.0,1.0,1.0,0,34731.0,0
0.0,1.0,1.0,0,66035.0,0
0.0,1.0,1.0,0,62604.0,0
0.0,1.0,1.0,0,2920.0,0
0.0,1.0,1.0,0,53633.0,0
1.0,1.0,1.0,0,138194.0,0
0.0,1.0,1.0,0,22607.0,0
0.0,1.0,1.0,0,31817.0,0
0.0,1.0,1.0,0,5593.0,0
0.0,1.0,1.0,0,29754.0,0
0.0,1.0,1.0,0,99224.0,0
0.0,1.0,1.0,0,44839.0,0
0.0,1.0,1.0,0,10212.0,0
1.0,1.0,1.0,0,36127.0,0
0.0,1.0,1.0,0,15688.0,0
0.0,1.0,1.0,0,81550.0,0
0.0,1.0,1.0,0,7569.0,0
0.0,1.0,1.0,0,50103.0,0
0.0,1.0,1.0,0,24069.0,0
0.0,1.0,1.0,0,19237.0,0
0.0,1.0,1.0,0,30144.0,0
0.0,1.0,1.0,0,10066.0,0
0.0,1.0,1.0,0,14279.0,0
0.0,1.0,1.0,0,35054.0,0
0.0,1.0,1.0,0,133755.0,0
0.0,1.0,1.0,0,871.0,0
0.0,1.0,1.0,0,29514.0,0
0.0,1.0,1.0,0,42407.0,0
0.0,1.0,1.0,0,4551.0,0
0.0,1.0,1.0,0,23329.0,0
0.0,1.0,1.0,0,22778.0,0
0.0,1.0,1.0,0,11312.0,0
0.0,1.0,1.0,0,21973.0,0
0.0,1.0,1.0,0,15806.0,0
0.0,1.0,1.0,0,29071.0,0
0.0,1.0,1.0,0,9264.0,0
0.0,1.0,1.0,0,74337.0,0
0.0,1.0,1.0,0,87172.0,0
0.0,1.0,1.0,0,5804.0,0
0.0,1.0,1.0,0,114825.0,0
0.0,1.0,1.0,0,38372.0,0
0.0,1.0,1.0,0,8073.0,0
0.0,1.0,1.0,0,8052.0,0
0.0,1.0,1.0,0,2820.0,0
0.0,1.0,1.0,0,30433.0,0
0.0,1.0,1.0,0,76441.0,0
0.0,1.0,1.0,0,12596.0,0
0.0,1.0,1.0,0,55592.0,0
0.0,1.0,1.0,0,1273.0,0
0.0,1.0,1.0,0,33984.0,0
0.0,1.0,1.0,0,57521.0,0
0.0,1.0,1.0,0,31545.0,0
0.0,1.0,1.0,0,34255.0,0
0.0,1.0,1.0,0,12033.0,0
0.0,1.0,1.0,0,7716.0,0
1.0,1.0,1.0,0,16073.0,0
0.0,1.0,1.0,0,2654.0,0
0.0,1.0,1.0,0,6028.0,0
0.0,1.0,1.0,0,47941.0,0
0.0,1.0,1.0,0,90313.0,0
0.0,1.0,1.0,0,14491.0,0
0.0,1.0,1.0,0,5877.0,0
0.0,1.0,1.0,0,25626.0,0
0.0,1.0,1.0,0,25077.0,0
0.0,1.0,1.0,0,0.0,0
0.0,1.0,1.0,0,25308.0,0
0.0,1.0,1.0,0,22382.0,0
0.0,1.0,1.0,0,5777.0,0
0.0,1.0,1.0,0,7602.0,0
0.0,1.0,1.0,0,25659.0,0
0.0,1.0,1.0,0,24005.0,0
0.0,1.0,1.0,0,70080.0,0
0.0,1.0,1.0,0,5380.0,0
0.0,1.0,1.0,0,4799.0,0
0.0,1.0,1.0,0,27274.0,0
0.0,1.0,1.0,0,29505.0,0
0.0,1.0,1.0,0,24998.0,0
0.0,1.0,1.0,0,3008.0,0
0.0,1.0,1.0,0,25368.0,0
0.0,1.0,1.0,0,36784.0,0
0.0,1.0,1.0,0,51854.0,0
0.0,1.0,1.0,0,22051.0,0
0.0,1.0,1.0,0,26217.0,0
0.0,1.0,1.0,0,40100.0,0
1.0,1.0,1.0,0,6084.0,0
0.0,1.0,1.0,0,85598.0,0
0.0,1.0,1.0,0,40569.0,0
0.0,1.0,1.0,0,13755.0,0
0.0,1.0,1.0,0,25674.0,0
0.0,1.0,1.0,0,13332.0,0
0.0,1.0,1.0,0,13313.0,0
0.0,1.0,1.0,0,3261.0,0
0.0,1.0,1.0,0,6854.0,0
0.0,1.0,1.0,0,41894.0,0
0.0,1.0,1.0,0,19018.0,0
0.0,1.0,1.0,0,14188.0,0
0.0,1.0,1.0,0,67425.0,0
0.0,1.0,1.0,0,7505.0,0
0.0,1.0,1.0,0,15167.0,0
0.0,1.0,1.0,0,576.0,0
0.0,1.0,1.0,0,34649.0,0
0.0,1.0,1.0,0,99799.0,0
0.0,1.0,1.0,0,21173.0,0
1.0,1.0,1.0,0,28093.0,0
0.0,1.0,1.0,0,6687.0,0
0.0,1.0,1.0,0,60456.0,0
0.0,1.0,1.0,0,56589.0,0
0.0,1.0,1.0,0,27848.0,0
0.0,1.0,1.0,0,4270.0,0
0.0,1.0,1.0,0,20814.0,0
0.0,1.0,1.0,0,21711.0,0
0.0,1.0,1.0,0,8744.0,0
1.0,1.0,1.0,0,25269.0,0
0.0,1.0,1.0,0,40700.0,0
0.0,1.0,1.0,0,42749.0,0
0.0,1.0,1.0,0,44990.0,0
1.0,1.0,1.0,0,10846.0,0
1.0,1.0,1.0,0,51027.0,0
0.0,1.0,1.0,0,53349.0,0
0.0,1.0,1.0,0,121866.0,0
0.0,1.0,1.0,0,11240.0,0
0.0,1.0,1.0,0,11578.0,0
1.0,1.0,1.0,0,7072.0,0
0.0,1.0,1.0,0,26059.0,0
0.0,1.0,1.0,0,16422.0,0
0.0,1.0,1.0,0,49970.0,0
0.0,1.0,1.0,0,298.0,0
0.0,1.0,1.0,0,48194.0,0
0.0,1.0,1.0,0,21177.0,0
0.0,1.0,1.0,0,50162.0,0
0.0,1.0,1.0,0,69623.0,0
0.0,1.0,1.0,0,35423.0,0
0.0,1.0,1.0,0,22177.0,0
0.0,1.0,1.0,0,40711.0,0
1.0,1.0,1.0,0,5012.0,0
0.0,1.0,1.0,0,735.0,0
0.0,1.0,1.0,0,82820.0,0
0.0,1.0,1.0,0,59321.0,0
1.0,1.0,1.0,0,813.0,0
1.0,1.0,1.0,0,23232.0,0
0.0,1.0,1.0,0,3838.0,0
0.0,1.0,1.0,0,27002.0,0
0.0,1.0,1.0,0,26516.0,0
0.0,1.0,1.0,0,72536.0,0
0.0,1.0,1.0,0,99219.0,0
0.0,1.0,1.0,0,24038.0,0
0.0,1.0,1.0,0,70745.0,0
0.0,1.0,1.0,0,5682.0,0
0.0,1.0,1.0,0,0.0,0
0.0,1.0,1.0,0,28456.0,0
0.0,1.0,1.0,0,19351.0,0
0.0,1.0,1.0,0,5239.0,0
0.0,1.0,1.0,0,21311.0,0
0.0,1.0,1.0,0,21424.0,0
0.0,1.0,1.0,0,22478.0,0
1.0,1.0,1.0,0,659.0,0
0.0,1.0,1.0,0,66626.0,0
0.0,1.0,1.0,0,257.0,0
0.0,1.0,1.0,0,145845.0,0
0.0,1.0,1.0,0,1907.0,0
0.0,1.0,1.0,0,13530.0,0
1.0,1.0,1.0,0,33379.0,0
0.0,1.0,1.0,0,8077.0,0
0.0,1.0,1.0,0,50049.0,0
1.0,1.0,1.0,0,141777.0,0
0.0,1.0,1.0,0,53169.0,0
1.0,1.0,1.0,0,78587.0,0
0.0,1.0,1.0,0,24533.0,0
0.0,1.0,1.0,0,6990.0,0
0.0,1.0,1.0,0,39962.0,0
0.0,1.0,1.0,0,22830.0,0
0.0,1.0,1.0,0,10162.0,0
0.0,1.0,1.0,0,87198.0,0
0.0,1.0,1.0,0,20906.0,0
0.0,1.0,1.0,0,22727.0,0
0.0,1.0,1.0,0,27759.0,0
0.0,1.0,1.0,0,8913.0,0
0.0,1.0,1.0,0,3369.0,0
0.0,1.0,1.0,0,672.0,0
0.0,1.0,1.0,0,10548.0,0
0.0,1.0,1.0,0,53280.0,0
0.0,1.0,1.0,0,1510.0,0
0.0,1.0,1.0,0,7857.0,0
0.0,1.0,1.0,0,54655.0,0
0.0,1.0,1.0,0,66168.0,0
0.0,1.0,1.0,0,31716.0,0
0.0,1.0,1.0,0,7692.0,0
1.0,1.0,1.0,0,220443.0,0
0.0,1.0,1.0,0,16050.0,0
0.0,1.0,1.0,0,43672.0,0
0.0,1.0,1.0,0,27433.0,0
0.0,1.0,1.0,0,37846.0,0
0.0,2.0,2.0,0,9.0,0
0.0,1.0,1.0,0,5515.0,0
0.0,1.0,1.0,0,27689.0,0
0.0,1.0,1.0,0,32309.0,0
0.0,1.0,1.0,0,25840.0,0
0.0,1.0,1.0,0,2899.0,0
0.0,1.0,1.0,0,2582.0,0
0.0,1.0,1.0,0,9607.0,0
0.0,1.0,1.0,0,25138.0,0
0.0,1.0,1.0,0,581.0,0
0.0,1.0,1.0,0,35131.0,0
1.0,1.0,1.0,0,4696.0,0
0.0,1.0,1.0,0,24965.0,0
0.0,1.0,1.0,0,3760.0,0
0.0,2.0,1.0,0,242.0,0
0.0,1.0,1.0,0,3580.0,0
0.0,1.0,1.0,0,11211.0,0
0.0,1.0,1.0,0,7968.0,0
0.0,1.0,1.0,0,2567.0,0
0.0,1.0,1.0,0,113668.0,0
0.0,1.0,1.0,0,45005.0,0
0.0,1.0,1.0,0,18706.0,0
0.0,1.0,1.0,0,105287.0,0
0.0,1.0,1.0,0,140269.0,0
0.0,1.0,1.0,0,15795.0,0
0.0,1.0,1.0,0,21377.0,0
0.0,1.0,1.0,0,5755.0,0
0.0,1.0,1.0,0,68388.0,0
0.0,1.0,1.0,0,46975.0,0
0.0,1.0,1.0,0,42217.0,0
0.0,1.0,1.0,0,0.0,0
0.0,1.0,1.0,0,18889.0,0
0.0,1.0,1.0,0,5537.0,0
0.0,1.0,1.0,0,56903.0,0
0.0,2.0,1.0,0,296.0,0
0.0,1.0,1.0,0,4554.0,0
0.0,1.0,1.0,0,58640.0,0
0.0,1.0,1.0,0,2583.0,0
0.0,1.0,1.0,0,23582.0,0
0.0,1.0,1.0,0,9808.0,0
0.0,1.0,1.0,0,41144.0,0
0.0,1.0,1.0,0,179856.0,0
0.0,1.0,1.0,0,8891.0,0
0.0,1.0,1.0,0,11319.0,0
0.0,1.0,1.0,0,46547.0,0
0.0,1.0,1.0,0,5916.0,0
0.0,1.0,1.0,0,14974.0,0
0.0,1.0,1.0,0,4109.0,0
0.0,1.0,1.0,0,11023.0,0
0.0,1.0,1.0,0,456.0,0
0.0,1.0,1.0,0,448.0,0
0.0,1.0,1.0,0,2088.0,0
0.0,1.0,1.0,0,15093.0,0
0.0,1.0,1.0,0,27165.0,0
0.0,1.0,1.0,0,39536.0,0
0.0,1.0,1.0,0,35803.0,0
0.0,1.0,1.0,0,3600.0,0
0.0,1.0,1.0,0,37382.0,0
0.0,1.0,1.0,0,24305.0,0
0.0,1.0,1.0,0,36060.0,0
1.0,1.0,1.0,0,29191.0,0
0.0,1.0,1.0,0,14007.0,0
0.0,1.0,1.0,0,13367.0,0
0.0,1.0,1.0,0,44506.0,0
0.0,1.0,1.0,0,23856.0,0
0.0,1.0,1.0,0,122527.0,0
0.0,1.0,1.0,0,5404.0,0
1.0,1.0,1.0,0,5247.0,0
0.0,1.0,1.0,0,32065.0,0
0.0,1.0,1.0,0,78212.0,0
0.0,1.0,1.0,0,508.0,0
0.0,1.0,1.0,0,712.0,0
0.0,1.0,1.0,0,594.0,0
0.0,1.0,1.0,0,336.0,0
0.0,1.0,1.0,0,566.0,0
0.0,2.0,1.0,0,226.0,0
0.0,1.0,1.0,0,342.0,0
0.0,1.0,1.0,0,85234.0,0
0.0,1.0,1.0,0,15007.0,0
0.0,1.0,1.0,0,357.0,0
0.0,1.0,1.0,0,494.0,0
0.0,1.0,1.0,0,445.0,0
0.0,1.0,1.0,0,806.0,0
0.0,2.0,1.0,0,291.0,0
0.0,2.0,1.0,0,170.0,0
0.0,1.0,1.0,0,679.0,0
0.0,1.0,1.0,0,369.0,0
0.0,1.0,1.0,0,19042.0,0
0.0,1.0,1.0,0,3739.0,0
0.0,1.0,1.0,0,45222.0,0
0.0,1.0,1.0,0,395.0,0
0.0,1.0,1.0,0,605.0,0
0.0,1.0,1.0,0,636.0,0
0.0,1.0,1.0,0,456.0,0
0.0,1.0,1.0,0,478.0,0
0.0,1.0,1.0,0,7443.0,0
0.0,1.0,1.0,0,6498.0,0
1.0,1.0,1.0,0,3106.0,0
1.0,1.0,1.0,0,13244.0,0
1.0,1.0,1.0,0,494.0,0
0.0,1.0,1.0,0,32442.0,0
0.0,1.0,1.0,0,42512.0,0
0.0,1.0,1.0,0,94124.0,0
0.0,1.0,1.0,0,26363.0,0
0.0,1.0,1.0,0,9194.0,0
0.0,1.0,1.0,0,16788.0,0
0.0,1.0,1.0,0,11367.0,0
0.0,1.0,1.0,0,267.0,0
0.0,1.0,1.0,0,526.0,0
0.0,2.0,1.0,0,283.0,0
0.0,1.0,1.0,0,407.0,0
0.0,1.0,1.0,0,37197.0,0
0.0,1.0,1.0,0,44555.0,0
0.0,1.0,1.0,0,66613.0,0
0.0,1.0,1.0,0,35612.0,0
0.0,1.0,1.0,0,15191.0,0
0.0,1.0,1.0,0,50740.0,0
0.0,1.0,1.0,0,85260.0,0
0.0,1.0,1.0,0,87956.0,0
0.0,1.0,1.0,0,21991.0,0
0.0,1.0,1.0,0,10657.0,0
0.0,1.0,1.0,0,50610.0,0
0.0,1.0,1.0,0,65820.0,0
0.0,1.0,1.0,0,77074.0,0
0.0,1.0,1.0,0,22598.0,0
1.0,1.0,1.0,0,27973.0,0
0.0,1.0,1.0,0,41862.0,0
0.0,1.0,1.0,0,1303.0,0
0.0,1.0,1.0,0,17375.0,0
0.0,1.0,1.0,0,70697.0,0
0.0,1.0,1.0,0,3807.0,0
0.0,1.0,1.0,0,3160.0,0
0.0,1.0,1.0,0,32649.0,0
0.0,1.0,1.0,0,10104.0,0
0.0,1.0,1.0,0,13827.0,0
0.0,1.0,1.0,0,7647.0,0
0.0,1.0,1.0,0,909.0,0
0.0,1.0,1.0,0,59417.0,0
0.0,1.0,1.0,0,7232.0,0
0.0,1.0,1.0,0,4629.0,0
0.0,1.0,1.0,0,12711.0,0
0.0,1.0,1.0,0,3701.0,0
0.0,1.0,1.0,0,19814.0,0
0.0,1.0,1.0,0,7593.0,0
0.0,1.0,1.0,0,0.0,0
0.0,1.0,1.0,0,164717.0,0
0.0,1.0,1.0,0,9609.0,0
0.0,1.0,1.0,0,71683.0,0
0.0,1.0,1.0,0,34733.0,0
0.0,1.0,1.0,0,136935.0,0
0.0,1.0,1.0,0,367.0,0
0.0,1.0,1.0,0,27271.0,0
0.0,1.0,1.0,0,25019.0,0
0.0,1.0,1.0,0,26232.0,0
1.0,1.0,1.0,0,46759.0,0
0.0,1.0,1.0,0,60003.0,0
0.0,1.0,1.0,0,2904.0,0
0.0,1.0,1.0,0,20182.0,0
0.0,1.0,1.0,0,88564.0,0
0.0,1.0,1.0,0,35539.0,0
0.0,1.0,1.0,0,44640.0,0
0.0,1.0,1.0,0,4685.0,0
0.0,1.0,1.0,0,12425.0,0
0.0,1.0,1.0,0,128041.0,0
0.0,1.0,1.0,0,19754.0,0
0.0,1.0,1.0,0,1719.0,0
0.0,1.0,1.0,0,47668.0,0
0.0,1.0,1.0,0,17156.0,0
0.0,1.0,1.0,0,3343.0,0
1.0,1.0,1.0,0,23885.0,0
0.0,1.0,1.0,0,54263.0,0
0.0,1.0,1.0,0,92398.0,0
0.0,1.0,1.0,0,57222.0,0
0.0,1.0,1.0,0,13791.0,0
0.0,1.0,1.0,0,48261.0,0
0.0,1.0,1.0,0,140235.0,0
0.0,1.0,1.0,0,8223.0,0
0.0,1.0,1.0,0,55370.0,0
1.0,1.0,1.0,0,48227.0,0
0.0,2.0,1.0,0,191.0,0
0.0,1.0,1.0,0,10030.0,0
0.0,1.0,1.0,0,56432.0,0
0.0,1.0,1.0,0,34596.0,0
0.0,1.0,1.0,0,17245.0,0
0.0,1.0,1.0,0,518.0,0
0.0,1.0,1.0,0,83448.0,0
0.0,1.0,1.0,0,33795.0,0
0.0,1.0,1.0,0,3582.0,0
0.0,1.0,1.0,0,2537.0,0
0.0,1.0,1.0,0,1939.0,0
0.0,1.0,1.0,0,37301.0,0
0.0,1.0,1.0,0,23123.0,0
0.0,1.0,1.0,0,29366.0,0
0.0,1.0,1.0,0,32209.0,0
0.0,1.0,1.0,0,6370.0,0
0.0,1.0,1.0,0,44180.0,0
0.0,1.0,1.0,0,6017.0,0
0.0,1.0,1.0,0,44559.0,0
0.0,1.0,1.0,0,151775.0,0
0.0,1.0,1.0,0,55932.0,0
0.0,1.0,1.0,0,87446.0,0
0.0,2.0,1.0,0,213.0,0
0.0,1.0,1.0,0,5557.0,0
0.0,1.0,1.0,0,5463.0,0
0.0,1.0,1.0,0,17987.0,0
0.0,1.0,1.0,0,1994.0,0
0.0,1.0,1.0,0,41673.0,0
0.0,1.0,1.0,0,25405.0,0
0.0,1.0,1.0,0,27164.0,0
0.0,1.0,1.0,0,13029.0,1
0.0,1.0,1.0,0,35948.0,1
0.0,1.0,1.0,0,21119.0,1
1.0,1.0,1.0,0,0.0,0
1.0,1.0,1.0,0,59399.0,0
0.0,1.0,1.0,0,53926.0,0
0.0,1.0,1.0,0,14981.0,0
0.0,1.0,1.0,0,12249.0,0
1.0,1.0,1.0,0,34954.0,0
0.0,1.0,1.0,0,59214.0,0
0.0,1.0,1.0,0,35845.0,0
0.0,1.0,1.0,0,62042.0,0
1.0,1.0,1.0,0,9066.0,0
0.0,1.0,1.0,0,18783.0,0
0.0,1.0,1.0,0,69827.0,0
0.0,1.0,1.0,0,23691.0,0
0.0,1.0,1.0,0,75148.0,0
0.0,1.0,1.0,0,125976.0,0
1.0,1.0,1.0,0,5019.0,0
0.0,1.0,1.0,0,30428.0,0
1.0,1.0,1.0,0,74449.0,0
1.0,1.0,1.0,0,8291.0,0
0.0,1.0,1.0,0,47829.0,0
0.0,1.0,1.0,0,8045.0,0
1.0,1.0,1.0,0,141539.0,0
0.0,1.0,1.0,0,68449.0,0
0.0,1.0,1.0,0,78819.0,0
0.0,1.0,1.0,0,1188.0,0
0.0,1.0,1.0,0,17028.0,0
0.0,1.0,1.0,0,101543.0,0
1.0,2.0,1.0,0,186.0,0
1.0,1.0,1.0,0,25935.0,0
0.0,1.0,1.0,1,20685.0,2
1.0,1.0,1.0,0,10264.0,0
0.0,1.0,1.0,0,20697.0,0
0.0,1.0,1.0,0,39635.0,0
0.0,1.0,1.0,0,18083.0,0
0.0,1.0,1.0,0,8723.0,0
1.0,1.0,1.0,0,18716.0,0
0.0,1.0,1.0,0,5821.0,0
0.0,1.0,1.0,0,23322.0,0
0.0,1.0,1.0,0,44377.0,0
0.0,1.0,1.0,0,9724.0,0
0.0,1.0,1.0,0,44432.0,0
0.0,1.0,1.0,0,141272.0,0
0.0,1.0,1.0,0,32846.0,0
1.0,1.0,1.0,0,116025.0,0
0.0,1.0,1.0,0,33856.0,0
0.0,1.0,1.0,0,78744.0,0
0.0,1.0,1.0,0,812.0,0
0.0,1.0,1.0,0,7462.0,0
0.0,1.0,1.0,0,34058.0,0
1.0,1.0,1.0,0,40403.0,0
0.0,1.0,1.0,0,39196.0,0
0.0,1.0,1.0,0,103615.0,0
0.0,1.0,1.0,0,520.0,0
0.0,1.0,1.0,0,11058.0,1
1.0,1.0,1.0,0,6425.0,1
0.0,1.0,1.0,0,37459.0,1
0.0,1.0,1.0,0,40633.0,1
1.0,1.0,1.0,0,113742.0,1
0.0,1.0,1.0,0,35322.0,1
0.0,1.0,1.0,0,2718.0,1
0.0,1.0,1.0,1,9095.0,2
0.0,1.0,1.0,0,42943.0,1
0.0,1.0,1.0,0,0.0,0
0.0,1.0,1.0,0,4123.0,0
0.0,1.0,1.0,0,43265.0,0
0.0,1.0,1.0,1,45425.0,2
0.0,1.0,1.0,0,64058.0,0
1.0,1.0,1.0,0,56338.0,0
0.0,1.0,1.0,0,10020.0,0
0.0,1.0,1.0,0,14214.0,0
0.0,1.0,1.0,0,5532.0,0
0.0,1.0,1.0,0,147036.0,0
0.0,1.0,1.0,0,1061.0,0
0.0,1.0,1.0,0,104432.0,0
0.0,1.0,1.0,0,2458.0,0
1.0,1.0,1.0,0,349.0,0
0.0,1.0,1.0,0,8365.0,0
0.0,1.0,1.0,0,900.0,0
0.0,1.0,1.0,0,49347.0,0
0.0,2.0,2.0,0,5.0,0
1.0,1.0,1.0,0,83896.0,0
0.0,1.0,1.0,0,4379.0,0
0.0,1.0,1.0,0,3284.0,0
0.0,1.0,1.0,0,30983.0,0
1.0,1.0,1.0,0,7582.0,0
0.0,1.0,1.0,0,24444.0,0
1.0,1.0,1.0,0,4938.0,0
0.0,1.0,1.0,0,17277.0,0
0.0,1.0,1.0,0,26487.0,0
0.0,1.0,1.0,0,41222.0,0
0.0,1.0,1.0,0,49562.0,0
0.0,1.0,1.0,0,10877.0,0
1.0,1.0,1.0,0,47751.0,0
0.0,1.0,1.0,0,53207.0,0
1.0,1.0,1.0,0,23206.0,0
0.0,1.0,1.0,0,5679.0,0
1.0,1.0,1.0,0,163730.0,0
0.0,1.0,1.0,0,61989.0,0
0.0,1.0,1.0,0,13509.0,0
0.0,1.0,1.0,0,11511.0,1
1.0,1.0,1.0,0,17580.0,1
0.0,1.0,1.0,0,43918.0,1
0.0,1.0,1.0,0,21974.0,1
1.0,1.0,1.0,0,81205.0,1
1.0,1.0,1.0,0,9970.0,1
0.0,1.0,1.0,0,41442.0,1
0.0,1.0,1.0,0,69897.0,1
0.0,1.0,1.0,0,125294.0,1
0.0,1.0,1.0,0,23952.0,1
0.0,1.0,1.0,0,61491.0,1
1.0,1.0,1.0,0,18320.0,1
0.0,1.0,1.0,0,32674.0,1
1.0,1.0,1.0,0,36949.0,1
1.0,1.0,1.0,0,77826.0,1
0.0,1.0,1.0,0,3568.0,1
1.0,1.0,1.0,0,62888.0,1
0.0,1.0,1.0,0,29022.0,1
0.0,1.0,1.0,0,38365.0,1
0.0,1.0,1.0,1,3131.0,2
0.0,1.0,1.0,0,42804.0,1
1.0,1.0,1.0,0,8868.0,1
0.0,1.0,1.0,0,38284.0,1
0.0,1.0,1.0,1,12245.0,2
0.0,1.0,1.0,0,12037.0,1
0.0,1.0,1.0,0,17702.0,1
0.0,1.0,1.0,0,11832.0,1
0.0,1.0,1.0,0,221804.0,1
0.0,1.0,1.0,0,0.0,0
0.0,1.0,1.0,0,7019.0,0
0.0,1.0,1.0,0,17757.0,0
0.0,1.0,1.0,0,7070.0,0
0.0,1.0,1.0,0,10795.0,0
0.0,1.0,1.0,0,132704.0,0
1.0,1.0,1.0,0,73457.0,0
1.0,1.0,1.0,0,68042.0,0
0.0,1.0,1.0,0,66879.0,0
1.0,1.0,1.0,0,84258.0,0
0.0,1.0,1.0,0,77026.0,0
0.0,1.0,1.0,0,20256.0,0
1.0,1.0,1.0,0,26914.0,0
1.0,1.0,1.0,0,29510.0,0
0.0,1.0,1.0,0,28464.0,0
0.0,1.0,1.0,0,18442.0,0
0.0,1.0,1.0,0,32690.0,0
0.0,1.0,1.0,0,89856.0,0
0.0,1.0,1.0,0,44932.0,0
0.0,1.0,1.0,0,9997.0,0
1.0,1.0,1.0,0,36023.0,0
1.0,1.0,1.0,0,25795.0,0
0.0,1.0,1.0,0,850.0,0
1.0,1.0,1.0,0,8163.0,0
0.0,1.0,1.0,0,112100.0,0
1.0,1.0,1.0,0,1670.0,0
1.0,1.0,1.0,0,27410.0,0
0.0,1.0,1.0,0,64380.0,0
0.0,1.0,1.0,0,20400.0,0
1.0,1.0,1.0,0,39720.0,0
0.0,1.0,1.0,0,47697.0,0
0.0,1.0,1.0,0,27857.0,0
0.0,1.0,1.0,0,52621.0,0
0.0,1.0,1.0,0,73724.0,0
0.0,1.0,1.0,1,22670.0,2
0.0,1.0,1.0,0,42489.0,0
1.0,1.0,1.0,0,35907.0,0
0.0,1.0,1.0,0,10675.0,0
0.0,1.0,1.0,0,16506.0,1
1.0,1.0,1.0,0,43412.0,1
0.0,1.0,1.0,0,26194.0,1
0.0,1.0,1.0,0,34529.0,1
0.0,1.0,1.0,0,41660.0,1
1.0,1.0,1.0,0,3382.0,1
0.0,1.0,1.0,0,1257.0,1
1.0,1.0,1.0,0,9935.0,1
0.0,1.0,1.0,0,4964.0,1
0.0,1.0,1.0,0,16868.0,1
0.0,1.0,1.0,0,25347.0,1
1.0,1.0,1.0,0,27146.0,1
1.0,1.0,1.0,0,15840.0,1
0.0,1.0,1.0,0,19387.0,1
0.0,1.0,1.0,0,57137.0,1
0.0,1.0,1.0,0,1517.0,1
0.0,1.0,1.0,0,15501.0,1
0.0,1.0,1.0,0,47700.0,1
1.0,1.0,1.0,0,22673.0,1
0.0,1.0,1.0,0,66938.0,1
0.0,1.0,1.0,0,4097.0,1
0.0,1.0,1.0,0,9223.0,1
1.0,1.0,1.0,0,73018.0,1
0.0,1.0,1.0,0,832.0,1
0.0,1.0,1.0,0,6614.0,1
1.0,1.0,1.0,0,9535.0,1
1.0,1.0,1.0,0,131506.0,1
0.0,1.0,1.0,0,26823.0,1
0.0,1.0,1.0,0,49297.0,1
0.0,1.0,1.0,0,12996.0,1
1.0,1.0,1.0,0,17824.0,1
0.0,1.0,1.0,0,39141.0,1
0.0,1.0,1.0,0,24918.0,1
0.0,1.0,1.0,0,442.0,1
1.0,1.0,1.0,0,14943.0,1
0.0,1.0,1.0,0,13901.0,1
0.0,1.0,1.0,0,64121.0,1
0.0,1.0,1.0,0,9350.0,1
1.0,1.0,1.0,0,69933.0,1
0.0,1.0,1.0,0,0.0,0
0.0,1.0,1.0,0,68907.0,0
0.0,1.0,1.0,0,86749.0,0
0.0,1.0,1.0,0,1854.0,0
1.0,1.0,1.0,0,65030.0,0
0.0,1.0,1.0,0,22193.0,0
0.0,1.0,1.0,0,49077.0,0
0.0,1.0,1.0,0,261986.0,0
0.0,1.0,1.0,0,47544.0,0
1.0,1.0,1.0,0,34166.0,0
1.0,1.0,1.0,0,12101.0,0
0.0,1.0,1.0,0,40110.0,0
1.0,1.0,1.0,0,31999.0,0
1.0,1.0,1.0,0,7751.0,0
0.0,1.0,1.0,0,124412.0,0
0.0,1.0,1.0,0,19104.0,0
0.0,1.0,1.0,0,8759.0,0
0.0,1.0,1.0,0,72549.0,0
0.0,1.0,1.0,0,6139.0,0
0.0,1.0,1.0,0,39301.0,0
0.0,1.0,1.0,0,80334.0,0
1.0,1.0,1.0,0,53408.0,0
0.0,1.0,1.0,0,89592.0,0
0.0,1.0,1.0,0,29655.0,0
0.0,1.0,1.0,0,5392.0,0
1.0,1.0,1.0,0,36906.0,0
0.0,1.0,1.0,0,4942.0,0
0.0,1.0,1.0,0,244590.0,0
0.0,1.0,1.0,0,18472.0,0
0.0,1.0,1.0,0,79738.0,0
1.0,1.0,1.0,0,60925.0,0
0.0,1.0,1.0,0,57883.0,0
0.0,1.0,1.0,0,22055.0,0
0.0,1.0,1.0,0,53377.0,0
1.0,1.0,1.0,0,6954.0,0
1.0,1.0,1.0,0,62868.0,0
0.0,1.0,1.0,0,32986.0,0
0.0,1.0,1.0,0,3125.0,0
0.0,1.0,1.0,0,39150.0,0
0.0,1.0,1.0,0,11132.0,0
0.0,1.0,1.0,1,27147.0,2
0.0,1.0,1.0,0,321.0,0
0.0,1.0,1.0,1,926.0,2
0.0,1.0,1.0,1,9040.0,2
1.0,1.0,1.0,0,17180.0,0
1.0,1.0,1.0,0,9489.0,0
0.0,1.0,1.0,0,6359.0,0
0.0,1.0,1.0,0,110689.0,0
0.0,1.0,1.0,0,10258.0,0
1.0,1.0,1.0,0,81622.0,0
1.0,1.0,1.0,0,20687.0,0
0.0,1.0,1.0,0,37014.0,0
1.0,1.0,1.0,0,28311.0,0
0.0,1.0,1.0,0,25214.0,0
0.0,1.0,1.0,0,42068.0,1
0.0,1.0,1.0,0,10450.0,1
0.0,1.0,1.0,0,11408.0,1
1.0,1.0,1.0,0,105674.0,1
0.0,1.0,1.0,0,15872.0,1
0.0,1.0,1.0,0,10689.0,1
1.0,1.0,1.0,0,0.0,0
0.0,1.0,1.0,0,22305.0,0
0.0,1.0,1.0,0,1413.0,0
0.0,1.0,1.0,1,4108.0,2
0.0,1.0,1.0,0,38240.0,0
0.0,1.0,1.0,0,74202.0,0
0.0,1.0,1.0,1,6615.0,2
0.0,1.0,1.0,0,36880.0,0
0.0,1.0,1.0,0,97545.0,0
1.0,1.0,1.0,0,27073.0,0
1.0,1.0,1.0,0,198882.0,0
0.0,1.0,1.0,0,3389.0,0
1.0,1.0,1.0,0,18639.0,0
0.0,1.0,1.0,0,40686.0,0
0.0,1.0,1.0,0,46470.0,0
0.0,1.0,1.0,0,8285.0,0
1.0,1.0,1.0,0,84015.0,0
1.0,1.0,1.0,0,53426.0,0
0.0,1.0,1.0,0,38233.0,0
1.0,1.0,1.0,0,11208.0,0
0.0,1.0,1.0,1,12145.0,2
0.0,1.0,1.0,0,17413.0,0
0.0,1.0,1.0,0,3318.0,0
0.0,1.0,1.0,0,5803.0,0
0.0,1.0,1.0,0,22476.0,0
0.0,1.0,1.0,0,150066.0,0
0.0,1.0,1.0,0,33497.0,0
0.0,1.0,1.0,0,44165.0,0
0.0,1.0,1.0,0,43697.0,0
0.0,1.0,1.0,0,28872.0,0
0.0,1.0,1.0,0,4052.0,0
0.0,1.0,1.0,0,1989.0,0
0.0,1.0,1.0,0,26485.0,0
0.0,1.0,1.0,0,6413.0,0
0.0,1.0,1.0,0,10286.0,0
0.0,1.0,1.0,0,3516.0,0
0.0,1.0,1.0,0,5620.0,0
0.0,1.0,1.0,0,7621.0,0
1.0,1.0,1.0,0,31747.0,0
0.0,1.0,1.0,0,13147.0,0
1.0,1.0,1.0,0,79638.0,0
0.0,1.0,1.0,0,12609.0,0
1.0,1.0,1.0,0,32810.0,0
0.0,1.0,1.0,0,23442.0,1
0.0,1.0,1.0,0,73279.0,1
0.0,1.0,1.0,0,41706.0,1
1.0,1.0,1.0,0,55626.0,1
1.0,1.0,1.0,0,9935.0,1
1.0,2.0,1.0,0,173.0,1
0.0,1.0,1.0,0,25534.0,1
0.0,1.0,1.0,0,71867.0,1
0.0,1.0,1.0,0,57053.0,1
1.0,1.0,1.0,0,2475.0,1
0.0,1.0,1.0,0,15128.0,1
0.0,1.0,1.0,0,39436.0,1
0.0,1.0,1.0,0,79311.0,1
0.0,1.0,1.0,0,48064.0,1
0.0,1.0,1.0,0,28641.0,1
0.0,1.0,1.0,0,92567.0,1
0.0,1.0,1.0,0,117449.0,1
0.0,1.0,1.0,0,19528.0,1
0.0,1.0,1.0,0,5754.0,1
0.0,1.0,1.0,1,92040.0,2
1.0,1.0,1.0,0,5083.0,1
0.0,1.0,1.0,0,11571.0,1
0.0,1.0,1.0,0,0.0,0
1.0,1.0,1.0,0,8831.0,0
0.0,1.0,1.0,0,159764.0,0
0.0,1.0,1.0,0,3160.0,0
0.0,1.0,1.0,0,50353.0,0
0.0,1.0,1.0,0,27809.0,0
0.0,1.0,1.0,0,33270.0,0
1.0,1.0,1.0,0,37909.0,0
0.0,1.0,1.0,0,37672.0,0
1.0,1.0,1.0,0,9465.0,0
0.0,1.0,1.0,0,28591.0,0
1.0,1.0,1.0,0,77486.0,0
1.0,1.0,1.0,0,13598.0,0
0.0,1.0,1.0,1,11463.0,2
0.0,1.0,1.0,0,36564.0,0
0.0,1.0,1.0,0,5900.0,0
0.0,1.0,1.0,0,103273.0,0
0.0,1.0,1.0,0,28661.0,0
0.0,1.0,1.0,0,15368.0,0
0.0,1.0,1.0,0,15068.0,0
0.0,1.0,1.0,0,21487.0,0
0.0,1.0,1.0,0,142320.0,0
0.0,1.0,1.0,0,19412.0,0
1.0,1.0,1.0,0,14223.0,0
1.0,1.0,1.0,0,43283.0,0
0.0,1.0,1.0,0,93110.0,0
0.0,1.0,1.0,0,4316.0,0
0.0,1.0,1.0,0,41879.0,0
0.0,1.0,1.0,0,3468.0,0
1.0,1.0,1.0,0,21607.0,0
0.0,1.0,1.0,1,54545.0,2
0.0,1.0,1.0,0,22262.0,0
0.0,1.0,1.0,1,139562.0,2
0.0,1.0,1.0,0,21315.0,0
1.0,1.0,1.0,0,12326.0,0
0.0,1.0,1.0,0,42014.0,0
0.0,1.0,1.0,0,23431.0,0
0.0,1.0,1.0,0,3721.0,0
1.0,1.0,1.0,0,59483.0,0
0.0,1.0,1.0,0,24416.0,0
0.0,1.0,1.0,0,42926.0,0
0.0,1.0,1.0,0,3063.0,0
1.0,1.0,1.0,0,16925.0,0
0.0,1.0,1.0,0,3375.0,0
0.0,1.0,1.0,0,91080.0,1
0.0,1.0,1.0,0,4745.0,1
0.0,1.0,1.0,0,104244.0,1
0.0,1.0,1.0,0,19494.0,1
0.0,1.0,1.0,0,27825.0,1
0.0,1.0,1.0,0,85354.0,1
0.0,1.0,1.0,0,28430.0,1
0.0,1.0,1.0,0,64776.0,1
0.0,1.0,1.0,0,2898.0,1
0.0,1.0,1.0,0,12444.0,1
1.0,1.0,1.0,0,82671.0,1
1.0,1.0,1.0,0,43356.0,1
0.0,1.0,1.0,0,3163.0,1
0.0,1.0,1.0,0,134671.0,1
0.0,1.0,1.0,0,49784.0,1
0.0,1.0,1.0,0,80054.0,1
0.0,1.0,1.0,0,16348.0,1
1.0,1.0,1.0,0,0.0,0
0.0,1.0,1.0,0,18727.0,0
0.0,1.0,1.0,0,109887.0,0
0.0,1.0,1.0,0,86726.0,0
0.0,1.0,1.0,0,30593.0,0
1.0,1.0,1.0,0,11453.0,0
0.0,1.0,1.0,0,29022.0,0
0.0,1.0,1.0,0,121055.0,0
0.0,1.0,1.0,0,38808.0,0
1.0,1.0,1.0,0,787.0,0
1.0,1.0,1.0,0,3222.0,0
0.0,1.0,1.0,0,108725.0,0
1.0,1.0,1.0,0,20821.0,0
0.0,1.0,1.0,0,7854.0,0
0.0,1.0,1.0,0,766.0,0
0.0,1.0,1.0,0,41877.0,0
1.0,1.0,1.0,0,4104.0,0
0.0,1.0,1.0,0,71792.0,0
0.0,1.0,1.0,0,20742.0,0
0.0,1.0,1.0,0,14133.0,0
0.0,1.0,1.0,0,6528.0,0
1.0,1.0,1.0,0,5480.0,0
0.0,1.0,1.0,0,7019.0,0
0.0,1.0,1.0,0,131732.0,0
0.0,1.0,1.0,0,34490.0,0
0.0,1.0,1.0,0,20528.0,0
0.0,1.0,1.0,0,453.0,0
1.0,1.0,1.0,0,2128.0,0
0.0,1.0,1.0,0,22774.0,0
0.0,1.0,1.0,0,29614.0,0
1.0,1.0,1.0,0,17971.0,0
1.0,1.0,1.0,0,22815.0,0
0.0,1.0,1.0,0,59202.0,0
0.0,1.0,1.0,0,111314.0,0
0.0,1.0,1.0,0,34741.0,0
1.0,1.0,1.0,0,5664.0,0
0.0,1.0,1.0,0,43157.0,0
0.0,1.0,1.0,0,15188.0,0
0.0,1.0,1.0,0,161335.0,0
1.0,1.0,1.0,0,6968.0,0
0.0,1.0,1.0,0,3338.0,0
1.0,1.0,1.0,0,9356.0,0
1.0,1.0,1.0,0,33308.0,0
0.0,1.0,1.0,0,65216.0,0
0.0,1.0,1.0,0,74149.0,0
1.0,1.0,1.0,0,4491.0,0
0.0,1.0,1.0,0,127481.0,0
0.0,1.0,1.0,0,35857.0,0
0.0,1.0,1.0,0,23766.0,0
0.0,1.0,1.0,0,392.0,0
0.0,1.0,1.0,0,13575.0,0
0.0,1.0,1.0,0,3665.0,0
0.0,1.0,1.0,0,33237.0,0
0.0,1.0,1.0,0,20911.0,0
1.0,1.0,1.0,0,75965.0,0
0.0,1.0,1.0,0,4875.0,0
0.0,1.0,1.0,0,71605.0,0
0.0,1.0,1.0,0,57712.0,0
0.0,1.0,1.0,0,42067.0,0
1.0,1.0,1.0,0,3496.0,0
0.0,1.0,1.0,0,109758.0,0
0.0,1.0,1.0,0,23274.0,0
0.0,1.0,1.0,0,25335.0,0
1.0,1.0,1.0,0,5548.0,0
1.0,1.0,1.0,0,56368.0,0
0.0,1.0,1.0,0,26870.0,0
0.0,1.0,1.0,0,20935.0,0
1.0,1.0,1.0,0,0.0,0
0.0,1.0,1.0,0,6596.0,0
0.0,1.0,1.0,0,44044.0,0
1.0,1.0,1.0,0,77918.0,0
1.0,1.0,1.0,0,33751.0,0
0.0,1.0,1.0,0,63419.0,0
1.0,1.0,1.0,0,24943.0,0
1.0,1.0,1.0,0,63022.0,0
1.0,1.0,1.0,0,100761.0,0
0.0,1.0,1.0,0,43510.0,0
0.0,1.0,1.0,0,37148.0,0
0.0,1.0,1.0,0,26172.0,0
1.0,1.0,1.0,0,9702.0,0
0.0,1.0,1.0,0,3749.0,0
1.0,1.0,1.0,0,27686.0,0
0.0,1.0,1.0,0,59410.0,0
1.0,1.0,1.0,0,28773.0,0
1.0,1.0,1.0,0,99549.0,0
0.0,1.0,1.0,0,23432.0,0
0.0,1.0,1.0,0,4543.0,0
0.0,1.0,1.0,0,3770.0,0
1.0,1.0,1.0,0,139180.0,0
0.0,1.0,1.0,0,71586.0,0
0.0,1.0,1.0,0,5815.0,0
0.0,1.0,1.0,0,50458.0,0
0.0,1.0,1.0,0,20295.0,0
0.0,1.0,1.0,1,50886.0,2
0.0,1.0,1.0,0,2190.0,0
0.0,1.0,1.0,0,98945.0,0
0.0,1.0,1.0,0,41849.0,0
1.0,1.0,1.0,0,7404.0,0
0.0,1.0,1.0,0,44191.0,0
0.0,1.0,1.0,0,617.0,0
0.0,1.0,1.0,0,115472.0,0
0.0,1.0,1.0,0,31103.0,0
0.0,1.0,1.0,0,28069.0,0
0.0,1.0,1.0,0,233551.0,0
0.0,1.0,1.0,0,57010.0,0
0.0,1.0,1.0,0,27224.0,0
0.0,1.0,1.0,0,16061.0,0
0.0,1.0,1.0,0,87234.0,0
0.0,1.0,1.0,0,11478.0,0
0.0,1.0,1.0,0,6620.0,0
0.0,1.0,1.0,0,32567.0,0
0.0,1.0,1.0,0,6307.0,0
0.0,1.0,1.0,1,22744.0,2
0.0,1.0,1.0,0,9655.0,0
0.0,1.0,1.0,0,69673.0,0
0.0,1.0,1.0,0,7186.0,0
1.0,1.0,1.0,0,20449.0,0
0.0,1.0,1.0,1,80630.0,2
1.0,1.0,1.0,0,15533.0,0
1.0,1.0,1.0,0,34713.0,0
0.0,1.0,1.0,0,4809.0,0
1.0,1.0,1.0,0,11495.0,0
0.0,1.0,1.0,0,136600.0,0
1.0,1.0,1.0,0,3411.0,0
0.0,1.0,1.0,0,7542.0,0
1.0,1.0,1.0,0,150639.0,0
1.0,1.0,1.0,0,0.0,0
0.0,1.0,1.0,0,18290.0,0
0.0,1.0,1.0,0,2035.0,0
1.0,1.0,1.0,0,11421.0,0
0.0,1.0,1.0,0,26274.0,0
1.0,1.0,1.0,0,14147.0,0
1.0,1.0,1.0,0,23318.0,0
0.0,1.0,1.0,0,19289.0,0
1.0,1.0,1.0,0,34512.0,0
1.0,1.0,1.0,0,19783.0,0
0.0,1.0,1.0,0,17004.0,0
0.0,1.0,1.0,0,71558.0,0
0.0,1.0,1.0,0,55112.0,0
0.0,1.0,1.0,0,7275.0,0
0.0,1.0,1.0,0,994.0,0
0.0,1.0,1.0,0,12486.0,0
0.0,1.0,1.0,0,8893.0,0
0.0,1.0,1.0,0,29280.0,0
0.0,1.0,1.0,0,72368.0,0
0.0,1.0,1.0,1,41280.0,2
1.0,1.0,1.0,0,1469.0,0
0.0,1.0,1.0,0,34324.0,0
0.0,1.0,1.0,0,74717.0,0
0.0,1.0,1.0,0,56206.0,0
1.0,1.0,1.0,0,24940.0,0
0.0,1.0,1.0,0,37053.0,0
1.0,1.0,1.0,0,10295.0,0
1.0,1.0,1.0,0,32082.0,0
1.0,1.0,1.0,0,12108.0,0
0.0,1.0,1.0,0,46112.0,0
0.0,1.0,1.0,0,32590.0,0
0.0,1.0,1.0,0,3731.0,0
0.0,1.0,1.0,0,16965.0,0
0.0,1.0,1.0,0,8188.0,0
0.0,1.0,1.0,0,34262.0,0
0.0,1.0,1.0,0,17962.0,0
1.0,1.0,1.0,0,22213.0,0
0.0,1.0,1.0,0,37874.0,0
0.0,1.0,1.0,0,68349.0,0
0.0,1.0,1.0,0,48735.0,0
0.0,1.0,1.0,0,11851.0,0
0.0,1.0,1.0,0,22034.0,0
0.0,1.0,1.0,0,88978.0,0
0.0,1.0,1.0,0,21560.0,0
0.0,1.0,1.0,0,13226.0,0
0.0,1.0,1.0,0,34397.0,0
0.0,1.0,1.0,0,36578.0,0
0.0,1.0,1.0,0,81157.0,0
0.0,1.0,1.0,0,65811.0,0
0.0,1.0,1.0,1,27538.0,2
1.0,1.0,1.0,0,2020.0,0
0.0,1.0,1.0,0,22216.0,0
0.0,1.0,1.0,0,7015.0,0
0.0,1.0,1.0,0,6889.0,1
0.0,1.0,1.0,0,50933.0,1
0.0,1.0,1.0,0,10826.0,1
1.0,1.0,1.0,0,22764.0,1
0.0,1.0,1.0,0,52149.0,1
1.0,1.0,1.0,0,3896.0,1
0.0,1.0,1.0,0,11014.0,1
0.0,1.0,1.0,0,26318.0,1
1.0,1.0,1.0,0,27554.0,1
1.0,1.0,1.0,0,1814.0,1
0.0,1.0,1.0,0,40955.0,1
1.0,1.0,1.0,0,73704.0,1
0.0,1.0,1.0,0,80906.0,1
1.0,1.0,1.0,0,17288.0,1
0.0,1.0,1.0,0,13502.0,1
0.0,1.0,1.0,0,178550.0,1
1.0,1.0,1.0,0,34928.0,1
1.0,1.0,1.0,0,79529.0,1
0.0,1.0,1.0,0,22178.0,1
1.0,1.0,1.0,0,9788.0,1
0.0,1.0,1.0,0,12709.0,1
1.0,1.0,1.0,0,51152.0,1
0.0,1.0,1.0,0,26092.0,1
1.0,1.0,1.0,0,15244.0,1
0.0,1.0,1.0,0,54241.0,1
0.0,1.0,1.0,0,2621.0,1
0.0,1.0,1.0,0,6292.0,1
0.0,1.0,1.0,0,0.0,0
0.0,1.0,1.0,0,9311.0,0
1.0,1.0,1.0,0,41855.0,0
0.0,1.0,1.0,0,11499.0,0
0.0,1.0,1.0,1,29063.0,2
1.0,1.0,1.0,0,63040.0,0
0.0,1.0,1.0,0,115022.0,0
0.0,1.0,1.0,0,143133.0,0
0.0,1.0,1.0,0,147776.0,0
0.0,1.0,1.0,0,30810.0,0
1.0,1.0,1.0,0,26343.0,0
0.0,1.0,1.0,0,128810.0,0
0.0,1.0,1.0,0,16035.0,0
0.0,1.0,1.0,1,1874.0,2
1.0,1.0,1.0,0,53848.0,0
0.0,1.0,1.0,0,34238.0,0
0.0,1.0,1.0,0,120458.0,0
1.0,1.0,1.0,0,40370.0,0
0.0,1.0,1.0,0,63463.0,0
0.0,1.0,1.0,0,3070.0,0
0.0,1.0,1.0,0,124644.0,0
0.0,1.0,1.0,0,45495.0,0
1.0,1.0,1.0,0,7621.0,0
0.0,1.0,1.0,1,9933.0,2
0.0,1.0,1.0,0,35259.0,0
0.0,1.0,1.0,0,3546.0,0
0.0,1.0,1.0,0,73047.0,0
1.0,1.0,1.0,0,53217.0,0
0.0,1.0,1.0,0,229236.0,0
0.0,1.0,1.0,0,8511.0,0
1.0,1.0,1.0,0,28835.0,0
1.0,1.0,1.0,0,92233.0,0
1.0,1.0,1.0,0,155777.0,0
0.0,1.0,1.0,0,11984.0,0
0.0,1.0,1.0,0,11073.0,0
0.0,1.0,1.0,0,60818.0,0
0.0,1.0,1.0,0,28909.0,0
0.0,1.0,1.0,0,61321.0,0
0.0,1.0,1.0,0,67393.0,0
0.0,1.0,1.0,0,247661.0,0
0.0,1.0,1.0,0,38864.0,0
0.0,1.0,1.0,0,0.0,0
0.0,1.0,1.0,0,16089.0,0
0.0,1.0,1.0,0,67433.0,0
0.0,1.0,1.0,0,56183.0,0
0.0,1.0,1.0,0,31213.0,0
0.0,1.0,1.0,0,114586.0,0
0.0,1.0,1.0,0,5255.0,0
0.0,1.0,1.0,0,14105.0,0
0.0,1.0,1.0,0,7325.0,0
0.0,1.0,1.0,0,4494.0,0
1.0,1.0,1.0,0,5498.0,0
0.0,1.0,1.0,0,13949.0,0
0.0,1.0,1.0,0,83278.0,0
0.0,1.0,1.0,0,12356.0,0
1.0,1.0,1.0,0,13240.0,0
0.0,1.0,1.0,0,27796.0,0
1.0,1.0,1.0,0,1651.0,0
0.0,1.0,1.0,0,5585.0,0
1.0,1.0,1.0,0,104369.0,0
0.0,1.0,1.0,0,160260.0,0
0.0,1.0,1.0,0,77516.0,0
1.0,1.0,1.0,0,15544.0,0
0.0,1.0,1.0,0,35684.0,0
0.0,1.0,1.0,1,5926.0,2
1.0,1.0,1.0,0,28649.0,0
0.0,1.0,1.0,0,88914.0,0
1.0,1.0,1.0,0,61920.0,0
1.0,1.0,1.0,0,276.0,0
0.0,1.0,1.0,1,1810.0,2
0.0,1.0,1.0,0,61689.0,0
0.0,1.0,1.0,0,21967.0,0
1.0,1.0,1.0,0,60035.0,0
0.0,1.0,1.0,0,47814.0,0
0.0,1.0,1.0,0,57531.0,0
1.0,1.0,1.0,0,85828.0,0
0.0,1.0,1.0,0,20418.0,0
0.0,1.0,1.0,0,12949.0,0
0.0,1.0,1.0,1,13172.0,2
1.0,1.0,1.0,0,32937.0,0
0.0,1.0,1.0,1,4290.0,2
0.0,1.0,1.0,1,48250.0,2
0.0,1.0,1.0,0,20512.0,0
0.0,1.0,1.0,0,79433.0,0
0.0,1.0,1.0,0,28119.0,0
0.0,1.0,1.0,0,40891.0,0
1.0,1.0,1.0,0,11208.0,0
0.0,1.0,1.0,0,160884.0,0
0.0,1.0,1.0,0,4089.0,0
0.0,1.0,1.0,0,38981.0,0
1.0,1.0,1.0,0,12060.0,0
0.0,1.0,1.0,0,16141.0,0
0.0,1.0,1.0,0,2213.0,0
0.0,1.0,1.0,0,559.0,0
0.0,1.0,1.0,0,52125.0,0
0.0,1.0,1.0,0,143625.0,0
0.0,1.0,1.0,0,31461.0,1
0.0,1.0,1.0,1,4599.0,2
0.0,1.0,1.0,0,13474.0,1
0.0,1.0,1.0,0,65639.0,1
0.0,1.0,1.0,0,6531.0,1
0.0,1.0,1.0,0,8482.0,1
0.0,1.0,1.0,0,27032.0,1
0.0,1.0,1.0,0,46955.0,1
1.0,1.0,1.0,0,118347.0,1
1.0,1.0,1.0,0,6856.0,1
0.0,1.0,1.0,0,0.0,0
0.0,1.0,1.0,0,562.0,0
1.0,1.0,1.0,0,64267.0,0
0.0,1.0,1.0,0,13884.0,0
0.0,1.0,1.0,0,22482.0,0
0.0,1.0,1.0,0,74087.0,0
0.0,1.0,1.0,0,12077.0,0
0.0,1.0,1.0,0,26526.0,0
0.0,1.0,1.0,0,17306.0,0
0.0,1.0,1.0,0,33916.0,0
0.0,1.0,1.0,0,1268.0,0
1.0,1.0,1.0,0,70434.0,0
1.0,1.0,1.0,0,29634.0,0
1.0,1.0,1.0,0,24712.0,0
1.0,1.0,1.0,0,52190.0,0
0.0,1.0,1.0,0,71598.0,0
0.0,1.0,1.0,0,16880.0,0
0.0,1.0,1.0,0,117441.0,0
0.0,1.0,1.0,0,60124.0,0
0.0,1.0,1.0,0,3807.0,0
1.0,1.0,1.0,0,27651.0,0
0.0,1.0,1.0,0,47077.0,0
0.0,1.0,1.0,0,16345.0,0
1.0,1.0,1.0,0,3261.0,0
0.0,1.0,1.0,0,16756.0,0
0.0,1.0,1.0,0,25228.0,0
0.0,1.0,1.0,0,23421.0,0
0.0,1.0,1.0,0,7148.0,0
0.0,1.0,1.0,0,32355.0,0
0.0,1.0,1.0,0,82895.0,0
0.0,1.0,1.0,0,12378.0,0
0.0,1.0,1.0,0,36039.0,0
0.0,1.0,1.0,0,57350.0,0
1.0,1.0,1.0,0,21358.0,0
0.0,1.0,1.0,1,181921.0,2
0.0,1.0,1.0,0,31987.0,0
0.0,1.0,1.0,0,131398.0,0
0.0,1.0,1.0,0,104183.0,0
1.0,1.0,1.0,0,1257.0,0
1.0,1.0,1.0,0,3254.0,0
0.0,1.0,1.0,0,48363.0,0
0.0,1.0,1.0,0,4263.0,0
1.0,1.0,1.0,0,39150.0,0
0.0,1.0,1.0,0,38209.0,0
1.0,1.0,1.0,0,69003.0,0
0.0,1.0,1.0,0,4763.0,0
0.0,1.0,1.0,0,95374.0,0
0.0,1.0,1.0,0,7905.0,0
0.0,1.0,1.0,0,44627.0,0
0.0,1.0,1.0,0,106784.0,1
0.0,1.0,1.0,0,87755.0,1
1.0,1.0,1.0,0,18862.0,1
0.0,1.0,1.0,0,13603.0,1
0.0,1.0,1.0,0,68049.0,1
0.0,1.0,1.0,0,208768.0,1
1.0,1.0,1.0,0,8538.0,1
0.0,1.0,1.0,1,86185.0,2
0.0,1.0,1.0,0,0.0,0
0.0,1.0,1.0,0,11813.0,0
0.0,1.0,1.0,0,52144.0,0
0.0,1.0,1.0,0,30767.0,0
0.0,1.0,1.0,0,13119.0,0
1.0,1.0,1.0,0,63831.0,0
0.0,1.0,1.0,0,15244.0,0
0.0,1.0,1.0,0,52473.0,0
0.0,1.0,1.0,0,46695.0,0
0.0,1.0,1.0,0,44625.0,0
0.0,1.0,1.0,0,83657.0,0
1.0,1.0,1.0,0,29651.0,0
0.0,1.0,1.0,0,13234.0,0
0.0,1.0,1.0,0,34206.0,0
0.0,1.0,1.0,0,70483.0,0
0.0,1.0,1.0,0,441.0,0
0.0,1.0,1.0,0,3257.0,0
1.0,1.0,1.0,0,55234.0,0
0.0,1.0,1.0,0,98930.0,0
1.0,1.0,1.0,0,42072.0,0
1.0,1.0,1.0,0,14637.0,0
0.0,1.0,1.0,0,43715.0,0
0.0,1.0,1.0,0,117182.0,0
0.0,1.0,1.0,0,624.0,0
0.0,1.0,1.0,0,27319.0,0
0.0,1.0,1.0,0,28672.0,0
1.0,1.0,1.0,0,14744.0,0
0.0,1.0,1.0,0,7756.0,0
0.0,1.0,1.0,0,170668.0,0
1.0,1.0,1.0,0,30112.0,0
0.0,1.0,1.0,0,157121.0,0
0.0,1.0,1.0,0,2440.0,0
0.0,1.0,1.0,0,36651.0,0
1.0,1.0,1.0,0,34153.0,0
0.0,2.0,1.0,0,270.0,0
0.0,1.0,1.0,0,12895.0,0
0.0,1.0,1.0,0,33200.0,0
0.0,1.0,1.0,0,117051.0,1
0.0,1.0,1.0,0,30544.0,1
0.0,1.0,1.0,0,6078.0,1
1.0,1.0,1.0,0,8425.0,1
0.0,1.0,1.0,0,16698.0,1
0.0,1.0,1.0,0,69650.0,1
0.0,2.0,1.0,0,89.0,1
0.0,1.0,1.0,0,185661.0,1
1.0,1.0,1.0,0,21571.0,1
0.0,1.0,1.0,0,63091.0,1
0.0,1.0,1.0,0,13674.0,1
0.0,1.0,1.0,0,46305.0,1
0.0,1.0,1.0,0,1675.0,1
0.0,1.0,1.0,0,69024.0,1
0.0,1.0,1.0,0,86634.0,1
0.0,1.0,1.0,0,8786.0,1
0.0,1.0,1.0,0,88613.0,1
0.0,1.0,1.0,0,0.0,0
0.0,1.0,1.0,0,15670.0,0
0.0,1.0,1.0,0,42960.0,0
0.0,1.0,1.0,0,9456.0,0
0.0,1.0,1.0,0,58882.0,0
0.0,1.0,1.0,0,10843.0,0
0.0,1.0,1.0,0,51554.0,0
1.0,1.0,1.0,0,26949.0,0
0.0,1.0,1.0,0,40022.0,0
0.0,1.0,1.0,0,41344.0,0
1.0,1.0,1.0,0,77119.0,0
1.0,1.0,1.0,0,82314.0,0
1.0,1.0,1.0,0,25073.0,0
1.0,1.0,1.0,0,70554.0,0
0.0,1.0,1.0,0,48928.0,0
1.0,1.0,1.0,0,956.0,0
0.0,1.0,1.0,0,55740.0,0
0.0,1.0,1.0,0,28801.0,0
0.0,1.0,1.0,0,28881.0,0
0.0,1.0,1.0,0,84413.0,0
0.0,1.0,1.0,0,56789.0,0
0.0,1.0,1.0,0,28905.0,0
1.0,1.0,1.0,0,44337.0,0
0.0,1.0,1.0,0,15894.0,0
1.0,1.0,1.0,0,61221.0,0
0.0,1.0,1.0,0,26424.0,0
0.0,1.0,1.0,0,85277.0,0
0.0,1.0,1.0,0,155462.0,0
0.0,1.0,1.0,0,44588.0,1
1.0,1.0,1.0,0,43727.0,1
0.0,1.0,1.0,0,106608.0,1
1.0,1.0,1.0,0,135688.0,1
0.0,1.0,1.0,0,111100.0,1
0.0,1.0,1.0,0,28834.0,1
1.0,1.0,1.0,0,4564.0,1
0.0,1.0,1.0,0,182181.0,1
0.0,1.0,1.0,0,138304.0,1
0.0,1.0,1.0,0,12710.0,1
1.0,1.0,1.0,0,40307.0,1
1.0,1.0,1.0,0,164139.0,1
1.0,1.0,1.0,0,0.0,0
1.0,1.0,1.0,0,26436.0,0
0.0,1.0,1.0,0,130831.0,0
0.0,1.0,1.0,0,24461.0,0
0.0,1.0,1.0,0,126194.0,0
1.0,1.0,1.0,0,17360.0,0
0.0,1.0,1.0,0,5329.0,0
0.0,1.0,1.0,0,73444.0,0
0.0,1.0,1.0,0,7947.0,0
1.0,1.0,1.0,0,29959.0,0
0.0,1.0,1.0,0,40229.0,0
1.0,1.0,1.0,0,28407.0,0
0.0,1.0,1.0,0,775.0,0
0.0,1.0,1.0,0,7654.0,0
1.0,1.0,1.0,0,90914.0,0
0.0,1.0,1.0,0,75998.0,0
1.0,1.0,1.0,0,30108.0,0
1.0,1.0,1.0,0,29964.0,0
0.0,1.0,1.0,0,14931.0,0
1.0,1.0,1.0,0,31446.0,0
0.0,1.0,1.0,1,27856.0,2
0.0,1.0,1.0,0,27432.0,0
0.0,1.0,1.0,0,68704.0,0
0.0,1.0,1.0,0,105588.0,0
1.0,1.0,1.0,0,1603.0,0
0.0,1.0,1.0,0,584.0,0
0.0,1.0,1.0,0,38578.0,0
0.0,1.0,1.0,0,9133.0,0
0.0,1.0,1.0,1,71766.0,2
0.0,1.0,1.0,0,10940.0,0
0.0,2.0,1.0,0,211.0,0
0.0,1.0,1.0,0,91671.0,0
0.0,1.0,1.0,0,10088.0,0
0.0,1.0,1.0,0,27204.0,0
0.0,1.0,1.0,0,45835.0,0
0.0,1.0,1.0,1,200124.0,2
0.0,1.0,1.0,0,39451.0,0
0.0,1.0,1.0,0,21933.0,0
0.0,1.0,1.0,0,7871.0,0
0.0,1.0,1.0,0,39983.0,0
0.0,1.0,1.0,0,37454.0,0
0.0,1.0,1.0,0,7036.0,0
1.0,1.0,1.0,0,24500.0,0
0.0,1.0,1.0,0,16798.0,0
1.0,1.0,1.0,0,10122.0,0
1.0,1.0,1.0,0,12512.0,0
1.0,1.0,1.0,0,95465.0,0
0.0,1.0,1.0,1,13091.0,2
0.0,1.0,1.0,0,37954.0,0
0.0,1.0,1.0,0,68784.0,0
1.0,1.0,1.0,0,16106.0,0
1.0,1.0,1.0,0,40705.0,0
0.0,1.0,1.0,0,12882.0,0
0.0,1.0,1.0,1,56954.0,2
0.0,1.0,1.0,0,2304.0,0
0.0,1.0,1.0,0,10976.0,1
1.0,1.0,1.0,0,9643.0,1
0.0,1.0,1.0,0,49829.0,1
0.0,1.0,1.0,0,23476.0,1
1.0,1.0,1.0,0,41898.0,1
1.0,1.0,1.0,0,15734.0,1
0.0,1.0,1.0,0,5788.0,1
1.0,1.0,1.0,0,28221.0,1
0.0,1.0,1.0,0,10501.0,1
1.0,1.0,1.0,0,21306.0,1
0.0,1.0,1.0,0,9775.0,1
0.0,1.0,1.0,0,43328.0,1
1.0,1.0,1.0,0,2905.0,1
0.0,1.0,1.0,0,64911.0,1
0.0,1.0,1.0,0,30566.0,1
0.0,1.0,1.0,0,22206.0,1
0.0,1.0,1.0,0,23613.0,1
0.0,1.0,1.0,0,45796.0,1
0.0,1.0,1.0,0,0.0,0
0.0,1.0,1.0,0,9529.0,0
0.0,1.0,1.0,0,28599.0,0
0.0,1.0,1.0,0,11975.0,0
0.0,1.0,1.0,0,15811.0,0
0.0,1.0,1.0,0,21595.0,0
0.0,1.0,1.0,0,8650.0,0
0.0,1.0,1.0,0,35279.0,0
1.0,1.0,1.0,0,46907.0,0
0.0,1.0,1.0,0,143426.0,0
1.0,1.0,1.0,0,150071.0,0
0.0,1.0,1.0,0,2594.0,0
1.0,1.0,1.0,0,99102.0,0
0.0,1.0,1.0,0,17349.0,0
0.0,1.0,1.0,0,11625.0,0
0.0,1.0,1.0,0,18960.0,0
0.0,1.0,1.0,0,69540.0,0
0.0,1.0,1.0,1,77613.0,2
1.0,1.0,1.0,0,31021.0,0
0.0,1.0,1.0,0,69864.0,0
1.0,1.0,1.0,0,27607.0,0
0.0,1.0,1.0,0,53933.0,0
0.0,1.0,1.0,0,38479.0,0
0.0,1.0,1.0,0,7416.0,0
1.0,1.0,1.0,0,98067.0,0
0.0,1.0,1.0,0,25673.0,0
1.0,1.0,1.0,0,38520.0,0
0.0,2.0,1.0,1,75.0,2
0.0,1.0,1.0,0,80934.0,0
0.0,1.0,1.0,0,60154.0,0
0.0,1.0,1.0,0,66741.0,0
0.0,2.0,1.0,1,291.0,2
0.0,1.0,1.0,0,9503.0,0
0.0,1.0,1.0,0,143641.0,0
1.0,1.0,1.0,0,28126.0,0
0.0,1.0,1.0,0,28080.0,0
1.0,1.0,1.0,0,88425.0,0
0.0,1.0,1.0,0,91128.0,0
0.0,1.0,1.0,0,100231.0,0
0.0,1.0,1.0,0,18858.0,0
1.0,1.0,1.0,0,15364.0,0
1.0,1.0,1.0,0,185587.0,0
0.0,1.0,1.0,0,44881.0,0
0.0,1.0,1.0,0,57817.0,0
1.0,1.0,1.0,0,2547.0,0
0.0,1.0,1.0,0,44007.0,0
1.0,1.0,1.0,0,19592.0,0
0.0,1.0,1.0,0,19323.0,0
0.0,1.0,1.0,0,8178.0,0
0.0,1.0,1.0,0,34031.0,0
1.0,1.0,1.0,0,36436.0,0
1.0,1.0,1.0,0,52455.0,0
0.0,1.0,1.0,1,340.0,2
0.0,1.0,1.0,0,13938.0,1
0.0,1.0,1.0,0,0.0,0
0.0,1.0,1.0,0,59856.0,0
0.0,1.0,1.0,0,6294.0,0
0.0,1.0,1.0,0,74704.0,0
0.0,1.0,1.0,0,8438.0,0
0.0,1.0,1.0,0,44055.0,0
0.0,1.0,1.0,0,6659.0,0
0.0,1.0,1.0,0,35959.0,0
0.0,1.0,1.0,0,113912.0,0
1.0,1.0,1.0,0,166599.0,0
1.0,1.0,1.0,0,14763.0,0
1.0,1.0,1.0,0,71468.0,0
0.0,1.0,1.0,0,58436.0,0
0.0,1.0,1.0,0,26608.0,0
1.0,1.0,1.0,0,37073.0,0
0.0,1.0,1.0,0,64210.0,0
1.0,1.0,1.0,0,19334.0,0
0.0,1.0,1.0,0,26784.0,0
0.0,1.0,1.0,0,59885.0,0
0.0,1.0,1.0,0,20217.0,0
1.0,1.0,1.0,0,72471.0,0
1.0,1.0,1.0,0,22402.0,0
0.0,1.0,1.0,0,26240.0,0
0.0,2.0,2.0,1,37.0,2
0.0,1.0,1.0,0,179756.0,0
0.0,1.0,1.0,0,13488.0,0
0.0,1.0,1.0,0,1973.0,0
1.0,1.0,1.0,0,43967.0,0
0.0,1.0,1.0,0,4159.0,0
0.0,1.0,1.0,0,121282.0,0
0.0,1.0,1.0,0,11250.0,0
0.0,1.0,1.0,0,30649.0,0
0.0,1.0,1.0,0,3939.0,0
0.0,1.0,1.0,0,6047.0,0
0.0,1.0,1.0,0,27729.0,0
0.0,1.0,1.0,0,156514.0,0
0.0,1.0,1.0,0,70054.0,0
0.0,1.0,1.0,0,81719.0,0
0.0,1.0,1.0,0,75384.0,0
0.0,1.0,1.0,0,6412.0,0
0.0,1.0,1.0,1,45723.0,2
1.0,1.0,1.0,0,972.0,0
1.0,1.0,1.0,0,33924.0,0
1.0,1.0,1.0,0,17315.0,0
0.0,1.0,1.0,0,38864.0,0
0.0,1.0,1.0,0,39436.0,0
0.0,1.0,1.0,0,22195.0,0
0.0,1.0,1.0,0,24166.0,0
0.0,1.0,1.0,0,99937.0,0
0.0,1.0,1.0,0,32515.0,0
1.0,1.0,1.0,0,25834.0,0
1.0,1.0,1.0,0,502.0,0
0.0,1.0,1.0,0,6582.0,0
0.0,1.0,1.0,1,10722.0,2
0.0,1.0,1.0,0,49903.0,0
0.0,1.0,1.0,0,23335.0,0
0.0,1.0,1.0,0,10278.0,0
0.0,1.0,1.0,0,53410.0,0
0.0,1.0,1.0,0,26076.0,1
0.0,1.0,1.0,0,43544.0,1
0.0,1.0,1.0,0,47024.0,1
0.0,1.0,1.0,0,41312.0,1
0.0,1.0,1.0,0,0.0,0
0.0,1.0,1.0,0,137324.0,0
0.0,1.0,1.0,0,50782.0,0
0.0,1.0,1.0,0,22422.0,0
0.0,1.0,1.0,0,76191.0,0
0.0,1.0,1.0,1,2995.0,2
0.0,1.0,1.0,0,71943.0,0
0.0,1.0,1.0,0,9410.0,0
0.0,1.0,1.0,0,52704.0,0
1.0,1.0,1.0,0,10704.0,0
0.0,1.0,1.0,0,68571.0,0
0.0,1.0,1.0,0,32070.0,0
1.0,1.0,1.0,0,15714.0,0
1.0,1.0,1.0,0,10778.0,0
0.0,1.0,1.0,0,100697.0,0
0.0,1.0,1.0,0,69981.0,0
0.0,1.0,1.0,0,31058.0,0
0.0,1.0,1.0,0,48659.0,0
0.0,1.0,1.0,0,11559.0,0
0.0,1.0,1.0,0,27418.0,0
1.0,1.0,1.0,0,87175.0,0
0.0,1.0,1.0,0,74774.0,0
1.0,1.0,1.0,0,21248.0,0
0.0,1.0,1.0,1,1712.0,2
0.0,1.0,1.0,0,3696.0,0
1.0,1.0,1.0,0,33642.0,0
1.0,1.0,1.0,0,178786.0,0
0.0,1.0,1.0,0,49295.0,0
1.0,1.0,1.0,0,48768.0,0
0.0,1.0,1.0,0,157018.0,0
0.0,1.0,1.0,0,15737.0,0
1.0,1.0,1.0,0,23851.0,0
0.0,1.0,1.0,0,20312.0,0
0.0,1.0,1.0,0,15908.0,0
1.0,1.0,1.0,0,7556.0,0
0.0,1.0,1.0,0,4791.0,0
0.0,1.0,1.0,0,5458.0,0
0.0,1.0,1.0,0,43304.0,0
0.0,1.0,1.0,0,2992.0,0
0.0,1.0,1.0,0,51299.0,0
0.0,1.0,1.0,0,160215.0,0
0.0,1.0,1.0,0,7701.0,0
0.0,1.0,1.0,0,59638.0,0
0.0,1.0,1.0,0,2784.0,0
0.0,1.0,1.0,0,77407.0,0
0.0,1.0,1.0,0,17081.0,0
0.0,1.0,1.0,0,98400.0,0
0.0,1.0,1.0,0,13154.0,0
1.0,1.0,1.0,0,10324.0,0
0.0,1.0,1.0,0,24740.0,0
0.0,1.0,1.0,0,237961.0,0
0.0,1.0,1.0,1,18084.0,2
0.0,1.0,1.0,0,0.0,0
1.0,1.0,1.0,0,652.0,0
1.0,1.0,1.0,0,11928.0,0
1.0,1.0,1.0,0,73407.0,0
0.0,1.0,1.0,0,72482.0,0
0.0,1.0,1.0,0,51328.0,0
0.0,1.0,1.0,0,22559.0,0
0.0,1.0,1.0,1,10513.0,2
0.0,1.0,1.0,0,6667.0,0
0.0,1.0,1.0,0,32847.0,0
0.0,1.0,1.0,0,73952.0,0
0.0,1.0,1.0,0,15419.0,0
0.0,1.0,1.0,0,10008.0,0
0.0,1.0,1.0,0,5023.0,0
1.0,1.0,1.0,0,119942.0,0
0.0,1.0,1.0,0,7072.0,0
0.0,1.0,1.0,0,55899.0,0
1.0,1.0,1.0,0,55777.0,0
1.0,1.0,1.0,0,24752.0,0
1.0,1.0,1.0,0,30638.0,0
0.0,1.0,1.0,0,110174.0,0
0.0,1.0,1.0,0,68748.0,0
1.0,1.0,1.0,0,34268.0,0
1.0,1.0,1.0,0,52219.0,0
0.0,1.0,1.0,0,56826.0,0
0.0,1.0,1.0,0,8211.0,0
1.0,1.0,1.0,0,22318.0,0
1.0,1.0,1.0,0,20993.0,0
1.0,1.0,1.0,0,4792.0,0
1.0,1.0,1.0,0,61555.0,0
0.0,1.0,1.0,0,223889.0,0
0.0,1.0,1.0,0,25806.0,0
0.0,1.0,1.0,0,27381.0,0
0.0,1.0,1.0,0,6436.0,0
0.0,1.0,1.0,0,7711.0,0
1.0,1.0,1.0,0,14439.0,0
1.0,1.0,1.0,0,25191.0,0
0.0,1.0,1.0,0,26479.0,0
0.0,1.0,1.0,0,7064.0,0
0.0,1.0,1.0,0,53842.0,0
1.0,1.0,1.0,0,39361.0,0
0.0,1.0,1.0,0,64138.0,0
0.0,1.0,1.0,0,3908.0,0
0.0,1.0,1.0,0,27960.0,0
0.0,1.0,1.0,0,21252.0,0
0.0,1.0,1.0,0,40931.0,0
1.0,1.0,1.0,0,41348.0,0
0.0,1.0,1.0,0,55614.0,0
0.0,1.0,1.0,0,2166.0,0
0.0,1.0,1.0,1,102374.0,2
0.0,1.0,1.0,1,9282.0,2
0.0,1.0,1.0,0,63628.0,0
0.0,1.0,1.0,0,2566.0,0
0.0,1.0,1.0,0,16868.0,0
0.0,1.0,1.0,0,30133.0,1
0.0,1.0,1.0,0,115222.0,1
0.0,1.0,1.0,0,57565.0,1
0.0,1.0,1.0,0,4087.0,1
1.0,1.0,1.0,0,22137.0,1
0.0,1.0,1.0,0,43895.0,1
1.0,1.0,1.0,0,38913.0,1
0.0,1.0,1.0,0,28353.0,1
0.0,1.0,1.0,0,105976.0,1
0.0,2.0,1.0,0,162.0,1
0.0,1.0,1.0,0,12177.0,1
0.0,1.0,1.0,0,17995.0,1
0.0,1.0,1.0,0,0.0,0
0.0,1.0,1.0,0,84075.0,0
0.0,1.0,1.0,0,16126.0,0
0.0,1.0,1.0,0,14129.0,0
0.0,1.0,1.0,0,59309.0,0
0.0,1.0,1.0,0,112258.0,0
0.0,1.0,1.0,0,11442.0,0
0.0,1.0,1.0,0,64404.0,0
0.0,1.0,1.0,0,10375.0,0
0.0,1.0,1.0,0,82314.0,0
0.0,1.0,1.0,0,48214.0,0
0.0,1.0,1.0,0,1153.0,0
0.0,1.0,1.0,0,83794.0,0
0.0,1.0,1.0,0,94346.0,0
0.0,1.0,1.0,0,64851.0,0
0.0,1.0,1.0,0,3630.0,0
0.0,1.0,1.0,0,9518.0,0
0.0,1.0,1.0,0,122891.0,0
0.0,1.0,1.0,0,23856.0,0
0.0,1.0,1.0,0,9395.0,0
1.0,1.0,1.0,0,2756.0,0
0.0,1.0,1.0,0,2420.0,0
0.0,1.0,1.0,1,45524.0,2
0.0,1.0,1.0,0,18998.0,0
1.0,1.0,1.0,0,30120.0,0
0.0,1.0,1.0,0,105394.0,0
0.0,1.0,1.0,0,1212.0,0
0.0,1.0,1.0,0,59376.0,0
0.0,1.0,1.0,0,41602.0,0
0.0,1.0,1.0,0,30737.0,0
1.0,1.0,1.0,0,25863.0,0
1.0,1.0,1.0,0,58905.0,0
1.0,1.0,1.0,0,30500.0,0
1.0,1.0,1.0,0,13262.0,0
0.0,1.0,1.0,0,58270.0,0
0.0,1.0,1.0,0,100194.0,0
0.0,1.0,1.0,0,25479.0,0
0.0,1.0,1.0,0,1693.0,0
1.0,1.0,1.0,0,6782.0,1
0.0,1.0,1.0,0,42137.0,1
0.0,1.0,1.0,0,41334.0,1
0.0,1.0,1.0,0,68669.0,1
0.0,1.0,1.0,0,16321.0,1
0.0,1.0,1.0,0,31844.0,1
0.0,1.0,1.0,0,40012.0,1
0.0,1.0,1.0,0,213423.0,1
0.0,1.0,1.0,0,23665.0,1
1.0,1.0,1.0,0,13160.0,1
1.0,1.0,1.0,0,89606.0,1
1.0,1.0,1.0,0,77974.0,1
0.0,1.0,1.0,0,15199.0,1
0.0,1.0,1.0,0,111474.0,1
0.0,1.0,1.0,0,47357.0,1
0.0,1.0,1.0,0,49371.0,1
0.0,1.0,1.0,0,0.0,0
1.0,1.0,1.0,0,44859.0,0
1.0,1.0,1.0,0,139733.0,0
0.0,1.0,1.0,0,43869.0,0
1.0,1.0,1.0,0,21286.0,0
1.0,1.0,1.0,0,69641.0,0
0.0,1.0,1.0,0,4650.0,0
0.0,1.0,1.0,0,22197.0,0
0.0,1.0,1.0,0,37727.0,0
1.0,1.0,1.0,0,46429.0,0
0.0,1.0,1.0,0,32881.0,0
0.0,1.0,1.0,0,30157.0,0
0.0,1.0,1.0,0,46183.0,0
0.0,1.0,1.0,0,65011.0,0
0.0,1.0,1.0,0,65334.0,0
0.0,1.0,1.0,0,26908.0,0
0.0,1.0,1.0,0,2259.0,0
0.0,1.0,1.0,1,4092.0,2
0.0,1.0,1.0,0,56652.0,0
0.0,1.0,1.0,0,947.0,0
0.0,1.0,1.0,0,48190.0,0
1.0,1.0,1.0,0,55440.0,0
1.0,1.0,1.0,0,5414.0,0
0.0,1.0,1.0,0,136908.0,0
1.0,1.0,1.0,0,33551.0,0
1.0,1.0,1.0,0,85515.0,0
1.0,1.0,1.0,0,116667.0,0
1.0,1.0,1.0,0,71749.0,0
0.0,1.0,1.0,0,16050.0,0
0.0,1.0,1.0,0,10174.0,0
0.0,1.0,1.0,0,2585.0,0
0.0,1.0,1.0,0,3348.0,0
1.0,1.0,1.0,0,9356.0,0
0.0,1.0,1.0,0,36845.0,0
0.0,1.0,1.0,0,16837.0,0
0.0,1.0,1.0,0,22701.0,0
0.0,1.0,1.0,0,25832.0,0
0.0,1.0,1.0,0,57911.0,0
0.0,1.0,1.0,0,901.0,0
0.0,1.0,1.0,0,77667.0,0
1.0,1.0,1.0,0,17884.0,0
0.0,1.0,1.0,0,130963.0,0
1.0,1.0,1.0,0,1144.0,0
1.0,1.0,1.0,0,148962.0,0
1.0,1.0,1.0,0,778.0,0
0.0,1.0,1.0,0,31660.0,0
1.0,1.0,1.0,0,170621.0,0
0.0,1.0,1.0,0,27892.0,0
0.0,1.0,1.0,0,3889.0,0
0.0,1.0,1.0,0,51561.0,0
0.0,2.0,1.0,0,252.0,0
0.0,1.0,1.0,0,10195.0,0
0.0,1.0,1.0,1,10523.0,2
0.0,1.0,1.0,0,128103.0,0
1.0,1.0,1.0,0,31327.0,0
0.0,1.0,1.0,0,38719.0,0
0.0,1.0,1.0,0,50666.0,0
0.0,1.0,1.0,0,1220.0,0
0.0,1.0,1.0,0,0.0,0
1.0,1.0,1.0,0,83436.0,0
0.0,1.0,1.0,0,11106.0,0
0.0,1.0,1.0,0,67655.0,0
0.0,1.0,1.0,0,63662.0,0
0.0,1.0,1.0,0,84200.0,0
0.0,1.0,1.0,0,5074.0,0
1.0,1.0,1.0,0,22719.0,0
0.0,1.0,1.0,0,8485.0,0
0.0,1.0,1.0,0,13037.0,0
0.0,1.0,1.0,0,18086.0,0
0.0,1.0,1.0,0,171482.0,0
0.0,1.0,1.0,0,3087.0,0
0.0,1.0,1.0,0,73155.0,0
1.0,1.0,1.0,0,41297.0,0
0.0,1.0,1.0,1,7512.0,2
0.0,1.0,1.0,0,16451.0,0
0.0,1.0,1.0,0,4044.0,0
1.0,1.0,1.0,0,257048.0,0
0.0,1.0,1.0,0,44645.0,0
0.0,1.0,1.0,0,21155.0,0
1.0,1.0,1.0,0,63703.0,0
1.0,1.0,1.0,0,97883.0,0
0.0,1.0,1.0,0,32592.0,0
0.0,1.0,1.0,0,62504.0,0
1.0,1.0,1.0,0,116247.0,0
1.0,1.0,1.0,0,23250.0,0
1.0,1.0,1.0,0,8505.0,0
0.0,1.0,1.0,0,11369.0,0
0.0,1.0,1.0,0,159604.0,0
1.0,1.0,1.0,0,9629.0,0
0.0,1.0,1.0,0,17881.0,0
0.0,1.0,1.0,0,42863.0,0
0.0,1.0,1.0,0,31529.0,0
0.0,1.0,1.0,0,6754.0,0
0.0,1.0,1.0,0,37099.0,0
0.0,1.0,1.0,0,18091.0,0
0.0,1.0,1.0,0,47478.0,0
0.0,1.0,1.0,0,28309.0,0
0.0,1.0,1.0,0,10335.0,0
1.0,1.0,1.0,0,825.0,0
1.0,1.0,1.0,0,3365.0,0
0.0,1.0,1.0,0,573.0,0
0.0,1.0,1.0,0,6138.0,0
0.0,1.0,1.0,0,91924.0,0
0.0,1.0,1.0,0,11492.0,0
0.0,1.0,1.0,0,46482.0,0
0.0,1.0,1.0,1,40983.0,2
1.0,1.0,1.0,0,38541.0,0
0.0,1.0,1.0,0,1078.0,0
0.0,1.0,1.0,0,2585.0,0
1.0,1.0,1.0,0,10410.0,0
1.0,1.0,1.0,0,1707.0,0
0.0,1.0,1.0,0,48236.0,0
1.0,1.0,1.0,0,12294.0,0
0.0,1.0,1.0,0,1907.0,0
1.0,1.0,1.0,0,9399.0,0
1.0,1.0,1.0,0,76152.0,0
1.0,1.0,1.0,0,85673.0,0
1.0,1.0,1.0,0,76566.0,0
0.0,1.0,1.0,0,6451.0,0
0.0,1.0,1.0,0,9555.0,1
1.0,1.0,1.0,0,2663.0,1
0.0,1.0,1.0,0,45157.0,1
0.0,1.0,1.0,0,3330.0,1
0.0,1.0,1.0,0,31690.0,1
0.0,1.0,1.0,0,13361.0,1
1.0,1.0,1.0,0,0.0,0
1.0,1.0,1.0,0,39641.0,0
0.0,1.0,1.0,0,10112.0,0
0.0,1.0,1.0,0,25541.0,0
0.0,1.0,1.0,0,10950.0,0
1.0,1.0,1.0,0,2215.0,0
0.0,1.0,1.0,0,6348.0,0
1.0,1.0,1.0,0,34219.0,0
0.0,1.0,1.0,0,107096.0,0
0.0,1.0,1.0,0,2540.0,0
0.0,1.0,1.0,0,147716.0,0
0.0,1.0,1.0,0,20667.0,0
0.0,1.0,1.0,0,211148.0,0
1.0,1.0,1.0,0,69786.0,0
0.0,1.0,1.0,0,19146.0,0
0.0,1.0,1.0,0,9598.0,0
0.0,1.0,1.0,0,107278.0,0
1.0,1.0,1.0,0,158203.0,0
1.0,1.0,1.0,0,3934.0,0
1.0,1.0,1.0,0,32796.0,0
0.0,1.0,1.0,0,35919.0,0
0.0,1.0,1.0,0,1047.0,0
0.0,1.0,1.0,0,68672.0,0
0.0,1.0,1.0,0,85932.0,0
1.0,1.0,1.0,0,87148.0,0
1.0,1.0,1.0,0,55416.0,0
0.0,1.0,1.0,0,3839.0,0
1.0,1.0,1.0,0,10429.0,0
0.0,2.0,1.0,0,127.0,0
0.0,1.0,1.0,0,12623.0,0
0.0,1.0,1.0,0,42368.0,0
0.0,1.0,1.0,0,14025.0,0
0.0,1.0,1.0,0,40259.0,0
0.0,1.0,1.0,0,75169.0,0
1.0,1.0,1.0,0,101360.0,0
1.0,1.0,1.0,0,5134.0,0
0.0,1.0,1.0,0,7822.0,0
0.0,1.0,1.0,0,5390.0,0
0.0,1.0,1.0,0,29444.0,0
0.0,1.0,1.0,0,30908.0,1
1.0,1.0,1.0,0,5129.0,1
1.0,1.0,1.0,0,225305.0,1
0.0,1.0,1.0,1,8643.0,2
0.0,1.0,1.0,0,1482.0,1
0.0,1.0,1.0,0,28194.0,1
0.0,1.0,1.0,0,155428.0,1
1.0,1.0,1.0,0,15042.0,1
0.0,1.0,1.0,0,30415.0,1
1.0,1.0,1.0,0,29289.0,1
0.0,1.0,1.0,0,11530.0,1
0.0,1.0,1.0,0,3387.0,1
1.0,1.0,1.0,0,1669.0,1
0.0,1.0,1.0,0,66968.0,1
0.0,1.0,1.0,0,51592.0,1
1.0,1.0,1.0,0,77827.0,1
0.0,1.0,1.0,0,41605.0,1
0.0,1.0,1.0,0,26223.0,1
0.0,1.0,1.0,0,0.0,0
0.0,1.0,1.0,1,73283.0,2
1.0,1.0,1.0,0,19399.0,0
1.0,1.0,1.0,0,51658.0,0
0.0,1.0,1.0,0,82404.0,0
0.0,1.0,1.0,0,28569.0,0
0.0,1.0,1.0,0,41635.0,0
0.0,1.0,1.0,0,67981.0,0
0.0,1.0,1.0,0,44759.0,0
0.0,1.0,1.0,0,39616.0,0
1.0,1.0,1.0,0,42112.0,0
0.0,1.0,1.0,0,15735.0,0
0.0,1.0,1.0,1,67093.0,2
0.0,1.0,1.0,0,14339.0,0
0.0,1.0,1.0,0,89420.0,0
1.0,1.0,1.0,0,67008.0,0
0.0,1.0,1.0,0,5137.0,0
1.0,1.0,1.0,0,6147.0,0
0.0,1.0,1.0,0,20208.0,0
0.0,1.0,1.0,0,15910.0,0
0.0,1.0,1.0,0,87239.0,0
0.0,1.0,1.0,1,36704.0,2
0.0,1.0,1.0,0,4144.0,0
0.0,2.0,1.0,0,240.0,0
0.0,1.0,1.0,0,110545.0,0
0.0,1.0,1.0,0,46560.0,0
0.0,1.0,1.0,1,12136.0,2
0.0,1.0,1.0,0,42070.0,0
0.0,1.0,1.0,0,110493.0,0
0.0,1.0,1.0,0,2498.0,0
0.0,1.0,1.0,0,67240.0,0
0.0,1.0,1.0,0,16643.0,0
0.0,1.0,1.0,0,31546.0,0
0.0,1.0,1.0,0,155659.0,0
0.0,1.0,1.0,0,62603.0,0
1.0,1.0,1.0,0,53567.0,0
0.0,1.0,1.0,0,32429.0,0
0.0,1.0,1.0,0,95668.0,1
1.0,1.0,1.0,0,8611.0,1
1.0,1.0,1.0,0,28580.0,1
0.0,1.0,1.0,0,10597.0,1
0.0,1.0,1.0,0,8976.0,1
1.0,1.0,1.0,0,6114.0,1
0.0,1.0,1.0,0,101670.0,1
0.0,1.0,1.0,1,34143.0,2
0.0,1.0,1.0,0,47282.0,1
0.0,1.0,1.0,0,4975.0,1
0.0,1.0,1.0,0,99617.0,1
0.0,1.0,1.0,0,3058.0,1
1.0,1.0,1.0,0,56742.0,1
0.0,1.0,1.0,0,17184.0,1
1.0,1.0,1.0,0,64044.0,1
0.0,1.0,1.0,0,38062.0,1
0.0,1.0,1.0,0,51878.0,1
0.0,1.0,1.0,0,34197.0,1
0.0,1.0,1.0,0,12247.0,1
0.0,1.0,1.0,0,22050.0,1
0.0,1.0,1.0,1,78472.0,2
0.0,1.0,1.0,0,70448.0,1
0.0,1.0,1.0,0,0.0,0
1.0,1.0,1.0,0,13700.0,0
0.0,1.0,1.0,0,6446.0,0
0.0,1.0,1.0,0,78970.0,0
0.0,1.0,1.0,0,116434.0,0
0.0,1.0,1.0,0,7155.0,0
0.0,1.0,1.0,0,8507.0,0
0.0,1.0,1.0,0,24021.0,0
0.0,1.0,1.0,0,50317.0,0
1.0,1.0,1.0,0,59308.0,0
1.0,1.0,1.0,0,23877.0,0
0.0,1.0,1.0,0,9020.0,0
0.0,1.0,1.0,0,4123.0,0
0.0,1.0,1.0,0,2383.0,0
0.0,1.0,1.0,1,10861.0,2
0.0,1.0,1.0,0,145316.0,0
0.0,1.0,1.0,0,188072.0,0
0.0,1.0,1.0,0,51050.0,0
1.0,1.0,1.0,0,42416.0,0
0.0,1.0,1.0,0,24311.0,0
0.0,1.0,1.0,1,3406.0,2
0.0,1.0,1.0,0,164316.0,0
0.0,1.0,1.0,0,2169.0,0
0.0,1.0,1.0,0,23093.0,0
0.0,1.0,1.0,1,51221.0,2
0.0,1.0,1.0,0,9560.0,0
0.0,1.0,1.0,0,81816.0,0
0.0,1.0,1.0,0,69150.0,0
0.0,1.0,1.0,0,208696.0,0
1.0,1.0,1.0,0,108783.0,0
0.0,1.0,1.0,0,4103.0,0
0.0,1.0,1.0,0,8336.0,0
0.0,1.0,1.0,0,17491.0,0
0.0,1.0,1.0,0,70389.0,0
0.0,1.0,1.0,0,67812.0,0
0.0,1.0,1.0,1,27640.0,2
1.0,1.0,1.0,0,14671.0,0
0.0,1.0,1.0,1,5875.0,2
0.0,1.0,1.0,0,23734.0,0
1.0,1.0,1.0,0,83131.0,0
1.0,1.0,1.0,0,61537.0,0
0.0,1.0,1.0,0,26884.0,0
0.0,1.0,1.0,0,39099.0,0
0.0,1.0,1.0,0,11491.0,0
1.0,1.0,1.0,0,69138.0,0
0.0,1.0,1.0,0,30908.0,0
0.0,1.0,1.0,0,23856.0,0
1.0,1.0,1.0,0,17961.0,0
0.0,1.0,1.0,0,9851.0,0
0.0,1.0,1.0,0,76335.0,0
0.0,1.0,1.0,0,18636.0,0
1.0,1.0,1.0,0,48641.0,0
0.0,1.0,1.0,0,3014.0,1
0.0,1.0,1.0,0,37761.0,1
1.0,1.0,1.0,0,23664.0,1
0.0,1.0,1.0,0,489.0,1
0.0,1.0,1.0,0,76770.0,1
0.0,1.0,1.0,0,9223.0,1
0.0,1.0,1.0,0,0.0,0
0.0,1.0,1.0,0,29187.0,0
0.0,1.0,1.0,0,11457.0,0
1.0,1.0,1.0,0,124088.0,0
0.0,1.0,1.0,0,155914.0,0
0.0,1.0,1.0,0,19351.0,0
1.0,1.0,1.0,0,113601.0,0
0.0,1.0,1.0,0,89956.0,0
0.0,1.0,1.0,0,20616.0,0
0.0,1.0,1.0,1,63190.0,2
0.0,1.0,1.0,0,290991.0,0
0.0,1.0,1.0,1,84547.0,2
1.0,1.0,1.0,0,80941.0,0
0.0,1.0,1.0,0,73353.0,0
0.0,1.0,1.0,0,82788.0,0
0.0,1.0,1.0,0,2840.0,0
1.0,1.0,1.0,0,29877.0,0
0.0,1.0,1.0,0,14027.0,0
0.0,1.0,1.0,0,63818.0,0
0.0,1.0,1.0,0,13462.0,0
1.0,1.0,1.0,0,24601.0,0
0.0,1.0,1.0,0,27943.0,0
0.0,1.0,1.0,0,76753.0,0
1.0,1.0,1.0,0,3187.0,0
0.0,1.0,1.0,0,5264.0,0
0.0,1.0,1.0,0,54639.0,0
0.0,1.0,1.0,0,22933.0,0
1.0,1.0,1.0,0,59652.0,0
1.0,1.0,1.0,0,90464.0,0
1.0,1.0,1.0,0,66908.0,0
0.0,1.0,1.0,0,18112.0,0
0.0,1.0,1.0,0,24284.0,0
1.0,1.0,1.0,0,56218.0,0
1.0,1.0,1.0,0,51639.0,0
1.0,1.0,1.0,0,52760.0,0
1.0,1.0,1.0,0,69640.0,0
1.0,1.0,1.0,0,40106.0,0
0.0,1.0,1.0,0,62665.0,0
1.0,1.0,1.0,0,40458.0,0
1.0,1.0,1.0,0,78346.0,0
0.0,1.0,1.0,0,79183.0,0
0.0,1.0,1.0,0,15655.0,0
1.0,1.0,1.0,0,7912.0,0
0.0,1.0,1.0,0,20504.0,0
1.0,1.0,1.0,0,16829.0,0
0.0,1.0,1.0,0,24299.0,0
0.0,1.0,1.0,0,0.0,0
1.0,1.0,1.0,0,1414.0,0
1.0,1.0,1.0,0,50182.0,0
0.0,1.0,1.0,0,38031.0,0
1.0,1.0,1.0,0,25387.0,0
0.0,1.0,1.0,1,38905.0,2
0.0,1.0,1.0,0,11333.0,0
0.0,1.0,1.0,0,12840.0,0
1.0,1.0,1.0,0,18703.0,0
0.0,1.0,1.0,0,112387.0,0
0.0,1.0,1.0,0,27051.0,0
0.0,1.0,1.0,0,15253.0,0
0.0,1.0,1.0,0,11790.0,0
0.0,1.0,1.0,0,18608.0,0
0.0,1.0,1.0,0,28216.0,0
0.0,1.0,1.0,0,73090.0,0
0.0,1.0,1.0,0,61833.0,0
0.0,1.0,1.0,0,1539.0,0
0.0,1.0,1.0,0,13072.0,0
1.0,1.0,1.0,0,5406.0,0
1.0,1.0,1.0,0,7229.0,0
0.0,1.0,1.0,0,29629.0,0
0.0,1.0,1.0,0,9857.0,0
0.0,1.0,1.0,0,53553.0,0
0.0,1.0,1.0,0,13376.0,0
0.0,1.0,1.0,0,50940.0,0
1.0,2.0,1.0,0,124.0,0
0.0,1.0,1.0,0,55667.0,0
0.0,1.0,1.0,0,22075.0,0
0.0,1.0,1.0,0,76739.0,0
0.0,1.0,1.0,0,42524.0,0
0.0,1.0,1.0,0,36704.0,0
0.0,1.0,1.0,0,21923.0,0
1.0,1.0,1.0,0,119550.0,0
0.0,1.0,1.0,0,30397.0,0
0.0,1.0,1.0,0,32102.0,0
0.0,1.0,1.0,1,13328.0,2
1.0,1.0,1.0,0,103130.0,0
1.0,1.0,1.0,0,17282.0,0
1.0,1.0,1.0,0,90206.0,0
0.0,1.0,1.0,0,40038.0,0
0.0,1.0,1.0,0,37949.0,0
1.0,1.0,1.0,0,11547.0,0
0.0,1.0,1.0,0,168806.0,0
0.0,1.0,1.0,0,22435.0,0
1.0,1.0,1.0,0,45903.0,0
0.0,1.0,1.0,0,54433.0,0
0.0,1.0,1.0,0,5288.0,0
0.0,1.0,1.0,0,36658.0,0
0.0,1.0,1.0,0,76337.0,0
1.0,1.0,1.0,0,2759.0,0
0.0,1.0,1.0,0,9655.0,0
1.0,1.0,1.0,0,40777.0,0
0.0,1.0,1.0,0,675.0,0
1.0,1.0,1.0,0,191677.0,0
1.0,1.0,1.0,0,9370.0,0
0.0,1.0,1.0,0,175451.0,0
0.0,1.0,1.0,0,16641.0,0
0.0,1.0,1.0,0,5528.0,0
0.0,1.0,1.0,0,0.0,0
0.0,1.0,1.0,0,153404.0,0
1.0,1.0,1.0,0,11551.0,0
1.0,1.0,1.0,0,186504.0,0
0.0,1.0,1.0,0,141535.0,0
0.0,1.0,1.0,0,36588.0,0
1.0,1.0,1.0,0,344.0,0
1.0,1.0,1.0,0,15747.0,0
1.0,1.0,1.0,0,8948.0,0
0.0,1.0,1.0,0,82500.0,0
0.0,1.0,1.0,0,98562.0,0
0.0,1.0,1.0,0,37535.0,0
0.0,1.0,1.0,0,24015.0,0
1.0,1.0,1.0,0,43733.0,0
0.0,1.0,1.0,0,56318.0,0
0.0,1.0,1.0,1,91192.0,2
0.0,1.0,1.0,0,19983.0,0
1.0,1.0,1.0,0,24623.0,0
0.0,1.0,1.0,0,46858.0,0
0.0,1.0,1.0,0,7491.0,0
1.0,1.0,1.0,0,11889.0,0
0.0,1.0,1.0,0,139008.0,0
0.0,1.0,1.0,0,120213.0,0
1.0,1.0,1.0,0,2649.0,0
0.0,1.0,1.0,0,3347.0,0
1.0,1.0,1.0,0,48529.0,0
0.0,1.0,1.0,0,18821.0,0
0.0,1.0,1.0,1,118440.0,2
0.0,1.0,1.0,0,29093.0,0
0.0,1.0,1.0,0,81287.0,0
0.0,1.0,1.0,0,59137.0,0
0.0,1.0,1.0,0,196610.0,0
1.0,1.0,1.0,0,6614.0,0
1.0,1.0,1.0,0,4285.0,0
0.0,1.0,1.0,0,36043.0,0
0.0,1.0,1.0,0,8827.0,0
0.0,1.0,1.0,0,44962.0,0
0.0,1.0,1.0,0,18146.0,0
0.0,1.0,1.0,1,80036.0,2
0.0,1.0,1.0,0,104176.0,0
1.0,1.0,1.0,0,44335.0,0
0.0,1.0,1.0,0,55477.0,0
0.0,1.0,1.0,0,62527.0,0
0.0,1.0,1.0,0,27867.0,0
0.0,1.0,1.0,1,109445.0,2
1.0,1.0,1.0,0,26313.0,0
0.0,1.0,1.0,0,15317.0,0
1.0,1.0,1.0,0,15299.0,0
0.0,1.0,1.0,0,0.0,0
0.0,1.0,1.0,0,42970.0,0
0.0,1.0,1.0,1,17835.0,2
0.0,1.0,1.0,0,42246.0,0
0.0,1.0,1.0,1,7598.0,2
0.0,1.0,1.0,0,92623.0,0
1.0,1.0,1.0,0,576.0,0
1.0,1.0,1.0,0,17159.0,0
0.0,1.0,1.0,0,16334.0,0
1.0,1.0,1.0,0,15338.0,0
1.0,1.0,1.0,0,37568.0,0
0.0,1.0,1.0,0,36869.0,0
0.0,1.0,1.0,0,117746.0,0
0.0,1.0,1.0,0,112493.0,0
0.0,1.0,1.0,0,59946.0,0
0.0,1.0,1.0,0,138686.0,0
0.0,1.0,1.0,0,1505.0,0
0.0,1.0,1.0,0,81750.0,0
0.0,1.0,1.0,0,81246.0,0
0.0,1.0,1.0,0,14538.0,0
0.0,1.0,1.0,0,27678.0,0
0.0,1.0,1.0,0,75680.0,0
0.0,1.0,1.0,1,43014.0,2
0.0,1.0,1.0,0,17755.0,0
0.0,1.0,1.0,0,27472.0,0
0.0,1.0,1.0,0,32263.0,0
0.0,1.0,1.0,0,21563.0,0
1.0,1.0,1.0,0,59089.0,0
0.0,1.0,1.0,0,897.0,0
0.0,1.0,1.0,0,5363.0,0
0.0,1.0,1.0,0,6517.0,0
0.0,1.0,1.0,1,45534.0,2
1.0,1.0,1.0,0,45561.0,0
0.0,1.0,1.0,0,142622.0,0
0.0,1.0,1.0,0,3908.0,0
1.0,1.0,1.0,0,336.0,0
0.0,1.0,1.0,1,42595.0,2
0.0,1.0,1.0,0,143072.0,0
0.0,1.0,1.0,0,47811.0,0
0.0,1.0,1.0,0,151013.0,0
0.0,1.0,1.0,0,770.0,0
1.0,1.0,1.0,0,34598.0,0
0.0,1.0,1.0,0,12107.0,0
0.0,1.0,1.0,0,21921.0,0
0.0,1.0,1.0,0,24373.0,0
0.0,1.0,1.0,0,10747.0,0
1.0,1.0,1.0,0,3331.0,0
0.0,1.0,1.0,1,68107.0,2
0.0,1.0,1.0,0,19769.0,0
0.0,1.0,1.0,0,50520.0,0
1.0,1.0,1.0,0,10268.0,0
0.0,1.0,1.0,1,2656.0,2
0.0,1.0,1.0,0,5115.0,0
0.0,1.0,1.0,0,1281.0,1
0.0,1.0,1.0,0,106540.0,1
0.0,1.0,1.0,0,8031.0,1
0.0,1.0,1.0,0,42879.0,1
1.0,1.0,1.0,0,141296.0,1
0.0,1.0,1.0,0,3327.0,1
0.0,1.0,1.0,0,11187.0,1
0.0,1.0,1.0,0,0.0,0
0.0,1.0,1.0,0,29073.0,0
0.0,1.0,1.0,1,25686.0,2
1.0,1.0,1.0,0,8139.0,0
0.0,1.0,1.0,0,31666.0,0
1.0,1.0,1.0,0,16300.0,0
0.0,1.0,1.0,0,6094.0,0
0.0,1.0,1.0,1,5356.0,2
0.0,1.0,1.0,0,31276.0,0
1.0,1.0,1.0,0,692.0,0
0.0,1.0,1.0,0,5126.0,0
0.0,1.0,1.0,0,12856.0,0
0.0,1.0,1.0,1,100230.0,2
0.0,1.0,1.0,0,11426.0,0
0.0,1.0,1.0,0,28667.0,0
0.0,1.0,1.0,0,69228.0,0
0.0,1.0,1.0,0,11685.0,0
0.0,1.0,1.0,0,12029.0,0
0.0,1.0,1.0,0,454.0,0
0.0,1.0,1.0,0,45948.0,0
0.0,1.0,1.0,0,9137.0,0
0.0,1.0,1.0,0,25329.0,0
0.0,1.0,1.0,0,5514.0,0
1.0,1.0,1.0,0,143878.0,0
0.0,1.0,1.0,0,1023.0,0
0.0,1.0,1.0,0,59962.0,0
1.0,1.0,1.0,0,43312.0,0
0.0,1.0,1.0,0,20683.0,0
0.0,1.0,1.0,0,79406.0,0
1.0,1.0,1.0,0,19858.0,0
0.0,1.0,1.0,0,20532.0,0
0.0,1.0,1.0,0,8750.0,0
0.0,1.0,1.0,0,25422.0,0
0.0,1.0,1.0,0,53576.0,0
0.0,1.0,1.0,0,15414.0,0
0.0,1.0,1.0,0,42240.0,0
0.0,1.0,1.0,0,6288.0,0
0.0,1.0,1.0,0,29553.0,0
1.0,1.0,1.0,0,28075.0,0
1.0,1.0,1.0,0,25743.0,0
0.0,1.0,1.0,0,5426.0,0
0.0,1.0,1.0,0,55966.0,0
0.0,1.0,1.0,0,80083.0,1
0.0,1.0,1.0,0,8234.0,1
0.0,1.0,1.0,0,7521.0,1
0.0,1.0,1.0,0,10421.0,1
0.0,1.0,1.0,0,160316.0,1
0.0,1.0,1.0,0,105365.0,1
1.0,1.0,1.0,0,17672.0,1
0.0,1.0,1.0,0,41110.0,1
0.0,1.0,1.0,0,208091.0,1
0.0,1.0,1.0,0,18574.0,1
0.0,1.0,1.0,0,9486.0,1
0.0,1.0,1.0,0,43063.0,1
0.0,1.0,1.0,0,2047.0,1
0.0,1.0,1.0,0,75774.0,1
0.0,1.0,1.0,0,30427.0,1
0.0,1.0,1.0,0,145702.0,1
1.0,1.0,1.0,0,72476.0,1
0.0,1.0,1.0,0,159307.0,1
0.0,1.0,1.0,0,2500.0,1
0.0,1.0,1.0,0,138023.0,1
1.0,1.0,1.0,0,9473.0,1
0.0,1.0,1.0,0,0.0,0
0.0,1.0,1.0,0,4116.0,0
0.0,1.0,1.0,0,79253.0,0
0.0,1.0,1.0,0,71261.0,0
1.0,1.0,1.0,0,9989.0,0
0.0,1.0,1.0,0,42062.0,0
0.0,1.0,1.0,0,37599.0,0
0.0,1.0,1.0,0,21879.0,0
1.0,1.0,1.0,0,48640.0,0
0.0,1.0,1.0,0,38816.0,0
0.0,1.0,1.0,0,23964.0,0
0.0,1.0,1.0,0,39417.0,0
0.0,1.0,1.0,0,4741.0,0
0.0,1.0,1.0,0,3069.0,0
0.0,1.0,1.0,1,61637.0,2
0.0,1.0,1.0,0,100849.0,0
1.0,1.0,1.0,0,44524.0,0
0.0,1.0,1.0,0,24472.0,0
0.0,1.0,1.0,0,31649.0,0
0.0,1.0,1.0,1,118419.0,2
0.0,1.0,1.0,0,60839.0,0
0.0,1.0,1.0,0,46988.0,0
1.0,1.0,1.0,0,33232.0,0
1.0,1.0,1.0,0,11830.0,0
0.0,1.0,1.0,1,25046.0,2
1.0,1.0,1.0,0,68955.0,0
0.0,1.0,1.0,0,26405.0,0
0.0,1.0,1.0,0,22968.0,0
1.0,1.0,1.0,0,25869.0,0
0.0,1.0,1.0,0,5754.0,0
0.0,1.0,1.0,0,24725.0,0
0.0,1.0,1.0,0,4993.0,0
0.0,1.0,1.0,0,28044.0,0
0.0,1.0,1.0,0,23824.0,0
0.0,1.0,1.0,0,14033.0,0
0.0,1.0,1.0,0,50947.0,0
1.0,1.0,1.0,0,5264.0,0
0.0,1.0,1.0,0,8056.0,0
0.0,1.0,1.0,0,140315.0,1
1.0,1.0,1.0,0,13369.0,1
1.0,1.0,1.0,0,7971.0,1
0.0,1.0,1.0,0,23287.0,1
0.0,1.0,1.0,0,89233.0,1
0.0,1.0,1.0,0,44807.0,1
0.0,1.0,1.0,0,26938.0,1
0.0,1.0,1.0,0,56406.0,1
1.0,1.0,1.0,0,35110.0,1
1.0,1.0,1.0,0,18390.0,1
0.0,1.0,1.0,0,112418.0,1
0.0,1.0,1.0,0,5592.0,1
0.0,1.0,1.0,0,18642.0,1
1.0,1.0,1.0,0,8880.0,1
0.0,1.0,1.0,0,19926.0,1
0.0,1.0,1.0,0,15141.0,1
0.0,1.0,1.0,0,6321.0,1
0.0,1.0,1.0,0,66364.0,1
0.0,1.0,1.0,0,18205.0,1
0.0,1.0,1.0,0,76118.0,1
0.0,1.0,1.0,0,37149.0,1
0.0,1.0,1.0,0,12656.0,1
1.0,1.0,1.0,0,114806.0,1
0.0,1.0,1.0,1,33305.0,2
1.0,1.0,1.0,0,2915.0,1
1.0,1.0,1.0,0,25033.0,1
0.0,1.0,1.0,0,13401.0,1
0.0,1.0,1.0,0,9835.0,1
0.0,1.0,1.0,1,0.0,2
0.0,1.0,1.0,0,32954.0,0
0.0,1.0,1.0,0,11050.0,0
0.0,1.0,1.0,0,55449.0,0
0.0,1.0,1.0,0,20019.0,0
0.0,1.0,1.0,0,2869.0,0
0.0,1.0,1.0,0,8058.0,0
0.0,1.0,1.0,0,149149.0,0
1.0,1.0,1.0,0,59193.0,0
1.0,1.0,1.0,0,5690.0,0
0.0,1.0,1.0,0,109337.0,0
1.0,1.0,1.0,0,22084.0,0
0.0,1.0,1.0,0,79408.0,0
0.0,1.0,1.0,0,3888.0,0
1.0,1.0,1.0,0,58755.0,0
1.0,1.0,1.0,0,22584.0,0
0.0,1.0,1.0,0,17324.0,0
0.0,1.0,1.0,0,96227.0,0
0.0,1.0,1.0,0,37798.0,0
0.0,1.0,1.0,0,251083.0,0
0.0,1.0,1.0,0,810.0,0
0.0,1.0,1.0,1,24721.0,2
0.0,1.0,1.0,0,42042.0,0
1.0,1.0,1.0,0,47383.0,0
0.0,1.0,1.0,1,23557.0,2
1.0,1.0,1.0,0,58841.0,0
0.0,1.0,1.0,0,20775.0,0
1.0,1.0,1.0,0,66128.0,0
0.0,1.0,1.0,0,52539.0,0
0.0,1.0,1.0,0,7219.0,0
1.0,1.0,1.0,0,31354.0,0
0.0,1.0,1.0,0,988.0,0
1.0,1.0,1.0,0,33450.0,0
0.0,1.0,1.0,0,27606.0,0
1.0,1.0,1.0,0,31042.0,0
1.0,1.0,1.0,0,3600.0,0
0.0,1.0,1.0,0,284836.0,0
0.0,1.0,1.0,0,176554.0,0
0.0,1.0,1.0,0,38441.0,0
0.0,1.0,1.0,0,21756.0,0
1.0,1.0,1.0,0,1464.0,0
0.0,1.0,1.0,0,12067.0,0
1.0,1.0,1.0,0,91729.0,0
0.0,1.0,1.0,0,4712.0,0
0.0,1.0,1.0,0,21910.0,0
0.0,1.0,1.0,1,113301.0,2
1.0,1.0,1.0,0,76788.0,0
0.0,1.0,1.0,0,96807.0,1
0.0,1.0,1.0,0,6980.0,1
0.0,1.0,1.0,0,0.0,0
0.0,1.0,1.0,0,22375.0,0
0.0,1.0,1.0,0,9585.0,0
0.0,1.0,1.0,0,5223.0,0
1.0,1.0,1.0,0,3880.0,0
0.0,1.0,1.0,1,16078.0,2
1.0,1.0,1.0,0,23581.0,0
0.0,1.0,1.0,0,54703.0,0
0.0,1.0,1.0,0,38092.0,0
0.0,1.0,1.0,0,153650.0,0
0.0,1.0,1.0,0,5842.0,0
0.0,1.0,1.0,0,71887.0,0
0.0,1.0,1.0,0,5180.0,0
0.0,1.0,1.0,0,78567.0,0
0.0,1.0,1.0,0,4393.0,0
1.0,1.0,1.0,0,594.0,0
1.0,1.0,1.0,0,64723.0,0
1.0,1.0,1.0,0,34689.0,0
0.0,1.0,1.0,0,12363.0,0
0.0,1.0,1.0,0,43619.0,0
0.0,1.0,1.0,0,8224.0,0
0.0,1.0,1.0,0,48972.0,0
0.0,1.0,1.0,0,15408.0,0
0.0,1.0,1.0,0,31123.0,0
0.0,1.0,1.0,0,4630.0,0
1.0,1.0,1.0,0,28975.0,0
1.0,1.0,1.0,0,28839.0,0
0.0,1.0,1.0,0,65351.0,0
0.0,1.0,1.0,0,70951.0,0
0.0,1.0,1.0,0,19996.0,0
1.0,1.0,1.0,0,1474.0,0
1.0,1.0,1.0,0,95499.0,0
0.0,1.0,1.0,0,33338.0,0
0.0,1.0,1.0,0,36784.0,0
1.0,1.0,1.0,0,33515.0,0
0.0,1.0,1.0,0,32926.0,0
0.0,1.0,1.0,0,28626.0,0
1.0,1.0,1.0,0,12283.0,0
0.0,1.0,1.0,0,6584.0,0
1.0,1.0,1.0,0,59517.0,0
0.0,1.0,1.0,0,44643.0,0
0.0,1.0,1.0,0,111484.0,0
0.0,1.0,1.0,0,22280.0,0
1.0,1.0,1.0,0,7348.0,0
0.0,1.0,1.0,0,51066.0,1
1.0,1.0,1.0,0,58289.0,1
0.0,1.0,1.0,0,4377.0,1
0.0,1.0,1.0,0,16457.0,1
1.0,1.0,1.0,0,10234.0,1
0.0,1.0,1.0,0,2718.0,1
0.0,1.0,1.0,0,35909.0,1
0.0,1.0,1.0,0,4924.0,1
1.0,1.0,1.0,0,27235.0,1
0.0,1.0,1.0,0,30737.0,1
0.0,1.0,1.0,0,14228.0,1
0.0,1.0,1.0,0,28129.0,1
1.0,1.0,1.0,0,70766.0,1
0.0,1.0,1.0,0,17960.0,1
0.0,1.0,1.0,0,24845.0,1
0.0,1.0,1.0,0,91420.0,1
0.0,1.0,1.0,0,185415.0,1
0.0,1.0,1.0,0,10794.0,1
1.0,1.0,1.0,0,116786.0,1
0.0,1.0,1.0,0,543.0,1
1.0,1.0,1.0,0,62764.0,1
0.0,1.0,1.0,0,4436.0,1
0.0,1.0,1.0,0,887.0,1
1.0,1.0,1.0,0,2168.0,1
0.0,1.0,1.0,0,16757.0,1
0.0,1.0,1.0,0,0.0,0
0.0,1.0,1.0,1,83054.0,2
0.0,1.0,1.0,0,7845.0,0
0.0,1.0,1.0,0,79812.0,0
0.0,1.0,1.0,0,21262.0,0
0.0,1.0,1.0,0,1721.0,0
0.0,1.0,1.0,0,11625.0,0
0.0,1.0,1.0,0,13679.0,0
1.0,1.0,1.0,0,77473.0,0
0.0,1.0,1.0,0,110267.0,0
0.0,1.0,1.0,0,24248.0,0
1.0,1.0,1.0,0,73436.0,0
0.0,1.0,1.0,0,7318.0,0
0.0,1.0,1.0,0,35921.0,0
0.0,1.0,1.0,0,27672.0,0
0.0,1.0,1.0,0,3641.0,0
0.0,1.0,1.0,1,2894.0,2
0.0,1.0,1.0,0,25119.0,0
0.0,1.0,1.0,0,321558.0,0
0.0,1.0,1.0,0,52063.0,0
0.0,1.0,1.0,0,12101.0,0
0.0,1.0,1.0,0,102542.0,0
0.0,1.0,1.0,0,12632.0,0
0.0,1.0,1.0,0,37764.0,0
0.0,1.0,1.0,0,45699.0,0
1.0,1.0,1.0,0,63937.0,0
1.0,1.0,1.0,0,19529.0,0
0.0,1.0,1.0,0,9408.0,0
0.0,1.0,1.0,0,60456.0,0
1.0,1.0,1.0,0,35565.0,0
0.0,1.0,1.0,0,13392.0,0
1.0,1.0,1.0,0,26154.0,0
1.0,1.0,1.0,0,195255.0,0
0.0,1.0,1.0,0,134775.0,0
0.0,1.0,1.0,0,44211.0,0
0.0,1.0,1.0,0,30995.0,0
0.0,1.0,1.0,0,19303.0,0
0.0,1.0,1.0,0,30889.0,1
0.0,1.0,1.0,0,65532.0,1
1.0,1.0,1.0,0,46475.0,1
0.0,1.0,1.0,0,8901.0,1
1.0,1.0,1.0,0,13417.0,1
0.0,1.0,1.0,1,13289.0,2
0.0,1.0,1.0,0,59554.0,1
0.0,1.0,1.0,0,3578.0,1
0.0,1.0,1.0,0,84733.0,1
1.0,1.0,1.0,0,72955.0,1
1.0,1.0,1.0,0,11801.0,1
0.0,1.0,1.0,0,115335.0,1
0.0,1.0,1.0,0,23458.0,1
0.0,1.0,1.0,0,54228.0,1
0.0,1.0,1.0,0,12270.0,1
1.0,2.0,1.0,0,131.0,1
0.0,1.0,1.0,0,21840.0,1
1.0,1.0,1.0,0,0.0,0
0.0,1.0,1.0,0,19009.0,0
0.0,1.0,1.0,0,25313.0,0
1.0,1.0,1.0,0,84371.0,0
0.0,1.0,1.0,0,74925.0,0
0.0,1.0,1.0,0,4506.0,0
0.0,1.0,1.0,0,26159.0,0
0.0,1.0,1.0,0,44967.0,0
0.0,1.0,1.0,0,30832.0,0
0.0,1.0,1.0,0,46449.0,0
1.0,1.0,1.0,0,13449.0,0
1.0,1.0,1.0,0,19089.0,0
0.0,1.0,1.0,0,13226.0,0
0.0,1.0,1.0,0,7486.0,0
1.0,1.0,1.0,0,18197.0,0
1.0,1.0,1.0,0,191657.0,0
0.0,1.0,1.0,0,6075.0,0
0.0,1.0,1.0,0,72023.0,0
0.0,1.0,1.0,0,168073.0,0
0.0,1.0,1.0,0,76843.0,0
0.0,1.0,1.0,0,11559.0,0
0.0,1.0,1.0,0,140314.0,0
0.0,1.0,1.0,0,24544.0,0
0.0,1.0,1.0,0,40195.0,0
0.0,1.0,1.0,0,46520.0,0
0.0,1.0,1.0,0,2451.0,0
1.0,1.0,1.0,0,32264.0,0
0.0,1.0,1.0,0,20394.0,0
0.0,1.0,1.0,0,35789.0,0
0.0,1.0,1.0,0,80651.0,0
0.0,1.0,1.0,0,34479.0,0
0.0,2.0,1.0,0,294.0,0
1.0,1.0,1.0,0,24402.0,0
1.0,1.0,1.0,0,9144.0,0
0.0,1.0,1.0,1,29466.0,2
0.0,1.0,1.0,0,21195.0,0
0.0,1.0,1.0,0,54870.0,0
0.0,2.0,1.0,0,191.0,0
0.0,1.0,1.0,0,29154.0,0
1.0,1.0,1.0,0,1769.0,0
0.0,1.0,1.0,0,17817.0,0
0.0,1.0,1.0,0,30509.0,1
0.0,1.0,1.0,0,7491.0,1
1.0,1.0,1.0,0,54644.0,1
0.0,1.0,1.0,0,4622.0,1
0.0,1.0,1.0,0,144584.0,1
0.0,1.0,1.0,0,3914.0,1
0.0,1.0,1.0,0,7078.0,1
0.0,2.0,1.0,0,268.0,1
0.0,1.0,1.0,0,50740.0,1
1.0,1.0,1.0,0,75126.0,1
0.0,1.0,1.0,0,76442.0,1
1.0,1.0,1.0,0,274608.0,1
0.0,1.0,1.0,0,866.0,1
0.0,1.0,1.0,1,168919.0,2
0.0,1.0,1.0,0,8709.0,1
1.0,1.0,1.0,0,56439.0,1
0.0,1.0,1.0,0,12050.0,1
0.0,1.0,1.0,0,0.0,0
1.0,1.0,1.0,0,6163.0,0
0.0,1.0,1.0,1,33088.0,2
1.0,1.0,1.0,0,47228.0,0
1.0,1.0,1.0,0,836.0,0
0.0,1.0,1.0,0,32567.0,0
0.0,1.0,1.0,0,12442.0,0
1.0,1.0,1.0,0,13316.0,0
0.0,1.0,1.0,0,35060.0,0
0.0,1.0,1.0,0,29732.0,0
0.0,1.0,1.0,0,123175.0,0
1.0,1.0,1.0,0,38625.0,0
0.0,1.0,1.0,0,86438.0,0
0.0,1.0,1.0,0,22771.0,0
0.0,1.0,1.0,0,15935.0,0
0.0,1.0,1.0,0,28069.0,0
0.0,1.0,1.0,0,115790.0,0
0.0,1.0,1.0,0,16716.0,0
1.0,1.0,1.0,0,25494.0,0
1.0,1.0,1.0,0,23802.0,0
0.0,1.0,1.0,0,4223.0,0
0.0,1.0,1.0,0,67352.0,0
1.0,1.0,1.0,0,47707.0,0
0.0,1.0,1.0,0,99808.0,0
0.0,1.0,1.0,0,61213.0,0
0.0,1.0,1.0,0,13604.0,0
0.0,2.0,1.0,0,182.0,0
0.0,1.0,1.0,0,117754.0,0
0.0,1.0,1.0,1,3648.0,2
0.0,1.0,1.0,0,2886.0,0
1.0,1.0,1.0,0,94345.0,0
1.0,1.0,1.0,0,7103.0,0
0.0,1.0,1.0,1,21517.0,2
0.0,1.0,1.0,1,73778.0,2
1.0,1.0,1.0,0,44078.0,0
0.0,1.0,1.0,0,55916.0,0
0.0,1.0,1.0,0,36708.0,0
0.0,1.0,1.0,0,41630.0,0
1.0,1.0,1.0,0,35292.0,0
0.0,1.0,1.0,0,58380.0,0
0.0,1.0,1.0,0,157911.0,0
1.0,1.0,1.0,0,78966.0,0
0.0,1.0,1.0,0,4425.0,0
1.0,1.0,1.0,0,57101.0,0
0.0,1.0,1.0,0,11581.0,0
0.0,1.0,1.0,0,24395.0,0
1.0,1.0,1.0,0,3269.0,0
0.0,1.0,1.0,0,19688.0,0
0.0,1.0,1.0,0,11333.0,0
0.0,1.0,1.0,0,27673.0,0
0.0,1.0,1.0,0,6746.0,0
0.0,1.0,1.0,0,89258.0,0
0.0,1.0,1.0,0,59103.0,0
0.0,1.0,1.0,0,65029.0,0
0.0,1.0,1.0,0,37909.0,1
0.0,1.0,1.0,0,61401.0,1
0.0,1.0,1.0,0,24107.0,1
1.0,1.0,1.0,0,36535.0,1
1.0,2.0,2.0,0,23.0,1
0.0,1.0,1.0,0,0.0,0
0.0,1.0,1.0,0,790.0,0
0.0,1.0,1.0,0,53881.0,0
0.0,1.0,1.0,0,16177.0,0
0.0,1.0,1.0,0,44548.0,0
0.0,1.0,1.0,0,111069.0,0
1.0,1.0,1.0,0,146480.0,0
0.0,1.0,1.0,0,52517.0,0
0.0,1.0,1.0,0,9325.0,0
1.0,1.0,1.0,0,27681.0,0
1.0,1.0,1.0,0,50160.0,0
1.0,1.0,1.0,0,23970.0,0
1.0,1.0,1.0,0,20419.0,0
1.0,1.0,1.0,0,89336.0,0
0.0,1.0,1.0,0,56210.0,0
0.0,1.0,1.0,1,12846.0,2
1.0,1.0,1.0,0,74463.0,0
0.0,1.0,1.0,0,30565.0,0
0.0,1.0,1.0,0,27249.0,0
0.0,1.0,1.0,0,23762.0,0
0.0,2.0,1.0,0,262.0,0
1.0,1.0,1.0,0,1322.0,0
0.0,1.0,1.0,0,64207.0,0
0.0,1.0,1.0,0,23601.0,0
0.0,1.0,1.0,0,4342.0,0
0.0,1.0,1.0,0,15358.0,0
1.0,1.0,1.0,0,5312.0,0
0.0,1.0,1.0,0,35913.0,0
0.0,1.0,1.0,0,19347.0,0
0.0,1.0,1.0,0,49533.0,0
0.0,1.0,1.0,0,62168.0,0
1.0,1.0,1.0,0,59278.0,0
0.0,1.0,1.0,0,8225.0,0
1.0,1.0,1.0,0,18732.0,0
0.0,1.0,1.0,0,69072.0,0
0.0,1.0,1.0,0,22212.0,0
0.0,1.0,1.0,0,78517.0,0
0.0,1.0,1.0,0,25785.0,0
0.0,1.0,1.0,0,95901.0,0
1.0,1.0,1.0,0,6039.0,0
0.0,1.0,1.0,0,3085.0,0
1.0,1.0,1.0,0,44048.0,0
0.0,1.0,1.0,0,8568.0,0
0.0,1.0,1.0,0,3695.0,0
1.0,1.0,1.0,0,55006.0,0
1.0,1.0,1.0,0,59528.0,0
0.0,1.0,1.0,0,27779.0,0
0.0,1.0,1.0,0,1688.0,0
0.0,1.0,1.0,1,40528.0,2
0.0,1.0,1.0,0,14558.0,0
1.0,1.0,1.0,0,81991.0,0
0.0,1.0,1.0,0,106427.0,0
0.0,1.0,1.0,0,31286.0,0
0.0,1.0,1.0,0,8786.0,0
1.0,1.0,1.0,0,5939.0,0
0.0,1.0,1.0,0,10079.0,1
0.0,1.0,1.0,0,23374.0,1
0.0,1.0,1.0,0,26538.0,1
0.0,1.0,1.0,0,19849.0,1
1.0,1.0,1.0,0,66774.0,1
0.0,1.0,1.0,0,41564.0,1
0.0,1.0,1.0,1,1285.0,2
1.0,1.0,1.0,0,6028.0,1
0.0,1.0,1.0,0,100251.0,1
1.0,1.0,1.0,0,23932.0,1
0.0,1.0,1.0,0,13805.0,1
1.0,1.0,1.0,0,18950.0,1
0.0,1.0,1.0,0,37411.0,1
1.0,1.0,1.0,0,116021.0,1
0.0,1.0,1.0,0,0.0,0
0.0,1.0,1.0,0,22604.0,0
0.0,1.0,1.0,0,11796.0,0
0.0,1.0,1.0,1,29943.0,2
0.0,1.0,1.0,0,32528.0,0
1.0,1.0,1.0,0,2761.0,0
0.0,1.0,1.0,0,18086.0,0
0.0,1.0,1.0,0,26542.0,0
0.0,1.0,1.0,0,22170.0,0
1.0,1.0,1.0,0,65885.0,0
1.0,1.0,1.0,0,130738.0,0
0.0,1.0,1.0,0,21151.0,0
0.0,1.0,1.0,0,27576.0,0
0.0,1.0,1.0,0,22890.0,0
1.0,1.0,1.0,0,57040.0,0
0.0,1.0,1.0,0,66750.0,0
0.0,1.0,1.0,1,7445.0,2
1.0,1.0,1.0,0,181893.0,0
0.0,1.0,1.0,0,55146.0,0
0.0,1.0,1.0,0,44994.0,0
1.0,1.0,1.0,0,72741.0,0
0.0,1.0,1.0,0,12249.0,0
1.0,1.0,1.0,0,56054.0,0
0.0,1.0,1.0,0,4035.0,0
0.0,1.0,1.0,0,31737.0,0
0.0,1.0,1.0,0,6208.0,0
1.0,1.0,1.0,0,61858.0,0
0.0,1.0,1.0,0,32972.0,0
0.0,1.0,1.0,0,80666.0,0
1.0,1.0,1.0,0,6508.0,0
0.0,1.0,1.0,1,74953.0,2
0.0,1.0,1.0,0,165982.0,0
0.0,1.0,1.0,0,137837.0,0
1.0,1.0,1.0,0,40430.0,0
0.0,1.0,1.0,0,162372.0,0
1.0,1.0,1.0,0,73580.0,0
0.0,1.0,1.0,0,37014.0,0
1.0,1.0,1.0,0,27749.0,0
0.0,1.0,1.0,0,15405.0,0
0.0,1.0,1.0,0,95216.0,0
0.0,1.0,1.0,0,3680.0,0
0.0,1.0,1.0,0,5867.0,0
0.0,1.0,1.0,0,54510.0,0
0.0,1.0,1.0,0,44617.0,0
0.0,1.0,1.0,0,178934.0,0
1.0,1.0,1.0,0,104423.0,0
0.0,1.0,1.0,0,21035.0,0
0.0,1.0,1.0,0,34251.0,0
0.0,1.0,1.0,0,29749.0,0
0.0,1.0,1.0,0,1780.0,0
0.0,1.0,1.0,0,0.0,0
1.0,1.0,1.0,0,22944.0,0
0.0,1.0,1.0,0,31601.0,0
0.0,1.0,1.0,0,12367.0,0
0.0,1.0,1.0,0,203350.0,0
1.0,1.0,1.0,0,43040.0,0
0.0,1.0,1.0,0,23615.0,0
0.0,1.0,1.0,0,58674.0,0
0.0,1.0,1.0,0,28280.0,0
0.0,1.0,1.0,0,9357.0,0
0.0,1.0,1.0,0,15088.0,0
0.0,1.0,1.0,0,11171.0,0
0.0,1.0,1.0,0,121572.0,0
0.0,1.0,1.0,0,22975.0,0
0.0,1.0,1.0,0,41548.0,0
0.0,1.0,1.0,0,64328.0,0
0.0,1.0,1.0,0,35471.0,0
0.0,1.0,1.0,0,38258.0,0
1.0,1.0,1.0,0,4725.0,0
1.0,1.0,1.0,0,28150.0,0
1.0,1.0,1.0,0,64612.0,0
0.0,1.0,1.0,0,20753.0,0
0.0,1.0,1.0,0,48958.0,0
0.0,1.0,1.0,0,30475.0,0
0.0,1.0,1.0,0,7455.0,0
0.0,1.0,1.0,0,84347.0,0
0.0,1.0,1.0,0,93545.0,0
1.0,1.0,1.0,0,63561.0,0
0.0,1.0,1.0,0,5933.0,0
0.0,1.0,1.0,0,33041.0,0
0.0,1.0,1.0,1,51121.0,2
0.0,1.0,1.0,0,20613.0,0
1.0,1.0,1.0,0,16114.0,0
0.0,1.0,1.0,0,87820.0,0
1.0,1.0,1.0,0,37645.0,0
0.0,1.0,1.0,0,30035.0,0
0.0,1.0,1.0,0,2503.0,0
0.0,1.0,1.0,0,68106.0,0
0.0,1.0,1.0,0,12366.0,0
0.0,1.0,1.0,0,80424.0,0
0.0,1.0,1.0,0,92111.0,0
1.0,1.0,1.0,0,76862.0,0
1.0,1.0,1.0,0,85775.0,0
0.0,1.0,1.0,0,44990.0,0
0.0,1.0,1.0,0,20389.0,1
1.0,1.0,1.0,0,11842.0,1
1.0,1.0,1.0,0,108442.0,1
0.0,1.0,1.0,0,12783.0,1
0.0,1.0,1.0,1,47228.0,2
0.0,1.0,1.0,0,4739.0,1
0.0,1.0,1.0,0,30817.0,1
1.0,1.0,1.0,0,61962.0,1
1.0,1.0,1.0,0,73416.0,1
0.0,1.0,1.0,0,108009.0,1
0.0,1.0,1.0,0,34458.0,1
0.0,1.0,1.0,0,14909.0,1
1.0,1.0,1.0,0,74523.0,1
0.0,1.0,1.0,0,0.0,0
0.0,1.0,1.0,0,1408.0,0
1.0,1.0,1.0,0,59725.0,0
0.0,1.0,1.0,0,62777.0,0
1.0,1.0,1.0,0,16039.0,0
1.0,1.0,1.0,0,15452.0,0
0.0,1.0,1.0,1,4710.0,2
1.0,1.0,1.0,0,56002.0,0
1.0,1.0,1.0,0,58431.0,0
0.0,1.0,1.0,0,4593.0,0
0.0,1.0,1.0,0,8113.0,0
1.0,1.0,1.0,0,69335.0,0
1.0,1.0,1.0,0,51849.0,0
0.0,1.0,1.0,0,56747.0,0
0.0,1.0,1.0,0,115470.0,0
0.0,1.0,1.0,0,36875.0,0
0.0,1.0,1.0,0,8709.0,0
0.0,1.0,1.0,0,11092.0,0
1.0,1.0,1.0,0,43052.0,0
0.0,1.0,1.0,0,14178.0,0
0.0,1.0,1.0,0,25468.0,0
0.0,1.0,1.0,0,25125.0,0
0.0,1.0,1.0,0,65172.0,0
0.0,1.0,1.0,0,98134.0,0
0.0,2.0,2.0,0,30.0,0
0.0,1.0,1.0,0,6253.0,0
0.0,1.0,1.0,0,64488.0,0
0.0,1.0,1.0,0,19946.0,0
0.0,1.0,1.0,0,2781.0,0
1.0,1.0,1.0,0,14461.0,0
1.0,1.0,1.0,0,162580.0,0
2.0,1.0,2.0,0,35.0,0
0.0,1.0,1.0,0,23270.0,0
0.0,1.0,1.0,0,21122.0,0
0.0,1.0,1.0,0,19259.0,0
0.0,1.0,1.0,0,61529.0,0
0.0,1.0,1.0,0,31202.0,0
0.0,1.0,1.0,0,21164.0,1
0.0,1.0,1.0,0,19416.0,1
0.0,1.0,1.0,0,107600.0,1
0.0,1.0,1.0,0,4959.0,1
0.0,1.0,1.0,0,23765.0,1
0.0,1.0,1.0,0,20244.0,1
0.0,1.0,1.0,0,61102.0,1
0.0,1.0,1.0,0,43055.0,1
0.0,1.0,1.0,0,3415.0,1
0.0,1.0,1.0,0,41512.0,1
0.0,1.0,1.0,0,22516.0,1
0.0,1.0,1.0,0,33634.0,1
0.0,1.0,1.0,0,24060.0,1
0.0,1.0,1.0,0,246432.0,1
0.0,1.0,1.0,0,1099.0,1
0.0,1.0,1.0,0,38443.0,1
1.0,1.0,1.0,0,36549.0,1
1.0,1.0,1.0,0,59237.0,1
0.0,1.0,1.0,0,7916.0,1
0.0,1.0,1.0,0,29367.0,1
0.0,1.0,1.0,0,45739.0,1
0.0,1.0,1.0,0,40933.0,1
0.0,1.0,1.0,0,99811.0,1
1.0,1.0,1.0,0,12928.0,1
0.0,1.0,1.0,0,35088.0,1
0.0,1.0,1.0,0,9561.0,1
0.0,1.0,1.0,0,35031.0,1
1.0,1.0,1.0,0,18063.0,1
0.0,1.0,1.0,0,73446.0,1
1.0,1.0,1.0,0,0.0,0
0.0,1.0,1.0,0,42295.0,0
0.0,1.0,1.0,0,60292.0,0
1.0,1.0,1.0,0,61067.0,0
1.0,1.0,1.0,0,65879.0,0
0.0,1.0,1.0,0,29597.0,0
1.0,1.0,1.0,0,61761.0,0
1.0,1.0,1.0,0,120782.0,0
0.0,1.0,1.0,0,23258.0,0
0.0,1.0,1.0,0,131879.0,0
0.0,1.0,1.0,0,540.0,0
1.0,1.0,1.0,0,11234.0,0
0.0,1.0,1.0,1,29513.0,2
1.0,1.0,1.0,0,7744.0,0
0.0,1.0,1.0,0,3150.0,0
0.0,1.0,1.0,0,5009.0,0
0.0,1.0,1.0,0,13233.0,0
1.0,1.0,1.0,0,27402.0,0
0.0,1.0,1.0,0,28639.0,0
1.0,1.0,1.0,0,41515.0,0
1.0,1.0,1.0,0,150673.0,0
1.0,1.0,1.0,0,172828.0,0
1.0,1.0,1.0,0,78145.0,0
0.0,1.0,1.0,0,2184.0,0
0.0,1.0,1.0,1,17831.0,2
0.0,1.0,1.0,0,19880.0,0
0.0,1.0,1.0,0,97784.0,0
1.0,1.0,1.0,0,17244.0,0
0.0,1.0,1.0,0,17218.0,0
0.0,1.0,1.0,0,50837.0,0
0.0,1.0,1.0,0,28430.0,0
0.0,1.0,1.0,0,76821.0,0
1.0,1.0,1.0,0,79746.0,0
0.0,1.0,1.0,0,55664.0,0
1.0,1.0,1.0,0,53951.0,0
1.0,1.0,1.0,0,86965.0,0
1.0,1.0,1.0,0,3821.0,0
0.0,1.0,1.0,0,47245.0,0
0.0,1.0,1.0,0,104003.0,0
1.0,1.0,1.0,0,16875.0,0
0.0,1.0,1.0,0,55429.0,0
0.0,1.0,1.0,0,26450.0,0
0.0,1.0,1.0,0,70240.0,0
1.0,1.0,1.0,0,173665.0,0
0.0,1.0,1.0,0,59789.0,0
0.0,1.0,1.0,0,69952.0,0
0.0,1.0,1.0,0,44149.0,0
0.0,1.0,1.0,0,17721.0,0
0.0,1.0,1.0,0,40263.0,0
0.0,1.0,1.0,0,0.0,0
1.0,1.0,1.0,0,19120.0,0
1.0,1.0,1.0,0,40522.0,0
0.0,1.0,1.0,0,35572.0,0
0.0,1.0,1.0,0,85659.0,0
0.0,1.0,1.0,0,123265.0,0
0.0,1.0,1.0,0,90071.0,0
0.0,1.0,1.0,0,8905.0,0
0.0,1.0,1.0,0,3212.0,0
0.0,1.0,1.0,0,169589.0,0
0.0,1.0,1.0,0,18562.0,0
1.0,1.0,1.0,0,1781.0,0
0.0,1.0,1.0,0,139115.0,0
0.0,1.0,1.0,0,9725.0,0
0.0,1.0,1.0,0,24189.0,0
1.0,1.0,1.0,0,2167.0,0
1.0,1.0,1.0,0,5380.0,0
0.0,1.0,1.0,0,829.0,0
1.0,1.0,1.0,0,18217.0,0
0.0,1.0,1.0,0,42053.0,0
0.0,1.0,1.0,0,54333.0,0
1.0,1.0,1.0,0,13312.0,0
1.0,1.0,1.0,0,34869.0,0
0.0,1.0,1.0,0,45709.0,0
1.0,1.0,1.0,0,2413.0,0
0.0,1.0,1.0,0,50349.0,0
0.0,1.0,1.0,0,126136.0,0
0.0,1.0,1.0,0,110221.0,0
0.0,1.0,1.0,0,5687.0,0
0.0,1.0,1.0,0,20664.0,0
0.0,1.0,1.0,1,117225.0,2
0.0,1.0,1.0,0,673.0,0
1.0,1.0,1.0,0,51252.0,0
0.0,1.0,1.0,0,26062.0,0
0.0,1.0,1.0,0,59896.0,0
1.0,1.0,1.0,0,31023.0,0
0.0,1.0,1.0,0,5233.0,0
0.0,1.0,1.0,0,17002.0,0
0.0,1.0,1.0,0,15243.0,0
1.0,1.0,1.0,0,15530.0,0
0.0,1.0,1.0,1,7394.0,2
0.0,1.0,1.0,0,35115.0,0
0.0,1.0,1.0,0,19126.0,0
0.0,1.0,1.0,0,42875.0,0
0.0,1.0,1.0,0,14996.0,0
0.0,1.0,1.0,0,23686.0,0
0.0,1.0,1.0,0,30049.0,0
0.0,1.0,1.0,0,23487.0,0
0.0,1.0,1.0,0,89038.0,0
1.0,1.0,1.0,0,6974.0,0
0.0,1.0,1.0,1,18279.0,2
0.0,1.0,1.0,0,12846.0,0
0.0,1.0,1.0,0,7178.0,0
0.0,1.0,1.0,0,23333.0,0
0.0,1.0,1.0,0,26084.0,1
0.0,1.0,1.0,0,71760.0,1
0.0,2.0,1.0,0,261.0,1
1.0,1.0,1.0,0,90713.0,1
1.0,1.0,1.0,0,36320.0,1
1.0,1.0,1.0,0,277.0,1
0.0,1.0,1.0,0,26414.0,1
0.0,1.0,1.0,0,40719.0,1
0.0,1.0,1.0,0,1852.0,1
0.0,1.0,1.0,0,21531.0,1
0.0,1.0,1.0,0,92454.0,1
0.0,1.0,1.0,0,34242.0,1
0.0,1.0,1.0,0,41028.0,1
0.0,1.0,1.0,1,0.0,2
0.0,1.0,1.0,0,43980.0,0
1.0,1.0,1.0,0,400.0,0
0.0,1.0,1.0,0,9570.0,0
0.0,1.0,1.0,0,12121.0,0
0.0,1.0,1.0,0,4678.0,0
0.0,1.0,1.0,0,21699.0,0
0.0,1.0,1.0,0,73570.0,0
1.0,1.0,1.0,0,5647.0,0
0.0,1.0,1.0,0,54504.0,0
0.0,1.0,1.0,0,7567.0,0
0.0,1.0,1.0,0,10127.0,0
0.0,1.0,1.0,0,23363.0,0
0.0,1.0,1.0,0,124806.0,0
0.0,1.0,1.0,0,65851.0,0
0.0,1.0,1.0,0,16261.0,0
0.0,1.0,1.0,0,102246.0,0
0.0,1.0,1.0,0,74794.0,0
0.0,1.0,1.0,1,134146.0,2
1.0,1.0,1.0,0,1915.0,0
1.0,1.0,1.0,0,32404.0,0
0.0,1.0,1.0,0,140601.0,0
0.0,1.0,1.0,0,18837.0,0
0.0,1.0,1.0,0,125769.0,0
0.0,1.0,1.0,0,58662.0,0
0.0,1.0,1.0,0,23457.0,0
0.0,1.0,1.0,0,16024.0,0
0.0,1.0,1.0,0,37555.0,0
0.0,1.0,1.0,0,155940.0,0
0.0,1.0,1.0,0,38563.0,0
1.0,1.0,1.0,0,25107.0,0
0.0,1.0,1.0,0,44656.0,0
0.0,1.0,1.0,0,73005.0,0
1.0,1.0,1.0,0,1841.0,0
1.0,1.0,1.0,0,13558.0,0
1.0,1.0,1.0,0,18183.0,0
0.0,1.0,1.0,0,4365.0,0
0.0,1.0,1.0,0,9858.0,0
0.0,1.0,1.0,0,255502.0,0
0.0,1.0,1.0,0,12722.0,0
0.0,1.0,1.0,0,77425.0,0
0.0,1.0,1.0,0,1186.0,0
0.0,1.0,1.0,0,661.0,0
0.0,1.0,1.0,0,144136.0,0
1.0,1.0,1.0,0,91827.0,0
0.0,1.0,1.0,0,12505.0,0
0.0,1.0,1.0,0,39532.0,0
1.0,1.0,1.0,0,76558.0,0
0.0,1.0,1.0,0,63487.0,0
0.0,1.0,1.0,0,49902.0,0
0.0,1.0,1.0,0,29567.0,0
0.0,1.0,1.0,0,494.0,0
0.0,1.0,1.0,0,8108.0,0
0.0,1.0,1.0,0,40081.0,0
0.0,1.0,1.0,1,0.0,2
1.0,1.0,1.0,0,10060.0,0
1.0,1.0,1.0,0,7002.0,0
1.0,1.0,1.0,0,135132.0,0
0.0,1.0,1.0,0,56813.0,0
0.0,1.0,1.0,0,32914.0,0
1.0,1.0,1.0,0,49587.0,0
0.0,1.0,1.0,0,12166.0,0
0.0,1.0,1.0,0,126909.0,0
0.0,1.0,1.0,0,55536.0,0
1.0,1.0,1.0,0,19009.0,0
0.0,1.0,1.0,0,61989.0,0
0.0,1.0,1.0,0,22311.0,0
0.0,1.0,1.0,0,50829.0,0
1.0,1.0,1.0,0,4926.0,0
0.0,1.0,1.0,0,4033.0,0
0.0,1.0,1.0,0,8624.0,0
1.0,2.0,1.0,0,122.0,0
0.0,1.0,1.0,0,45901.0,0
0.0,1.0,1.0,0,62103.0,0
0.0,1.0,1.0,0,91707.0,0
1.0,1.0,1.0,0,2877.0,0
1.0,1.0,1.0,0,6187.0,0
0.0,1.0,1.0,0,36142.0,0
0.0,1.0,1.0,0,11475.0,0
0.0,1.0,1.0,0,23501.0,0
1.0,1.0,1.0,0,8288.0,0
1.0,1.0,1.0,0,62181.0,0
0.0,1.0,1.0,0,2025.0,0
1.0,1.0,1.0,0,21395.0,0
0.0,1.0,1.0,0,20656.0,0
0.0,1.0,1.0,0,80613.0,0
1.0,1.0,1.0,0,67373.0,0
0.0,1.0,1.0,0,40496.0,0
0.0,1.0,1.0,0,40334.0,0
0.0,1.0,1.0,0,5386.0,0
0.0,1.0,1.0,0,3203.0,0
0.0,1.0,1.0,0,105379.0,0
0.0,1.0,1.0,0,447.0,0
1.0,1.0,1.0,0,51360.0,0
0.0,1.0,1.0,0,80055.0,0
0.0,1.0,1.0,0,47746.0,0
0.0,1.0,1.0,0,34530.0,0
0.0,1.0,1.0,0,15712.0,0
0.0,1.0,1.0,0,24627.0,0
0.0,1.0,1.0,0,76355.0,0
1.0,1.0,1.0,0,34431.0,0
0.0,1.0,1.0,0,2841.0,0
1.0,1.0,1.0,0,34252.0,0
0.0,1.0,1.0,0,59456.0,0
0.0,1.0,1.0,0,101273.0,0
0.0,1.0,1.0,0,19185.0,0
0.0,1.0,1.0,0,3971.0,0
0.0,1.0,1.0,0,52700.0,0
0.0,1.0,1.0,0,105649.0,1
0.0,1.0,1.0,0,31233.0,1
0.0,1.0,1.0,0,6405.0,1
1.0,1.0,1.0,0,4719.0,1
0.0,1.0,1.0,0,48515.0,1
0.0,1.0,1.0,0,1081.0,1
0.0,1.0,1.0,0,47212.0,1
0.0,1.0,1.0,1,102389.0,2
0.0,1.0,1.0,0,94018.0,1
0.0,1.0,1.0,0,5136.0,1
0.0,1.0,1.0,0,55117.0,1
0.0,1.0,1.0,1,52937.0,2
0.0,1.0,1.0,0,416.0,1
1.0,1.0,1.0,0,0.0,0
0.0,1.0,1.0,0,17558.0,0
0.0,1.0,1.0,0,17511.0,0
0.0,1.0,1.0,0,6805.0,0
0.0,1.0,1.0,0,42577.0,0
0.0,1.0,1.0,0,14164.0,0
1.0,1.0,1.0,0,17399.0,0
0.0,1.0,1.0,0,20799.0,0
1.0,1.0,1.0,0,1191.0,0
0.0,1.0,1.0,0,68576.0,0
0.0,1.0,1.0,0,129241.0,0
0.0,1.0,1.0,0,4256.0,0
0.0,1.0,1.0,0,42346.0,0
0.0,1.0,1.0,0,6873.0,0
1.0,1.0,1.0,0,77305.0,0
0.0,1.0,1.0,0,7599.0,0
0.0,1.0,1.0,0,7637.0,0
1.0,1.0,1.0,0,19128.0,0
0.0,1.0,1.0,0,122464.0,0
0.0,1.0,1.0,0,18341.0,0
1.0,1.0,1.0,0,40456.0,0
1.0,1.0,1.0,0,29791.0,0
0.0,1.0,1.0,0,26910.0,0
0.0,1.0,1.0,0,10678.0,0
0.0,1.0,1.0,0,1137.0,0
1.0,1.0,1.0,0,32087.0,0
0.0,1.0,1.0,0,9203.0,0
1.0,1.0,1.0,0,59677.0,0
1.0,1.0,1.0,0,27926.0,0
0.0,1.0,1.0,0,46142.0,0
0.0,1.0,1.0,0,108341.0,0
0.0,1.0,1.0,0,7818.0,0
0.0,1.0,1.0,0,70416.0,0
1.0,1.0,1.0,0,80300.0,0
0.0,1.0,1.0,0,77957.0,0
1.0,1.0,1.0,0,118472.0,0
0.0,1.0,1.0,0,24778.0,0
1.0,1.0,1.0,0,33862.0,0
0.0,1.0,1.0,0,79051.0,0
1.0,1.0,1.0,0,47217.0,0
0.0,1.0,1.0,0,81854.0,0
0.0,1.0,1.0,0,36189.0,0
0.0,1.0,1.0,0,6356.0,1
0.0,1.0,1.0,0,54682.0,1
1.0,1.0,1.0,0,38592.0,1
0.0,1.0,1.0,0,89807.0,1
1.0,1.0,1.0,0,45780.0,1
0.0,1.0,1.0,0,99867.0,1
0.0,1.0,1.0,0,54039.0,1
1.0,1.0,1.0,0,19980.0,1
0.0,1.0,1.0,0,43659.0,1
0.0,1.0,1.0,0,68513.0,1
0.0,1.0,1.0,1,2949.0,2
0.0,1.0,1.0,0,24037.0,1
1.0,1.0,1.0,0,10303.0,1
1.0,1.0,1.0,0,2003.0,1
0.0,1.0,1.0,0,95092.0,1
0.0,1.0,1.0,0,50514.0,1
0.0,1.0,1.0,0,69645.0,1
1.0,1.0,1.0,0,53405.0,1
1.0,1.0,1.0,0,0.0,0
0.0,1.0,1.0,0,9208.0,0
0.0,1.0,1.0,0,76247.0,0
0.0,1.0,1.0,0,36133.0,0
0.0,1.0,1.0,0,136299.0,0
0.0,1.0,1.0,0,43748.0,0
0.0,1.0,1.0,0,81742.0,0
1.0,1.0,1.0,0,80416.0,0
0.0,1.0,1.0,0,34852.0,0
1.0,1.0,1.0,0,47370.0,0
0.0,1.0,1.0,0,6334.0,0
0.0,1.0,1.0,0,20911.0,0
0.0,1.0,1.0,0,50906.0,0
1.0,1.0,1.0,0,19029.0,0
0.0,1.0,1.0,0,71938.0,0
0.0,1.0,1.0,0,128275.0,0
0.0,1.0,1.0,0,4871.0,0
0.0,1.0,1.0,0,60224.0,0
0.0,1.0,1.0,0,55923.0,0
1.0,1.0,1.0,0,26230.0,0
0.0,1.0,1.0,0,11696.0,0
0.0,1.0,1.0,0,14863.0,0
0.0,1.0,1.0,0,8822.0,0
0.0,1.0,1.0,0,45808.0,0
0.0,1.0,1.0,0,27997.0,0
0.0,1.0,1.0,0,31882.0,0
0.0,1.0,1.0,0,55585.0,0
0.0,1.0,1.0,0,178943.0,0
0.0,1.0,1.0,0,16200.0,0
0.0,1.0,1.0,0,78783.0,0
0.0,1.0,1.0,0,28406.0,0
0.0,1.0,1.0,0,16006.0,0
1.0,1.0,1.0,0,45448.0,0
1.0,1.0,1.0,0,24415.0,0
1.0,1.0,1.0,0,14426.0,0
0.0,1.0,1.0,0,24169.0,0
0.0,1.0,1.0,0,46149.0,0
0.0,1.0,1.0,0,38734.0,0
0.0,1.0,1.0,0,178415.0,0
0.0,1.0,1.0,0,46762.0,0
0.0,1.0,1.0,0,48738.0,0
0.0,1.0,1.0,0,38426.0,0
0.0,1.0,1.0,0,20628.0,0
0.0,1.0,1.0,0,9685.0,0
0.0,1.0,1.0,0,103673.0,0
1.0,1.0,1.0,0,5669.0,0
0.0,1.0,1.0,0,12782.0,0
1.0,1.0,1.0,0,95197.0,0
1.0,1.0,1.0,0,15393.0,0
0.0,1.0,1.0,0,30164.0,0
0.0,1.0,1.0,0,179995.0,1
0.0,1.0,1.0,0,3027.0,1
0.0,1.0,1.0,0,61416.0,1
1.0,1.0,1.0,0,0.0,0
0.0,1.0,1.0,0,673.0,0
1.0,1.0,1.0,0,17750.0,0
0.0,1.0,1.0,0,31712.0,0
0.0,1.0,1.0,0,24049.0,0
0.0,1.0,1.0,0,17250.0,0
0.0,1.0,1.0,0,17434.0,0
1.0,1.0,1.0,0,1487.0,0
0.0,1.0,1.0,0,17098.0,0
0.0,1.0,1.0,0,2011.0,0
1.0,1.0,1.0,0,97796.0,0
0.0,1.0,1.0,0,15299.0,0
0.0,1.0,1.0,1,151108.0,2
0.0,1.0,1.0,0,14451.0,0
1.0,1.0,1.0,0,3461.0,0
0.0,1.0,1.0,0,947.0,0
0.0,1.0,1.0,0,1823.0,0
1.0,1.0,1.0,0,42846.0,0
1.0,1.0,1.0,0,12704.0,0
0.0,1.0,1.0,0,103034.0,0
1.0,2.0,1.0,0,182.0,0
0.0,1.0,1.0,0,1904.0,0
0.0,1.0,1.0,0,8798.0,0
1.0,1.0,1.0,0,11966.0,0
0.0,1.0,1.0,0,14673.0,0
0.0,1.0,1.0,0,52958.0,0
0.0,1.0,1.0,0,29393.0,0
0.0,1.0,1.0,0,72667.0,0
0.0,1.0,1.0,0,39959.0,0
0.0,1.0,1.0,0,94489.0,0
0.0,1.0,1.0,0,7540.0,0
0.0,1.0,1.0,0,63323.0,0
1.0,1.0,1.0,0,128439.0,0
0.0,1.0,1.0,0,21547.0,0
1.0,1.0,1.0,0,6617.0,0
1.0,1.0,1.0,0,152755.0,0
1.0,1.0,1.0,0,1743.0,0
0.0,1.0,1.0,0,46441.0,0
0.0,1.0,1.0,0,20622.0,0
0.0,1.0,1.0,0,31152.0,0
0.0,1.0,1.0,0,31130.0,0
0.0,1.0,1.0,0,36407.0,0
1.0,1.0,1.0,0,43605.0,0
0.0,1.0,1.0,0,40805.0,0
0.0,1.0,1.0,0,11931.0,0
0.0,1.0,1.0,0,15206.0,0
0.0,1.0,1.0,0,24724.0,0
0.0,1.0,1.0,0,16903.0,0
1.0,1.0,1.0,0,116863.0,0
0.0,1.0,1.0,0,1053.0,0
0.0,1.0,1.0,0,24123.0,0
0.0,1.0,1.0,0,10179.0,0
0.0,1.0,1.0,0,48592.0,0
1.0,1.0,1.0,0,129918.0,0
1.0,1.0,1.0,0,15368.0,0
0.0,1.0,1.0,0,68276.0,0
0.0,1.0,1.0,0,23584.0,1
0.0,1.0,1.0,0,23301.0,1
1.0,1.0,1.0,0,408.0,1
0.0,1.0,1.0,0,8649.0,1
0.0,1.0,1.0,0,490.0,1
1.0,1.0,1.0,0,78587.0,1
0.0,1.0,1.0,0,32435.0,1
0.0,1.0,1.0,0,7766.0,1
0.0,1.0,1.0,0,49703.0,1
0.0,1.0,1.0,0,109757.0,1
0.0,1.0,1.0,0,109625.0,1
0.0,1.0,1.0,0,6334.0,1
1.0,1.0,1.0,0,941.0,1
1.0,1.0,1.0,0,21631.0,1
0.0,1.0,1.0,0,19627.0,1
0.0,1.0,1.0,0,815.0,1
0.0,1.0,1.0,0,1928.0,1
0.0,1.0,1.0,0,0.0,0
0.0,1.0,1.0,0,4931.0,0
0.0,1.0,1.0,0,27345.0,0
0.0,1.0,1.0,0,1702.0,0
0.0,1.0,1.0,0,19661.0,0
0.0,1.0,1.0,0,17636.0,0
0.0,1.0,1.0,0,1401.0,0
0.0,1.0,1.0,0,41574.0,0
1.0,1.0,1.0,0,19212.0,0
0.0,1.0,1.0,0,20111.0,0
0.0,1.0,1.0,0,13455.0,0
0.0,1.0,1.0,0,91174.0,0
0.0,1.0,1.0,0,15462.0,0
0.0,1.0,1.0,0,18448.0,0
0.0,1.0,1.0,0,66173.0,0
0.0,1.0,1.0,0,18275.0,0
1.0,1.0,1.0,0,141102.0,0
0.0,1.0,1.0,0,12936.0,0
0.0,1.0,1.0,0,58362.0,0
0.0,1.0,1.0,0,14824.0,0
1.0,1.0,1.0,0,58740.0,0
0.0,1.0,1.0,0,24737.0,0
0.0,2.0,2.0,0,9.0,0
0.0,1.0,1.0,0,21951.0,0
1.0,1.0,1.0,0,135322.0,0
0.0,1.0,1.0,0,79259.0,0
0.0,1.0,1.0,0,44538.0,0
0.0,1.0,1.0,0,13570.0,0
1.0,1.0,1.0,0,91567.0,0
0.0,1.0,1.0,0,14438.0,0
0.0,1.0,1.0,0,42803.0,0
0.0,1.0,1.0,0,60807.0,0
0.0,1.0,1.0,0,65146.0,0
0.0,2.0,2.0,0,48.0,0
1.0,1.0,1.0,0,32085.0,0
0.0,1.0,1.0,0,32394.0,1
0.0,1.0,1.0,0,35321.0,1
0.0,1.0,1.0,0,8084.0,1
1.0,1.0,1.0,0,91898.0,1
1.0,1.0,1.0,0,31034.0,1
0.0,1.0,1.0,0,46058.0,1
0.0,1.0,1.0,0,46861.0,1
1.0,1.0,1.0,0,10897.0,1
0.0,1.0,1.0,0,106093.0,1
0.0,1.0,1.0,0,78506.0,1
0.0,1.0,1.0,0,116185.0,1
0.0,1.0,1.0,0,14571.0,1
1.0,1.0,1.0,0,19024.0,1
1.0,1.0,1.0,0,13587.0,1
0.0,1.0,1.0,0,27986.0,1
0.0,1.0,1.0,0,19134.0,1
1.0,1.0,1.0,0,16388.0,1
1.0,1.0,1.0,0,5556.0,1
0.0,1.0,1.0,0,107984.0,1
0.0,1.0,1.0,0,111374.0,1
0.0,1.0,1.0,0,39336.0,1
1.0,1.0,1.0,0,53872.0,1
0.0,1.0,1.0,0,13521.0,1
0.0,1.0,1.0,0,35413.0,1
1.0,1.0,1.0,0,13940.0,1
0.0,1.0,1.0,0,83639.0,1
0.0,1.0,1.0,0,16135.0,1
0.0,1.0,1.0,0,53219.0,1
1.0,1.0,1.0,0,0.0,0
1.0,1.0,1.0,0,28188.0,0
1.0,1.0,1.0,0,102444.0,0
0.0,1.0,1.0,0,94252.0,0
1.0,1.0,1.0,0,26741.0,0
0.0,1.0,1.0,0,105679.0,0
0.0,1.0,1.0,0,17171.0,0
0.0,1.0,1.0,0,46105.0,0
0.0,1.0,1.0,0,95344.0,0
1.0,1.0,1.0,0,35782.0,0
0.0,1.0,1.0,0,99203.0,0
1.0,1.0,1.0,0,28594.0,0
0.0,1.0,1.0,0,33288.0,0
0.0,1.0,1.0,0,12305.0,0
0.0,1.0,1.0,0,81944.0,0
1.0,1.0,1.0,0,18212.0,0
0.0,1.0,1.0,0,38493.0,0
0.0,1.0,1.0,0,14794.0,0
1.0,1.0,1.0,0,8959.0,0
0.0,1.0,1.0,0,21358.0,0
0.0,1.0,1.0,0,70307.0,0
1.0,1.0,1.0,0,34612.0,0
0.0,1.0,1.0,0,10971.0,0
1.0,1.0,1.0,0,62963.0,0
0.0,1.0,1.0,0,27603.0,0
1.0,1.0,1.0,0,15721.0,0
0.0,1.0,1.0,0,50497.0,0
0.0,1.0,1.0,0,10402.0,0
0.0,1.0,1.0,0,30971.0,0
0.0,1.0,1.0,1,24364.0,2
0.0,1.0,1.0,0,40698.0,0
0.0,1.0,1.0,0,49515.0,0
0.0,1.0,1.0,0,19052.0,0
0.0,1.0,1.0,0,9993.0,0
0.0,1.0,1.0,0,71134.0,0
0.0,1.0,1.0,0,36781.0,0
0.0,1.0,1.0,0,15498.0,0
0.0,1.0,1.0,0,74546.0,0
1.0,1.0,1.0,0,72514.0,0
0.0,1.0,1.0,0,14742.0,0
1.0,1.0,1.0,0,50730.0,0
0.0,1.0,1.0,0,10281.0,0
0.0,1.0,1.0,0,60733.0,0
1.0,1.0,1.0,0,5233.0,0
0.0,1.0,1.0,0,1747.0,0
0.0,1.0,1.0,0,44600.0,0
0.0,1.0,1.0,1,132893.0,2
0.0,1.0,1.0,0,21349.0,0
0.0,1.0,1.0,0,14874.0,0
0.0,1.0,1.0,0,4250.0,0
0.0,1.0,1.0,0,24454.0,0
0.0,1.0,1.0,1,10685.0,2
0.0,1.0,1.0,0,9422.0,0
1.0,1.0,1.0,0,42404.0,0
1.0,1.0,1.0,0,24769.0,0
0.0,1.0,1.0,0,80635.0,0
0.0,1.0,1.0,0,6754.0,0
0.0,1.0,1.0,0,81114.0,0
1.0,1.0,1.0,0,67423.0,0
0.0,1.0,1.0,0,2399.0,0
0.0,1.0,1.0,1,64115.0,2
1.0,1.0,1.0,0,0.0,0
0.0,1.0,1.0,0,23334.0,0
0.0,1.0,1.0,0,39591.0,0
0.0,1.0,1.0,0,37383.0,0
0.0,1.0,1.0,0,2778.0,0
0.0,1.0,1.0,0,1266.0,0
0.0,1.0,1.0,0,6161.0,0
0.0,1.0,1.0,0,9685.0,0
1.0,1.0,1.0,0,729.0,0
1.0,1.0,1.0,0,56025.0,0
1.0,1.0,1.0,0,122663.0,0
0.0,1.0,1.0,0,159491.0,0
0.0,1.0,1.0,0,20691.0,0
0.0,1.0,1.0,0,91890.0,0
0.0,1.0,1.0,1,1540.0,2
0.0,1.0,1.0,0,49124.0,0
1.0,1.0,1.0,0,3696.0,0
0.0,1.0,1.0,0,27126.0,0
0.0,1.0,1.0,0,10089.0,0
1.0,1.0,1.0,0,3583.0,0
1.0,1.0,1.0,0,79462.0,0
0.0,1.0,1.0,0,48117.0,0
0.0,1.0,1.0,0,10730.0,0
0.0,1.0,1.0,0,67270.0,0
1.0,1.0,1.0,0,47364.0,0
0.0,1.0,1.0,0,48092.0,0
0.0,1.0,1.0,0,61007.0,0
0.0,1.0,1.0,0,20835.0,0
0.0,1.0,1.0,1,28964.0,2
0.0,1.0,1.0,0,45829.0,0
0.0,1.0,1.0,0,63115.0,0
0.0,1.0,1.0,0,40781.0,0
0.0,1.0,1.0,0,34411.0,0
1.0,1.0,1.0,0,90334.0,0
0.0,1.0,1.0,0,17234.0,0
0.0,1.0,1.0,0,70795.0,0
0.0,1.0,1.0,0,16853.0,0
0.0,1.0,1.0,0,5471.0,0
1.0,1.0,1.0,0,19670.0,0
0.0,1.0,1.0,0,37826.0,1
0.0,1.0,1.0,0,39083.0,1
1.0,1.0,1.0,0,25790.0,1
0.0,1.0,1.0,0,89128.0,1
0.0,1.0,1.0,0,39248.0,1
0.0,1.0,1.0,0,37990.0,1
1.0,1.0,1.0,0,46617.0,1
0.0,1.0,1.0,0,7159.0,1
0.0,1.0,1.0,0,119682.0,1
0.0,1.0,1.0,0,5039.0,1
0.0,1.0,1.0,0,21143.0,1
0.0,1.0,1.0,0,33968.0,1
1.0,1.0,1.0,0,160338.0,1
0.0,1.0,1.0,1,10149.0,2
0.0,1.0,1.0,0,18194.0,1
0.0,1.0,1.0,0,24367.0,1
0.0,1.0,1.0,1,43569.0,2
0.0,1.0,1.0,0,112244.0,1
0.0,1.0,1.0,0,24624.0,1
0.0,1.0,1.0,1,8044.0,2
1.0,1.0,1.0,0,61985.0,1
0.0,1.0,1.0,0,0.0,0
1.0,1.0,1.0,0,20879.0,0
0.0,1.0,1.0,0,74140.0,0
0.0,1.0,1.0,0,135458.0,0
0.0,1.0,1.0,0,38640.0,0
0.0,1.0,1.0,0,71601.0,0
0.0,1.0,1.0,0,120802.0,0
1.0,1.0,1.0,0,17491.0,0
0.0,1.0,1.0,0,17757.0,0
0.0,1.0,1.0,0,31267.0,0
0.0,1.0,1.0,0,31552.0,0
1.0,1.0,1.0,0,40194.0,0
0.0,1.0,1.0,0,27369.0,0
0.0,1.0,1.0,0,21360.0,0
0.0,1.0,1.0,0,104010.0,0
0.0,1.0,1.0,0,20548.0,0
0.0,1.0,1.0,0,4630.0,0
0.0,1.0,1.0,0,21930.0,0
1.0,1.0,1.0,0,24507.0,0
0.0,1.0,1.0,0,28997.0,0
0.0,1.0,1.0,0,18843.0,0
1.0,1.0,1.0,0,37982.0,0
1.0,1.0,1.0,0,42253.0,0
0.0,1.0,1.0,0,30970.0,0
0.0,1.0,1.0,0,7118.0,0
0.0,1.0,1.0,0,31891.0,0
0.0,1.0,1.0,0,72856.0,0
0.0,1.0,1.0,0,116936.0,0
1.0,1.0,1.0,0,39758.0,0
1.0,1.0,1.0,0,8678.0,0
0.0,1.0,1.0,0,1981.0,0
0.0,1.0,1.0,0,49490.0,0
1.0,1.0,1.0,0,66430.0,0
0.0,1.0,1.0,0,50593.0,0
0.0,1.0,1.0,0,51876.0,0
0.0,1.0,1.0,0,13848.0,0
0.0,1.0,1.0,0,186213.0,0
0.0,1.0,1.0,0,4344.0,0
0.0,1.0,1.0,0,19927.0,0
1.0,1.0,1.0,0,17215.0,0
1.0,1.0,1.0,0,6388.0,0
0.0,1.0,1.0,0,10480.0,0
0.0,1.0,1.0,0,21271.0,0
1.0,1.0,1.0,0,93268.0,0
0.0,1.0,1.0,0,190295.0,0
1.0,1.0,1.0,0,6362.0,0
1.0,1.0,1.0,0,31787.0,0
0.0,1.0,1.0,0,2857.0,0
1.0,1.0,1.0,0,1899.0,0
0.0,1.0,1.0,0,9131.0,0
0.0,1.0,1.0,0,82457.0,0
0.0,1.0,1.0,0,15142.0,0
1.0,1.0,1.0,0,6766.0,0
0.0,1.0,1.0,0,37839.0,0
0.0,1.0,1.0,0,23985.0,0
0.0,1.0,1.0,0,33022.0,0
0.0,1.0,1.0,0,13250.0,0
0.0,1.0,1.0,0,82227.0,0
0.0,1.0,1.0,0,27254.0,0
0.0,1.0,1.0,0,41020.0,1
1.0,1.0,1.0,0,17947.0,1
0.0,1.0,1.0,0,91592.0,1
0.0,1.0,1.0,1,4255.0,2
0.0,1.0,1.0,0,0.0,0
0.0,1.0,1.0,0,29377.0,0
1.0,1.0,1.0,0,8518.0,0
0.0,1.0,1.0,0,38704.0,0
0.0,1.0,1.0,0,5814.0,0
1.0,1.0,1.0,0,20834.0,0
0.0,1.0,1.0,1,35179.0,2
0.0,1.0,1.0,0,6792.0,0
0.0,1.0,1.0,0,5928.0,0
1.0,1.0,1.0,0,72522.0,0
0.0,1.0,1.0,0,42146.0,0
0.0,1.0,1.0,1,28446.0,2
0.0,1.0,1.0,0,6796.0,0
1.0,1.0,1.0,0,1262.0,0
0.0,1.0,1.0,0,47131.0,0
0.0,1.0,1.0,0,45223.0,0
0.0,1.0,1.0,0,19703.0,0
1.0,1.0,1.0,0,20691.0,0
0.0,1.0,1.0,0,96394.0,0
1.0,1.0,1.0,0,32030.0,0
0.0,1.0,1.0,0,35613.0,0
0.0,1.0,1.0,0,12683.0,0
0.0,1.0,1.0,0,32189.0,0
0.0,1.0,1.0,0,7785.0,0
0.0,1.0,1.0,0,60895.0,0
0.0,1.0,1.0,0,61613.0,0
0.0,1.0,1.0,0,8654.0,0
0.0,2.0,1.0,0,62.0,0
0.0,1.0,1.0,0,111671.0,0
0.0,1.0,1.0,0,40647.0,0
0.0,1.0,1.0,0,34361.0,0
0.0,1.0,1.0,0,44216.0,0
1.0,1.0,1.0,0,76255.0,0
0.0,1.0,1.0,0,7763.0,0
0.0,1.0,1.0,0,50825.0,0
1.0,1.0,1.0,0,167363.0,0
0.0,1.0,1.0,0,5000.0,0
0.0,1.0,1.0,0,3984.0,0
0.0,1.0,1.0,0,54128.0,0
0.0,1.0,1.0,0,26127.0,0
0.0,1.0,1.0,0,5706.0,0
0.0,1.0,1.0,1,2706.0,2
1.0,1.0,1.0,0,8166.0,0
0.0,1.0,1.0,0,8828.0,0
0.0,1.0,1.0,0,36281.0,0
0.0,1.0,1.0,1,15657.0,2
0.0,1.0,1.0,0,24114.0,0
1.0,1.0,1.0,0,102663.0,0
0.0,1.0,1.0,0,23939.0,1
0.0,1.0,1.0,0,77389.0,1
0.0,1.0,1.0,0,6716.0,1
0.0,1.0,1.0,0,11140.0,1
0.0,1.0,1.0,0,47695.0,1
0.0,1.0,1.0,0,38995.0,1
1.0,1.0,1.0,0,71090.0,1
0.0,1.0,1.0,1,104233.0,2
0.0,1.0,1.0,0,104894.0,1
0.0,1.0,1.0,0,47537.0,1
0.0,1.0,1.0,0,11069.0,1
0.0,1.0,1.0,0,37857.0,1
0.0,1.0,1.0,1,2479.0,2
0.0,1.0,1.0,0,13430.0,1
0.0,1.0,1.0,0,57281.0,1
0.0,1.0,1.0,0,10241.0,1
0.0,1.0,1.0,0,47717.0,1
0.0,1.0,1.0,0,44896.0,1
1.0,1.0,1.0,0,81135.0,1
0.0,1.0,1.0,0,4740.0,1
1.0,1.0,1.0,0,34030.0,1
1.0,1.0,1.0,0,0.0,0
0.0,1.0,1.0,0,214582.0,0
0.0,1.0,1.0,1,52216.0,2
1.0,1.0,1.0,0,26426.0,0
0.0,1.0,1.0,0,17030.0,0
0.0,1.0,1.0,0,14740.0,0
1.0,1.0,1.0,0,19258.0,0
0.0,1.0,1.0,0,9551.0,0
0.0,1.0,1.0,0,74965.0,0
0.0,1.0,1.0,0,99340.0,0
1.0,1.0,1.0,0,18363.0,0
0.0,1.0,1.0,0,26035.0,0
0.0,1.0,1.0,0,1824.0,0
0.0,1.0,1.0,0,67162.0,0
1.0,1.0,1.0,0,46887.0,0
0.0,1.0,1.0,1,36985.0,2
0.0,1.0,1.0,0,76860.0,0
0.0,1.0,1.0,0,36278.0,0
0.0,1.0,1.0,0,21226.0,0
1.0,1.0,1.0,0,31941.0,0
0.0,1.0,1.0,1,19492.0,2
0.0,1.0,1.0,0,6053.0,0
0.0,1.0,1.0,0,48258.0,0
0.0,2.0,1.0,0,164.0,0
0.0,1.0,1.0,0,27830.0,0
0.0,1.0,1.0,0,7838.0,0
0.0,1.0,1.0,0,84722.0,0
0.0,1.0,1.0,0,57361.0,0
0.0,1.0,1.0,0,187975.0,0
1.0,1.0,1.0,0,85674.0,0
0.0,1.0,1.0,0,21205.0,0
1.0,1.0,1.0,0,53619.0,0
0.0,1.0,1.0,0,38996.0,0
0.0,1.0,1.0,0,61118.0,0
0.0,1.0,1.0,0,67269.0,0
0.0,1.0,1.0,0,44494.0,0
1.0,1.0,1.0,0,53440.0,0
0.0,1.0,1.0,0,17149.0,0
1.0,1.0,1.0,0,16835.0,0
0.0,1.0,1.0,0,10720.0,0
0.0,1.0,1.0,0,99126.0,0
0.0,1.0,1.0,0,25739.0,0
0.0,1.0,1.0,0,18007.0,0
0.0,1.0,1.0,0,8510.0,0
0.0,1.0,1.0,0,61166.0,0
0.0,1.0,1.0,0,13080.0,0
0.0,1.0,1.0,0,4874.0,0
0.0,1.0,1.0,0,130825.0,0
0.0,1.0,1.0,0,8113.0,0
0.0,1.0,1.0,0,457.0,0
0.0,1.0,1.0,0,3402.0,0
0.0,1.0,1.0,0,82487.0,0
0.0,1.0,1.0,0,114438.0,0
0.0,1.0,1.0,0,882.0,0
0.0,1.0,1.0,0,6071.0,0
0.0,1.0,1.0,0,77991.0,0
0.0,1.0,1.0,0,28229.0,0
1.0,1.0,1.0,0,17047.0,0
0.0,1.0,1.0,0,62177.0,0
1.0,1.0,1.0,0,2336.0,0
0.0,1.0,1.0,0,0.0,0
1.0,1.0,1.0,0,14797.0,0
1.0,1.0,1.0,0,34652.0,0
0.0,1.0,1.0,0,5295.0,0
0.0,1.0,1.0,0,22617.0,0
0.0,1.0,1.0,1,33685.0,2
1.0,1.0,1.0,0,65532.0,0
0.0,1.0,1.0,0,48166.0,0
1.0,1.0,1.0,0,71329.0,0
1.0,1.0,1.0,0,42403.0,0
0.0,1.0,1.0,1,26912.0,2
0.0,1.0,1.0,0,19143.0,0
1.0,1.0,1.0,0,13194.0,0
0.0,1.0,1.0,0,97058.0,0
1.0,1.0,1.0,0,25149.0,0
0.0,1.0,1.0,0,28302.0,0
1.0,1.0,1.0,0,30418.0,0
0.0,1.0,1.0,0,19135.0,0
0.0,1.0,1.0,0,57847.0,0
1.0,1.0,1.0,0,6002.0,0
1.0,1.0,1.0,0,22353.0,0
0.0,1.0,1.0,0,6713.0,0
0.0,1.0,1.0,0,93789.0,0
0.0,1.0,1.0,0,44189.0,0
0.0,1.0,1.0,0,905.0,0
0.0,1.0,1.0,0,56690.0,0
1.0,1.0,1.0,0,26558.0,0
0.0,1.0,1.0,0,10644.0,0
0.0,1.0,1.0,0,15476.0,0
0.0,1.0,1.0,0,6734.0,0
1.0,1.0,1.0,0,14150.0,0
1.0,1.0,1.0,0,38222.0,0
0.0,1.0,1.0,1,94609.0,2
0.0,1.0,1.0,0,8530.0,0
0.0,1.0,1.0,0,2498.0,0
0.0,1.0,1.0,0,132930.0,0
0.0,1.0,1.0,0,22531.0,0
0.0,1.0,1.0,0,100263.0,0
0.0,1.0,1.0,0,51058.0,0
0.0,1.0,1.0,0,17838.0,0
0.0,1.0,1.0,0,120076.0,0
0.0,1.0,1.0,0,24798.0,0
0.0,1.0,1.0,0,7645.0,0
0.0,1.0,1.0,0,67512.0,0
0.0,1.0,1.0,0,5756.0,0
0.0,1.0,1.0,0,47311.0,0
0.0,1.0,1.0,0,3882.0,0
1.0,1.0,1.0,0,19126.0,0
1.0,1.0,1.0,0,72820.0,0
0.0,1.0,1.0,0,154813.0,0
0.0,1.0,1.0,0,100941.0,0
0.0,1.0,1.0,0,44776.0,0
0.0,1.0,1.0,0,23527.0,0
1.0,1.0,1.0,0,7240.0,0
0.0,1.0,1.0,0,36904.0,0
1.0,1.0,1.0,0,24529.0,0
0.0,1.0,1.0,0,1695.0,0
1.0,1.0,1.0,0,222728.0,0
1.0,1.0,1.0,0,12389.0,0
0.0,1.0,1.0,0,5276.0,0
1.0,1.0,1.0,0,39681.0,0
1.0,1.0,1.0,0,32215.0,0
0.0,1.0,1.0,0,56929.0,0
0.0,1.0,1.0,0,0.0,0
0.0,1.0,1.0,0,6862.0,0
1.0,1.0,1.0,0,37978.0,0
1.0,1.0,1.0,0,38359.0,0
1.0,1.0,1.0,0,39951.0,0
0.0,1.0,1.0,0,21243.0,0
0.0,1.0,1.0,0,8918.0,0
1.0,1.0,1.0,0,2882.0,0
0.0,1.0,1.0,0,38706.0,0
0.0,1.0,1.0,0,35607.0,0
0.0,1.0,1.0,0,626.0,0
1.0,1.0,1.0,0,23964.0,0
0.0,1.0,1.0,0,33852.0,0
0.0,1.0,1.0,0,83867.0,0
0.0,1.0,1.0,0,18371.0,0
0.0,1.0,1.0,0,11503.0,0
0.0,1.0,1.0,0,5070.0,0
1.0,1.0,1.0,0,36261.0,0
0.0,1.0,1.0,0,75474.0,0
0.0,1.0,1.0,0,7542.0,0
0.0,1.0,1.0,0,23254.0,0
0.0,1.0,1.0,0,49185.0,0
0.0,1.0,1.0,0,55606.0,0
1.0,1.0,1.0,0,9837.0,0
1.0,1.0,1.0,0,22354.0,0
0.0,1.0,1.0,0,9824.0,0
0.0,1.0,1.0,1,83322.0,2
0.0,1.0,1.0,0,119413.0,0
0.0,1.0,1.0,0,2330.0,0
0.0,1.0,1.0,0,2157.0,0
0.0,1.0,1.0,0,24665.0,0
0.0,1.0,1.0,0,56414.0,0
0.0,1.0,1.0,0,3638.0,0
0.0,1.0,1.0,0,1617.0,0
0.0,1.0,1.0,0,129099.0,0
1.0,1.0,1.0,0,29232.0,0
0.0,1.0,1.0,0,5747.0,0
0.0,1.0,1.0,1,6599.0,2
0.0,1.0,1.0,0,5358.0,0
0.0,2.0,1.0,0,244.0,0
1.0,1.0,1.0,0,8793.0,0
0.0,1.0,1.0,0,49222.0,0
0.0,1.0,1.0,0,77358.0,0
0.0,1.0,1.0,0,41087.0,0
0.0,1.0,1.0,0,10313.0,0
0.0,1.0,1.0,0,100958.0,0
1.0,1.0,1.0,0,34944.0,0
1.0,1.0,1.0,0,71898.0,0
0.0,1.0,1.0,0,25636.0,0
0.0,1.0,1.0,0,14533.0,1
1.0,1.0,1.0,0,89579.0,1
1.0,1.0,1.0,0,69078.0,1
1.0,1.0,1.0,0,37014.0,1
1.0,1.0,1.0,0,37151.0,1
0.0,1.0,1.0,0,79875.0,1
0.0,1.0,1.0,0,8043.0,1
0.0,1.0,1.0,0,8819.0,1
0.0,1.0,1.0,0,72008.0,1
0.0,1.0,1.0,0,131142.0,1
0.0,1.0,1.0,0,17642.0,1
0.0,1.0,1.0,0,480.0,1
0.0,1.0,1.0,0,63694.0,1
1.0,1.0,1.0,0,61042.0,1
1.0,1.0,1.0,0,38583.0,1
0.0,1.0,1.0,0,34065.0,1
1.0,1.0,1.0,0,45176.0,1
0.0,1.0,1.0,0,124908.0,1
0.0,1.0,1.0,0,21424.0,1
1.0,1.0,1.0,0,3358.0,1
1.0,1.0,1.0,0,0.0,0
0.0,1.0,1.0,0,44637.0,0
1.0,1.0,1.0,0,16014.0,0
1.0,1.0,1.0,0,82114.0,0
0.0,1.0,1.0,0,4733.0,0
0.0,1.0,1.0,0,23502.0,0
0.0,1.0,1.0,0,24813.0,0
0.0,1.0,1.0,0,11800.0,0
0.0,1.0,1.0,0,8005.0,0
0.0,1.0,1.0,0,64148.0,0
0.0,1.0,1.0,0,14138.0,0
0.0,1.0,1.0,0,130526.0,0
1.0,1.0,1.0,0,31329.0,0
0.0,1.0,1.0,0,2295.0,0
0.0,1.0,1.0,0,46767.0,0
1.0,1.0,1.0,0,16636.0,0
0.0,1.0,1.0,1,6099.0,2
1.0,1.0,1.0,0,66138.0,0
0.0,1.0,1.0,0,21076.0,0
0.0,1.0,1.0,0,3874.0,0
0.0,1.0,1.0,0,6917.0,0
0.0,1.0,1.0,0,50040.0,0
0.0,1.0,1.0,0,2028.0,0
0.0,1.0,1.0,0,123877.0,0
0.0,1.0,1.0,0,1398.0,0
0.0,1.0,1.0,0,57823.0,0
0.0,1.0,1.0,0,14108.0,0
0.0,1.0,1.0,0,98940.0,0
1.0,1.0,1.0,0,59334.0,0
0.0,1.0,1.0,0,58243.0,0
0.0,1.0,1.0,1,34045.0,2
0.0,1.0,1.0,0,62628.0,0
1.0,1.0,1.0,0,25897.0,0
0.0,1.0,1.0,0,37200.0,0
0.0,1.0,1.0,0,49657.0,0
1.0,1.0,1.0,0,48944.0,0
0.0,1.0,1.0,0,785.0,0
0.0,1.0,1.0,0,85054.0,0
0.0,1.0,1.0,0,8944.0,0
0.0,1.0,1.0,0,16546.0,0
0.0,1.0,1.0,0,15611.0,0
0.0,1.0,1.0,0,20591.0,0
0.0,1.0,1.0,1,41553.0,2
1.0,1.0,1.0,0,90260.0,0
0.0,1.0,1.0,0,24902.0,0
1.0,1.0,1.0,0,53485.0,0
0.0,1.0,1.0,0,16201.0,0
0.0,1.0,1.0,0,12083.0,0
1.0,1.0,1.0,0,4513.0,0
0.0,1.0,1.0,0,25298.0,0
1.0,1.0,1.0,0,3151.0,0
1.0,1.0,1.0,0,75316.0,0
0.0,1.0,1.0,0,29614.0,0
0.0,1.0,1.0,0,24153.0,0
1.0,1.0,1.0,0,9327.0,0
0.0,1.0,1.0,1,98750.0,2
1.0,1.0,1.0,0,5335.0,0
1.0,1.0,1.0,0,11278.0,0
0.0,1.0,1.0,0,142225.0,0
0.0,1.0,1.0,0,23881.0,0
0.0,1.0,1.0,0,61605.0,0
0.0,1.0,1.0,0,8996.0,0
1.0,1.0,1.0,0,14727.0,0
0.0,1.0,1.0,1,43962.0,2
0.0,1.0,1.0,0,481.0,1
0.0,1.0,1.0,0,13501.0,1
0.0,1.0,1.0,0,50162.0,1
0.0,1.0,1.0,0,26231.0,1
0.0,1.0,1.0,0,57956.0,1
1.0,1.0,1.0,0,0.0,0
0.0,1.0,1.0,1,54604.0,2
1.0,1.0,1.0,0,9774.0,0
0.0,1.0,1.0,0,75938.0,0
0.0,1.0,1.0,0,86291.0,0
0.0,1.0,1.0,0,26997.0,0
1.0,1.0,1.0,0,61898.0,0
1.0,1.0,1.0,0,52403.0,0
0.0,1.0,1.0,0,11093.0,0
0.0,1.0,1.0,0,848.0,0
1.0,1.0,1.0,0,13612.0,0
0.0,1.0,1.0,0,64143.0,0
0.0,1.0,1.0,0,22019.0,0
0.0,1.0,1.0,0,45954.0,0
0.0,2.0,1.0,0,154.0,0
0.0,1.0,1.0,0,30166.0,0
0.0,1.0,1.0,0,7316.0,0
0.0,1.0,1.0,0,16682.0,0
0.0,1.0,1.0,0,14729.0,0
1.0,1.0,1.0,0,18351.0,0
0.0,1.0,1.0,0,7971.0,0
0.0,1.0,1.0,0,81819.0,0
0.0,1.0,1.0,0,123174.0,0
0.0,1.0,1.0,0,13897.0,0
0.0,1.0,1.0,0,45868.0,0
0.0,1.0,1.0,0,73830.0,0
1.0,1.0,1.0,0,46540.0,0
0.0,1.0,1.0,0,68317.0,0
0.0,1.0,1.0,0,125065.0,0
1.0,1.0,1.0,0,82138.0,0
1.0,1.0,1.0,0,2687.0,0
0.0,1.0,1.0,0,2549.0,0
0.0,1.0,1.0,0,8467.0,0
0.0,1.0,1.0,0,148471.0,0
1.0,1.0,1.0,0,36881.0,0
0.0,1.0,1.0,0,4820.0,0
1.0,1.0,1.0,0,77195.0,0
0.0,1.0,1.0,0,14730.0,0
0.0,1.0,1.0,0,34155.0,0
0.0,1.0,1.0,0,42718.0,0
0.0,1.0,1.0,0,42196.0,0
1.0,1.0,1.0,0,47553.0,0
1.0,1.0,1.0,0,5016.0,0
0.0,1.0,1.0,0,58955.0,0
0.0,1.0,1.0,0,64192.0,0
0.0,1.0,1.0,0,66791.0,0
0.0,1.0,1.0,0,12215.0,0
0.0,1.0,1.0,0,51404.0,0
0.0,1.0,1.0,0,146145.0,0
0.0,1.0,1.0,0,19286.0,0
0.0,1.0,1.0,0,2285.0,0
0.0,1.0,1.0,0,1732.0,0
1.0,1.0,1.0,0,122661.0,0
0.0,1.0,1.0,0,20610.0,0
0.0,1.0,1.0,0,16769.0,1
1.0,1.0,1.0,0,192800.0,1
1.0,1.0,1.0,0,0.0,0
0.0,1.0,1.0,0,12912.0,0
1.0,1.0,1.0,0,36009.0,0
1.0,1.0,1.0,0,23738.0,0
0.0,1.0,1.0,0,3005.0,0
0.0,1.0,1.0,0,9548.0,0
0.0,1.0,1.0,0,12699.0,0
0.0,1.0,1.0,0,36539.0,0
0.0,1.0,1.0,0,35984.0,0
1.0,1.0,1.0,0,65714.0,0
0.0,1.0,1.0,1,24494.0,2
0.0,1.0,1.0,0,78356.0,0
1.0,1.0,1.0,0,13325.0,0
0.0,1.0,1.0,0,301309.0,0
0.0,1.0,1.0,0,54711.0,0
0.0,1.0,1.0,0,173010.0,0
0.0,1.0,1.0,0,70786.0,0
1.0,1.0,1.0,0,22578.0,0
0.0,1.0,1.0,0,93102.0,0
0.0,2.0,1.0,0,65.0,0
1.0,1.0,1.0,0,74059.0,0
0.0,1.0,1.0,0,43647.0,0
0.0,1.0,1.0,0,32238.0,0
1.0,1.0,1.0,0,76320.0,0
0.0,1.0,1.0,0,82593.0,0
0.0,1.0,1.0,0,179998.0,0
0.0,1.0,1.0,0,58236.0,0
0.0,1.0,1.0,0,139055.0,0
0.0,1.0,1.0,0,4397.0,0
1.0,1.0,1.0,0,38560.0,0
0.0,1.0,1.0,0,8061.0,0
1.0,1.0,1.0,0,105902.0,0
0.0,1.0,1.0,0,18793.0,0
0.0,1.0,1.0,0,157455.0,0
0.0,1.0,1.0,0,1847.0,0
0.0,1.0,1.0,0,1646.0,0
0.0,1.0,1.0,0,77730.0,0
0.0,1.0,1.0,1,16381.0,2
1.0,1.0,1.0,0,8791.0,0
0.0,1.0,1.0,0,143295.0,0
0.0,1.0,1.0,1,71219.0,2
0.0,1.0,1.0,0,35642.0,0
1.0,1.0,1.0,0,7615.0,0
0.0,1.0,1.0,0,13894.0,0
0.0,1.0,1.0,0,5794.0,0
1.0,1.0,1.0,0,44585.0,0
0.0,1.0,1.0,0,8853.0,0
0.0,1.0,1.0,0,48379.0,0
0.0,1.0,1.0,0,0.0,0
0.0,1.0,1.0,1,85924.0,2
0.0,1.0,1.0,0,16014.0,0
0.0,1.0,1.0,0,69151.0,0
0.0,1.0,1.0,0,4893.0,0
0.0,1.0,1.0,0,226929.0,0
0.0,1.0,1.0,0,25122.0,0
0.0,1.0,1.0,0,57546.0,0
0.0,1.0,1.0,0,3304.0,0
0.0,1.0,1.0,0,5691.0,0
1.0,1.0,1.0,0,99764.0,0
0.0,1.0,1.0,0,8543.0,0
0.0,1.0,1.0,0,27070.0,0
0.0,1.0,1.0,0,38463.0,0
0.0,1.0,1.0,0,15637.0,0
0.0,1.0,1.0,0,155934.0,0
0.0,1.0,1.0,0,29593.0,0
0.0,1.0,1.0,0,76565.0,0
0.0,1.0,1.0,0,115781.0,0
0.0,1.0,1.0,0,4535.0,0
0.0,1.0,1.0,0,24388.0,0
0.0,1.0,1.0,0,4649.0,0
0.0,1.0,1.0,0,15224.0,0
1.0,1.0,1.0,0,131881.0,0
1.0,1.0,1.0,0,2419.0,0
0.0,1.0,1.0,1,144863.0,2
0.0,1.0,1.0,0,1916.0,0
1.0,1.0,1.0,0,59073.0,0
0.0,1.0,1.0,0,16257.0,0
1.0,1.0,1.0,0,47139.0,0
0.0,1.0,1.0,0,77574.0,0
0.0,1.0,1.0,0,48194.0,0
1.0,1.0,1.0,0,33896.0,0
0.0,1.0,1.0,0,30065.0,0
0.0,1.0,1.0,0,35631.0,0
1.0,1.0,1.0,0,12421.0,0
0.0,1.0,1.0,0,13728.0,0
0.0,1.0,1.0,0,43679.0,0
0.0,1.0,1.0,0,117.0,0
0.0,1.0,1.0,0,18337.0,0
0.0,1.0,1.0,0,28134.0,0
0.0,1.0,1.0,0,2824.0,0
1.0,1.0,1.0,0,67729.0,0
0.0,1.0,1.0,0,28560.0,0
0.0,1.0,1.0,0,65258.0,0
0.0,1.0,1.0,0,110018.0,0
0.0,1.0,1.0,0,21724.0,0
0.0,1.0,1.0,0,91240.0,0
0.0,1.0,1.0,0,16518.0,0
0.0,1.0,1.0,0,85619.0,0
1.0,1.0,1.0,0,36432.0,0
0.0,1.0,1.0,0,23393.0,1
0.0,1.0,1.0,0,12575.0,1
0.0,1.0,1.0,0,86627.0,1
1.0,1.0,1.0,0,0.0,0
0.0,1.0,1.0,0,76108.0,0
0.0,1.0,2.0,0,36.0,0
0.0,1.0,1.0,0,52861.0,0
1.0,1.0,1.0,0,183895.0,0
0.0,1.0,1.0,0,80045.0,0
1.0,1.0,1.0,0,9048.0,0
0.0,1.0,1.0,0,37340.0,0
0.0,1.0,1.0,0,81587.0,0
0.0,1.0,1.0,0,81642.0,0
0.0,1.0,1.0,0,18028.0,0
1.0,1.0,1.0,0,6138.0,0
0.0,1.0,1.0,0,3742.0,0
0.0,1.0,1.0,0,27883.0,0
0.0,1.0,1.0,0,13401.0,0
0.0,1.0,1.0,0,53512.0,0
1.0,1.0,1.0,0,23085.0,0
0.0,1.0,1.0,0,19814.0,0
0.0,1.0,1.0,0,3579.0,0
0.0,1.0,1.0,1,40282.0,2
0.0,1.0,1.0,1,19029.0,2
0.0,1.0,1.0,0,135331.0,0
0.0,1.0,1.0,0,13317.0,0
1.0,1.0,1.0,0,612.0,0
0.0,1.0,1.0,0,32885.0,0
0.0,1.0,1.0,0,99585.0,0
1.0,1.0,1.0,0,2852.0,0
0.0,1.0,1.0,0,133144.0,0
0.0,1.0,1.0,0,20790.0,0
1.0,1.0,1.0,0,104410.0,0
0.0,1.0,1.0,0,116372.0,0
0.0,1.0,1.0,0,149.0,0
0.0,1.0,1.0,0,51660.0,0
1.0,1.0,1.0,0,56441.0,0
1.0,1.0,1.0,0,110155.0,0
0.0,1.0,1.0,0,22893.0,0
0.0,1.0,1.0,0,25390.0,0
0.0,1.0,1.0,0,36355.0,0
1.0,1.0,1.0,0,39430.0,0
0.0,1.0,1.0,0,4160.0,0
1.0,1.0,1.0,0,154866.0,0
0.0,1.0,1.0,0,32371.0,0
0.0,1.0,1.0,0,3659.0,0
0.0,1.0,1.0,0,75078.0,0
0.0,1.0,1.0,0,10192.0,0
0.0,1.0,1.0,0,20006.0,0
0.0,1.0,1.0,0,28618.0,0
0.0,1.0,1.0,0,64473.0,0
0.0,1.0,1.0,0,24266.0,0
0.0,1.0,1.0,0,138310.0,0
0.0,1.0,1.0,0,77942.0,1
0.0,1.0,1.0,0,6490.0,1
0.0,1.0,1.0,1,49083.0,2
0.0,1.0,1.0,0,0.0,0
0.0,1.0,1.0,0,23309.0,0
0.0,1.0,1.0,0,34981.0,0
0.0,1.0,1.0,0,29693.0,0
0.0,1.0,1.0,0,24361.0,0
0.0,1.0,1.0,0,12229.0,0
0.0,1.0,1.0,0,14363.0,0
0.0,1.0,1.0,0,2735.0,0
0.0,1.0,1.0,0,5678.0,0
0.0,1.0,1.0,0,34621.0,0
0.0,1.0,1.0,0,57587.0,0
1.0,1.0,1.0,0,33652.0,0
0.0,1.0,1.0,0,20084.0,0
0.0,1.0,1.0,0,26545.0,0
0.0,1.0,1.0,0,3648.0,0
1.0,1.0,1.0,0,27958.0,0
1.0,1.0,1.0,0,9572.0,0
0.0,1.0,1.0,0,5917.0,0
0.0,1.0,1.0,0,18969.0,0
0.0,1.0,1.0,0,124206.0,0
1.0,1.0,1.0,0,141256.0,0
1.0,1.0,1.0,0,31594.0,0
0.0,1.0,1.0,0,89307.0,0
0.0,1.0,1.0,0,55205.0,0
0.0,1.0,1.0,0,46619.0,0
0.0,1.0,1.0,0,14984.0,0
1.0,1.0,1.0,0,90254.0,0
0.0,1.0,1.0,0,38165.0,0
0.0,1.0,1.0,0,6451.0,0
0.0,1.0,1.0,0,3302.0,0
0.0,1.0,1.0,0,32898.0,0
0.0,1.0,1.0,0,20370.0,0
0.0,1.0,1.0,0,37417.0,0
0.0,1.0,1.0,0,44877.0,0
0.0,1.0,1.0,0,26340.0,0
0.0,1.0,1.0,0,39018.0,0
0.0,1.0,1.0,0,29438.0,0
1.0,1.0,1.0,0,99429.0,0
0.0,1.0,1.0,0,58636.0,0
0.0,1.0,1.0,0,22296.0,0
1.0,1.0,1.0,0,2336.0,0
0.0,1.0,1.0,0,19920.0,0
1.0,1.0,1.0,0,62364.0,0
0.0,1.0,1.0,0,135512.0,0
1.0,1.0,1.0,0,17469.0,0
0.0,1.0,1.0,0,49973.0,0
0.0,1.0,1.0,0,52890.0,0
0.0,1.0,1.0,0,37583.0,0
1.0,1.0,1.0,0,3263.0,0
1.0,1.0,1.0,0,36625.0,0
0.0,1.0,1.0,0,3219.0,0
0.0,1.0,1.0,0,46971.0,0
0.0,1.0,1.0,0,23510.0,0
1.0,1.0,1.0,0,51923.0,0
1.0,1.0,1.0,0,13457.0,0
0.0,1.0,1.0,0,74162.0,0
1.0,1.0,1.0,0,60081.0,0
0.0,1.0,1.0,0,36093.0,0
0.0,1.0,1.0,0,2932.0,0
0.0,1.0,1.0,0,6492.0,0
1.0,1.0,1.0,0,19199.0,0
1.0,1.0,1.0,0,80908.0,0
0.0,1.0,1.0,0,8997.0,1
0.0,1.0,1.0,0,28987.0,1
1.0,1.0,1.0,0,97907.0,1
1.0,1.0,1.0,0,29638.0,1
0.0,1.0,1.0,0,23011.0,1
1.0,1.0,1.0,0,18245.0,1
1.0,1.0,1.0,0,18124.0,1
0.0,1.0,1.0,0,7865.0,1
1.0,1.0,1.0,0,18389.0,1
0.0,1.0,1.0,0,0.0,0
0.0,1.0,1.0,0,73572.0,0
1.0,1.0,1.0,0,36254.0,0
1.0,1.0,1.0,0,61329.0,0
0.0,1.0,1.0,0,130915.0,0
0.0,1.0,1.0,0,28994.0,0
0.0,1.0,1.0,0,6396.0,0
0.0,1.0,1.0,0,9308.0,0
0.0,1.0,1.0,0,37499.0,0
1.0,1.0,1.0,0,4474.0,0
0.0,1.0,1.0,0,8134.0,0
0.0,1.0,1.0,0,12033.0,0
0.0,1.0,1.0,0,36337.0,0
1.0,1.0,1.0,0,4884.0,0
0.0,1.0,1.0,0,20154.0,0
0.0,1.0,1.0,0,30176.0,0
0.0,1.0,1.0,1,9906.0,2
1.0,1.0,1.0,0,35133.0,0
0.0,1.0,1.0,0,87644.0,0
0.0,1.0,1.0,0,45607.0,0
0.0,1.0,1.0,0,5959.0,0
0.0,1.0,1.0,0,15795.0,0
0.0,1.0,1.0,0,115636.0,0
0.0,1.0,1.0,0,46509.0,0
0.0,1.0,1.0,0,31601.0,0
0.0,1.0,1.0,0,10330.0,0
0.0,1.0,1.0,0,2319.0,0
0.0,1.0,1.0,0,24236.0,0
0.0,1.0,1.0,0,59821.0,1
1.0,1.0,1.0,0,18940.0,1
0.0,1.0,1.0,0,4489.0,1
0.0,1.0,1.0,0,86535.0,1
1.0,1.0,1.0,0,36133.0,1
0.0,1.0,1.0,0,3174.0,1
0.0,1.0,1.0,0,5477.0,1
0.0,1.0,1.0,0,26137.0,1
0.0,1.0,1.0,0,244924.0,1
0.0,1.0,1.0,0,148496.0,1
0.0,1.0,1.0,0,43266.0,1
0.0,1.0,1.0,0,1757.0,1
0.0,1.0,1.0,0,44022.0,1
0.0,1.0,1.0,0,9634.0,1
0.0,1.0,1.0,1,34373.0,2
0.0,1.0,1.0,0,312473.0,1
1.0,1.0,1.0,0,25125.0,1
0.0,1.0,1.0,0,14813.0,1
0.0,1.0,1.0,0,74802.0,1
0.0,1.0,1.0,0,39375.0,1
1.0,1.0,1.0,0,987.0,1
0.0,1.0,1.0,0,55715.0,1
1.0,1.0,1.0,0,38539.0,1
0.0,1.0,1.0,0,53964.0,1
0.0,1.0,1.0,0,46871.0,1
0.0,1.0,1.0,0,14639.0,1
1.0,1.0,1.0,0,9880.0,1
1.0,1.0,1.0,0,1283.0,1
0.0,1.0,1.0,0,20000.0,1
1.0,1.0,1.0,0,6453.0,1
0.0,1.0,1.0,0,5249.0,1
0.0,1.0,1.0,0,8253.0,1
1.0,1.0,1.0,0,0.0,0
0.0,1.0,1.0,0,123397.0,0
0.0,1.0,1.0,0,110123.0,0
0.0,1.0,1.0,0,19309.0,0
1.0,1.0,1.0,0,108263.0,0
0.0,1.0,1.0,0,19410.0,0
1.0,1.0,1.0,0,62500.0,0
0.0,1.0,1.0,0,24005.0,0
0.0,1.0,1.0,0,23773.0,0
1.0,1.0,1.0,0,4756.0,0
0.0,1.0,1.0,0,27729.0,0
0.0,1.0,1.0,0,81210.0,0
0.0,1.0,1.0,0,47574.0,0
0.0,1.0,1.0,0,32748.0,0
0.0,1.0,1.0,0,73323.0,0
0.0,1.0,1.0,0,5870.0,0
0.0,1.0,1.0,0,22038.0,0
0.0,1.0,1.0,0,58988.0,0
0.0,1.0,1.0,0,52652.0,0
0.0,1.0,1.0,0,22806.0,0
0.0,1.0,1.0,0,14611.0,0
0.0,1.0,1.0,1,16166.0,2
0.0,1.0,1.0,0,8433.0,0
0.0,1.0,1.0,0,15085.0,0
0.0,1.0,1.0,0,13878.0,0
1.0,1.0,1.0,0,96509.0,0
0.0,1.0,1.0,0,11575.0,0
0.0,1.0,1.0,0,11175.0,0
0.0,1.0,1.0,0,143857.0,0
0.0,1.0,1.0,0,20231.0,0
0.0,1.0,1.0,0,2921.0,0
0.0,1.0,1.0,0,6935.0,0
0.0,1.0,1.0,0,19810.0,0
1.0,1.0,1.0,0,129282.0,0
0.0,1.0,1.0,0,22010.0,0
0.0,1.0,1.0,0,37413.0,0
0.0,1.0,1.0,0,23405.0,0
1.0,1.0,1.0,0,14646.0,0
0.0,1.0,1.0,0,1431.0,0
0.0,1.0,1.0,0,107742.0,0
1.0,1.0,1.0,0,65468.0,0
0.0,1.0,1.0,0,87462.0,0
0.0,1.0,1.0,0,28300.0,0
0.0,1.0,1.0,0,126021.0,0
0.0,1.0,1.0,0,14425.0,0
0.0,1.0,1.0,0,3766.0,0
0.0,1.0,1.0,0,159680.0,0
1.0,1.0,1.0,0,25942.0,0
0.0,2.0,1.0,1,199.0,2
0.0,1.0,1.0,0,218258.0,0
0.0,1.0,1.0,0,79986.0,0
0.0,1.0,1.0,0,36911.0,0
0.0,1.0,1.0,0,0.0,0
1.0,1.0,1.0,0,43448.0,0
0.0,1.0,1.0,0,56423.0,0
0.0,1.0,1.0,0,7194.0,0
1.0,1.0,1.0,0,4802.0,0
0.0,1.0,1.0,0,30280.0,0
0.0,1.0,1.0,1,10028.0,2
0.0,1.0,1.0,0,126383.0,0
0.0,1.0,1.0,0,30627.0,0
0.0,1.0,1.0,0,28932.0,0
0.0,1.0,1.0,0,2172.0,0
0.0,1.0,1.0,0,27518.0,0
0.0,1.0,1.0,0,10871.0,0
0.0,1.0,1.0,0,88133.0,0
0.0,1.0,1.0,0,36989.0,0
0.0,1.0,1.0,0,22980.0,0
0.0,1.0,1.0,0,42885.0,0
0.0,1.0,1.0,0,115798.0,0
1.0,1.0,1.0,0,3731.0,0
0.0,1.0,1.0,0,9543.0,0
0.0,1.0,1.0,0,21919.0,0
0.0,1.0,1.0,0,21291.0,0
0.0,1.0,1.0,0,59219.0,0
0.0,1.0,1.0,0,37871.0,0
0.0,1.0,1.0,0,32969.0,0
0.0,1.0,1.0,0,28759.0,0
1.0,1.0,1.0,0,44832.0,0
0.0,1.0,1.0,0,33965.0,0
1.0,1.0,1.0,0,10531.0,0
0.0,1.0,1.0,0,64927.0,0
0.0,1.0,1.0,0,37246.0,0
0.0,1.0,1.0,0,64526.0,0
0.0,1.0,1.0,0,6426.0,0
0.0,1.0,1.0,0,14347.0,0
1.0,1.0,1.0,0,32163.0,0
1.0,1.0,1.0,0,212.0,0
0.0,1.0,1.0,0,7113.0,0
0.0,1.0,1.0,0,38287.0,0
0.0,1.0,1.0,0,94148.0,0
0.0,1.0,1.0,0,123038.0,0
0.0,1.0,1.0,0,24742.0,0
1.0,1.0,1.0,0,36534.0,0
0.0,1.0,1.0,0,34239.0,0
1.0,1.0,1.0,0,7242.0,0
1.0,1.0,1.0,0,49661.0,0
0.0,1.0,1.0,0,3685.0,0
0.0,1.0,1.0,0,134347.0,1
0.0,1.0,1.0,0,50138.0,1
0.0,1.0,1.0,0,86415.0,1
1.0,1.0,1.0,0,15483.0,1
0.0,1.0,1.0,0,18897.0,1
0.0,1.0,1.0,0,45791.0,1
0.0,1.0,1.0,0,30504.0,1
1.0,1.0,1.0,0,61729.0,1
0.0,1.0,1.0,0,101702.0,1
0.0,1.0,1.0,0,69924.0,1
0.0,1.0,1.0,0,3841.0,1
0.0,1.0,1.0,0,62934.0,1
1.0,1.0,1.0,0,11771.0,1
0.0,1.0,1.0,0,91422.0,1
1.0,1.0,1.0,0,23094.0,1
